battery_power,blue,clock_speed,dual_sim,fc,four_g,int_memory,m_dep,mobile_wt,n_cores,pc,px_height,px_width,ram,sc_h,sc_w,talk_time,three_g,touch_screen,wifi,price_range
651,1,0.59,0,5,0,134,0.89,227,8,16,2397,2575,6944,21,11,25,1,0,1,3
1816,0,2.34,0,27,1,186,0.88,199,5,23,648,1540,3100,18,5,17,1,1,0,1
1613,1,3.07,1,6,0,118,0.32,149,5,56,2033,2183,1749,9,11,25,0,1,1,1
1246,0,2.74,1,6,0,107,0.14,97,5,8,1895,2901,7014,22,8,8,0,1,0,3
1236,0,1.25,0,15,0,206,0.43,108,5,8,1905,448,3214,22,9,10,0,0,0,1
1960,0,0.64,1,14,0,203,0.27,122,8,21,1326,614,7577,6,12,5,1,1,0,3
646,0,3.04,1,10,0,54,0.54,148,7,39,995,2786,1349,6,4,21,1,0,1,0
1686,1,3.03,0,11,0,213,1.18,223,1,52,406,1842,680,10,7,23,0,0,1,0
842,0,1.94,1,9,1,85,0.3,103,5,37,322,1976,7591,19,6,10,1,0,0,3
660,0,2.23,0,30,1,37,0.45,174,3,33,658,1234,1266,16,9,13,1,1,1,0
1395,0,1.75,1,19,1,225,0.9,139,2,56,1486,2536,577,14,4,18,1,0,0,1
2159,1,1.63,0,30,1,62,0.66,92,7,12,572,2052,5452,13,4,24,1,1,0,2
1751,1,0.82,1,32,0,53,0.15,181,7,58,1861,1010,2948,14,10,11,1,1,0,0
1794,1,0.76,1,21,1,70,0.28,194,8,21,1703,2059,4235,16,3,16,1,0,1,2
1720,0,1.13,1,27,0,127,1.13,234,4,19,1053,330,3648,7,7,8,0,1,1,1
1837,1,2.76,1,3,0,44,0.21,164,4,62,446,965,2792,15,13,25,0,1,0,0
1372,1,0.89,1,31,1,42,0.8,135,7,42,1461,866,4207,9,13,27,1,0,1,1
717,1,1.11,1,15,0,102,0.97,218,2,29,2183,2426,2508,19,4,23,0,1,1,0
1928,0,1.98,1,23,0,57,0.39,123,1,22,1169,2290,2237,9,13,25,0,0,0,0
1266,1,1.08,0,8,1,51,0.9,191,4,29,2144,564,2237,7,6,24,1,1,1,0
1351,0,0.94,0,3,0,234,0.29,232,6,51,915,2750,1421,13,5,26,0,0,0,1
1130,0,2.02,0,29,1,153,0.41,85,4,11,429,2513,4547,13,8,15,1,0,0,1
810,0,1.49,1,14,1,5,0.44,229,2,12,1774,1485,4725,14,8,8,1,0,1,0
2076,0,2.19,1,4,0,27,1.2,117,5,21,2337,888,646,20,7,29,0,0,1,0
1829,0,2.96,0,21,0,209,0.34,160,8,32,2326,1446,4041,17,7,3,1,0,0,2
1595,0,0.91,0,1,0,70,0.24,125,3,53,2504,1900,6187,12,4,14,1,1,0,3
1184,0,2.97,1,14,1,40,1.12,107,4,15,494,2009,521,18,5,23,1,1,0,0
1899,1,2.94,1,23,0,171,0.28,194,3,51,342,1251,2819,14,5,25,0,0,0,1
1427,0,2.74,1,23,0,215,1.07,160,3,59,1584,592,7893,9,13,22,1,1,0,3
1254,1,2.2,0,14,0,103,0.82,164,6,29,2483,1954,3790,6,8,16,0,0,0,2
1266,1,2.17,0,12,1,191,0.73,160,3,62,2596,2210,639,6,9,28,1,0,1,1
886,1,2.23,0,27,1,109,0.93,201,5,58,899,1036,4560,9,7,9,1,1,1,1
656,1,2.36,1,6,0,29,0.9,235,1,52,1125,2034,3667,19,12,6,0,0,1,0
1443,0,0.54,1,2,0,205,0.22,165,6,25,1809,1845,2135,13,11,20,0,1,1,2
2010,1,3.09,1,5,0,236,1.2,109,1,20,2397,1664,1075,13,10,11,1,0,1,1
608,1,2.08,0,26,0,253,1.14,136,4,56,652,341,7299,12,6,16,0,0,1,3
1959,0,2.61,0,15,0,27,1.09,162,7,29,2543,1143,6755,10,6,15,0,1,1,2
1907,0,1.52,1,1,0,146,0.78,101,3,3,2170,1323,5751,18,13,10,0,0,1,2
970,1,0.53,1,5,0,160,0.68,120,6,47,400,2555,647,6,13,30,0,0,0,0
1574,0,1.88,0,0,0,22,0.69,116,3,23,2227,2535,7196,16,6,13,1,1,0,3
781,0,1.87,1,26,1,244,0.12,236,8,60,1754,2662,4147,21,6,21,1,1,0,3
1789,1,1.68,1,15,0,28,0.65,147,8,55,2549,1561,4163,20,6,7,0,1,1,1
1691,1,1.42,0,2,0,70,0.79,222,8,8,734,1196,7253,12,11,30,0,1,1,2
1103,0,1.17,1,7,0,248,0.82,171,4,58,2583,1658,3833,20,13,30,0,0,0,3
615,1,1.92,1,20,0,143,0.47,163,3,61,352,2442,2326,10,12,4,1,1,1,0
2151,0,1.51,1,19,0,175,0.62,231,5,49,419,1986,2333,10,12,21,0,1,0,0
1258,1,3.12,0,27,1,127,0.8,192,7,19,1297,1931,7631,11,6,19,1,1,0,3
2019,1,0.97,1,0,0,193,0.57,122,5,44,1793,1484,4696,6,6,7,0,0,1,2
1653,0,1.36,0,2,0,22,1.16,128,6,56,634,2187,4958,10,12,24,1,1,0,1
1824,0,1.29,1,1,0,174,0.88,188,8,53,884,2644,5068,20,7,24,0,1,1,2
1792,1,1.97,0,13,0,18,0.1,85,7,29,1160,2110,2206,18,5,26,1,1,0,0
831,0,1.85,1,23,0,47,0.13,108,3,46,536,1401,3737,11,12,19,0,1,1,0
1119,0,2.24,1,21,0,131,0.86,96,2,26,655,2571,7820,11,8,22,0,0,0,3
1293,0,3.07,0,6,0,116,0.55,196,4,18,591,2846,1628,11,3,23,0,1,1,0
1346,1,1.27,0,21,1,40,1.02,153,5,44,2492,2455,7818,8,12,24,1,1,1,3
574,0,2.37,0,21,1,205,0.29,86,7,31,2450,2671,2609,8,6,19,1,1,0,2
1429,1,0.57,1,6,1,78,0.12,200,3,16,1724,1031,2783,22,6,23,1,1,1,1
762,1,1.21,1,24,0,222,0.53,187,2,43,1854,1448,621,17,8,4,0,0,1,0
1764,0,1.75,1,13,0,5,0.91,197,3,22,563,988,5609,17,5,20,0,0,1,1
1661,1,0.58,0,1,0,62,1.17,110,5,39,359,1300,2963,10,12,8,0,0,0,1
2069,1,2.17,0,12,1,77,1.07,221,2,24,1130,2286,4040,20,10,14,1,1,0,1
1766,0,2.33,0,25,0,153,0.63,113,4,57,2563,2134,4972,9,9,24,1,1,1,3
1123,1,2.52,1,22,0,104,0.99,174,3,55,1368,328,5383,22,5,6,0,1,1,2
2145,0,1.89,1,8,0,42,0.18,172,8,31,2147,2344,7852,14,8,24,0,0,0,3
1198,0,2.13,0,24,0,147,0.73,119,5,46,1113,834,4780,11,5,10,0,0,0,2
1054,0,1.57,0,12,0,246,1.12,143,6,13,969,818,1878,18,13,24,0,1,1,1
2040,1,0.61,1,15,0,36,0.54,93,5,64,2157,1777,5915,13,11,24,0,0,0,2
1130,1,0.77,1,2,0,66,1.16,158,1,15,1351,966,938,10,4,3,1,0,1,0
629,0,2.27,0,32,0,124,0.34,190,3,56,1968,2901,6991,17,8,9,0,0,1,3
1298,1,3.19,1,27,0,187,0.22,133,7,55,1955,712,2787,18,11,25,1,0,0,1
1853,1,0.54,0,6,0,36,0.68,168,5,13,1956,726,6059,16,8,12,0,1,0,2
822,1,2.01,0,18,1,60,1.1,233,6,2,1836,2359,1716,13,4,15,1,1,0,0
1287,1,2.53,0,25,1,61,0.44,121,7,48,2151,1088,3635,11,4,3,1,1,1,1
720,0,2.73,1,16,1,159,0.98,130,5,56,1333,2235,5854,12,11,22,1,0,0,3
1667,1,1.97,1,6,0,23,0.29,103,5,47,955,2147,5284,20,8,5,0,1,1,1
1309,0,2.17,0,31,1,170,0.92,169,2,5,1449,826,556,12,8,10,1,1,0,0
1061,0,2.38,1,8,0,110,0.71,116,2,42,1006,1874,778,22,5,16,0,0,0,0
885,0,2.82,1,11,0,85,0.29,218,2,26,342,1759,8046,8,5,24,0,0,1,2
1460,1,0.83,1,12,0,221,0.89,130,3,59,1094,573,4574,8,7,16,0,1,1,3
1639,1,3.0,1,29,0,210,0.89,188,6,52,1421,2368,7084,11,8,30,0,0,0,3
2099,0,0.57,0,16,0,206,0.67,114,8,52,1468,2618,1070,6,8,17,0,0,1,2
1243,0,2.76,0,23,1,227,0.35,135,4,27,1043,2858,4280,20,12,10,1,0,0,2
773,0,0.71,0,29,0,61,0.25,111,5,22,1952,555,4938,11,5,8,0,1,0,1
1916,1,1.03,0,30,0,220,1.15,171,7,53,913,798,7585,7,8,24,0,0,0,3
1571,0,0.51,0,28,0,46,0.82,89,6,9,1768,2532,5970,16,5,15,1,0,1,2
1691,1,1.7,0,29,1,86,0.99,97,3,8,876,1135,5336,22,3,19,1,1,0,2
665,0,1.4,1,31,0,143,0.87,163,3,5,2569,1997,2766,22,7,13,1,0,0,1
1031,0,0.95,0,32,0,191,1.01,170,6,34,1772,1253,8145,7,3,10,0,0,0,3
1806,1,1.72,0,21,0,149,0.28,136,3,6,1554,903,3028,19,7,19,0,0,1,1
1915,0,1.59,0,4,0,144,0.65,152,2,38,1253,1995,2649,12,9,11,0,0,1,1
1240,0,2.57,0,3,1,97,0.83,149,5,12,2024,871,6070,20,7,30,1,1,1,3
1868,0,2.91,1,26,0,153,0.21,203,6,58,1245,685,8169,16,10,23,1,1,1,3
1931,1,2.26,1,10,0,123,0.26,154,3,29,2136,1742,7093,18,6,25,1,1,0,3
1159,0,0.84,0,26,1,123,0.8,217,1,7,615,838,1896,20,7,10,1,0,1,0
2027,0,1.3,1,30,0,151,1.06,118,7,45,2176,835,6774,21,12,3,0,0,0,3
990,0,2.97,1,21,0,155,0.83,116,4,23,2510,2412,3226,8,5,4,1,0,0,2
907,1,0.74,1,25,0,86,0.14,147,6,18,812,1737,2217,18,8,27,0,0,1,0
1660,1,1.6,0,9,0,36,1.17,97,2,43,768,1773,7696,8,10,27,0,1,0,3
1583,1,3.04,1,14,1,78,0.25,189,3,62,2494,704,7807,22,6,22,1,0,0,3
737,0,3.07,1,31,0,106,0.36,145,5,63,1198,749,3358,16,6,19,0,1,0,0
1916,1,1.61,1,26,0,43,1.17,142,1,29,1881,1367,713,9,10,8,0,1,0,0
840,0,2.3,0,6,1,47,0.95,168,3,55,689,1361,2123,10,3,24,1,0,0,0
1869,1,1.73,1,30,0,244,1.13,97,6,15,1249,1530,4669,21,5,17,0,0,0,3
512,1,2.53,0,16,0,73,0.99,143,7,55,1900,680,968,16,7,19,0,1,0,0
1855,1,0.59,0,27,0,190,0.82,236,3,61,2352,2728,2256,9,5,3,0,1,0,1
1838,1,0.89,1,17,0,34,0.41,183,1,34,1269,1292,1656,19,8,17,1,1,0,0
1827,1,2.16,1,19,1,249,0.46,174,1,34,417,2508,7825,18,9,22,1,1,0,3
1630,0,1.13,0,5,0,56,1.14,163,5,37,1216,1392,3240,7,13,24,1,0,1,1
1302,1,2.3,1,11,0,102,1.05,158,6,6,1757,1585,3431,10,9,7,0,0,0,1
1699,1,1.45,1,23,0,201,0.5,231,5,56,2306,620,3747,20,9,3,0,0,0,2
971,1,2.89,1,27,0,53,0.51,230,4,48,2208,2134,612,11,10,26,0,1,1,0
1828,1,2.71,0,2,0,142,0.43,148,1,56,2033,480,4678,6,5,11,0,1,1,2
1445,0,1.83,0,2,0,202,0.46,229,2,9,630,2325,7520,16,8,16,1,0,1,3
1280,1,2.59,1,22,0,8,1.05,97,1,52,1467,2683,6761,21,12,20,1,0,1,3
1360,0,1.23,1,14,1,8,0.11,134,4,24,1600,1289,2437,15,4,16,1,0,1,0
1467,1,1.83,1,28,0,203,0.58,132,3,53,1346,2699,615,22,6,29,0,1,1,1
563,1,1.03,1,2,0,68,1.14,193,1,64,2419,2193,6452,7,5,26,0,0,1,3
737,0,2.82,1,11,0,233,0.7,179,5,57,2506,326,6972,17,13,14,0,0,0,3
917,1,2.72,1,1,0,238,0.6,158,3,59,736,863,7591,17,6,8,1,1,0,3
694,1,2.94,0,23,1,226,0.44,124,8,9,2498,2039,4945,22,6,30,1,0,1,3
1247,1,2.87,1,28,0,256,0.18,164,4,22,2238,2201,4149,14,11,22,0,1,1,3
1636,0,3.09,0,5,0,211,0.35,126,1,20,1903,571,6322,19,13,24,0,1,0,3
1613,0,1.12,1,10,0,99,0.2,162,6,34,1140,2155,5814,8,3,15,0,0,0,2
1301,1,3.02,0,27,0,255,0.24,137,6,63,2034,2491,6326,6,12,16,1,1,0,3
1954,1,2.04,1,1,0,90,0.28,223,8,45,1623,566,2696,18,10,8,0,1,1,1
1461,1,1.64,0,31,0,151,0.43,201,6,36,2362,2678,7449,6,12,15,0,0,0,3
634,1,2.01,0,29,0,3,0.11,112,3,52,1919,1749,797,20,3,18,0,0,0,0
1801,0,1.43,0,5,0,247,1.15,231,6,13,2516,1973,1229,6,3,6,0,0,0,1
1477,1,1.28,0,4,0,152,0.24,187,7,43,1229,455,5541,17,6,20,0,1,0,2
1579,0,1.15,1,22,0,243,0.52,139,5,33,434,1963,4901,13,12,20,1,1,0,3
1461,1,0.72,0,0,0,91,1.07,167,7,14,1401,1538,4767,16,8,26,0,0,0,1
1441,1,1.84,1,16,0,81,0.22,115,8,42,2594,1315,7494,16,10,4,0,1,1,3
654,1,2.9,1,2,0,135,0.63,92,7,54,1786,2412,7201,13,5,9,0,0,1,3
1451,1,2.2,1,17,0,222,1.03,150,5,54,1899,988,6036,14,6,15,1,0,1,3
1852,0,1.91,0,11,1,141,0.71,207,4,55,1716,480,1776,14,12,27,1,1,0,1
1017,0,1.66,0,23,0,204,0.33,139,7,53,1639,1658,1253,17,8,9,0,0,0,0
1525,0,1.75,0,29,0,56,0.91,144,7,31,384,2313,1585,18,11,30,1,1,1,0
552,1,1.07,0,16,1,199,0.85,239,3,5,1215,678,5227,13,10,29,1,1,0,2
1091,0,2.72,0,21,0,188,0.5,239,1,62,444,2959,5987,11,4,5,1,1,1,2
1242,1,1.04,1,19,1,230,0.15,157,7,30,1034,2122,6655,6,13,13,1,0,0,3
2171,0,2.43,0,32,0,16,0.11,91,2,41,1939,2824,1304,19,13,10,0,0,1,0
865,0,2.55,0,7,1,99,1.01,190,8,3,2138,1580,2623,9,11,16,1,0,1,0
970,0,2.05,0,7,0,24,0.45,196,1,57,767,650,3108,13,8,28,1,1,1,0
1194,0,2.83,0,12,0,104,0.25,227,8,57,1785,796,5370,22,7,13,0,0,0,2
2188,0,1.29,0,24,1,195,0.67,232,6,60,774,1662,869,19,6,21,1,0,0,0
1951,0,2.88,0,28,0,165,1.11,183,3,12,713,1897,6967,11,10,6,0,0,0,3
559,1,2.47,1,9,0,194,0.11,101,1,55,2506,2288,1131,14,6,18,0,1,0,1
897,1,2.66,1,3,0,190,0.16,123,7,41,1679,2452,4535,11,5,12,0,1,0,2
1897,1,2.29,1,20,0,255,0.56,196,1,11,706,2364,7677,16,3,28,0,1,0,3
599,0,2.79,1,19,0,226,0.84,179,1,37,573,1898,2003,8,7,24,1,0,1,1
1955,1,3.18,1,12,0,151,0.62,153,7,32,356,368,5791,22,11,9,0,1,0,2
978,1,1.63,0,6,1,225,1.09,147,6,41,1413,1740,4734,22,11,20,1,1,0,2
2060,1,2.7,0,28,0,14,0.15,195,2,7,478,2516,6809,11,12,12,0,0,1,2
999,0,2.51,0,27,1,185,0.47,150,3,37,1617,2592,5028,9,9,15,1,0,0,3
1238,1,1.72,0,24,0,135,0.49,109,6,44,1264,2557,7027,15,12,15,0,1,1,3
1625,1,3.0,0,19,0,246,0.47,237,6,47,1740,348,3606,16,11,25,0,0,0,2
714,0,1.56,0,8,1,130,0.64,139,3,50,729,1487,1771,16,11,11,1,0,0,0
1447,0,2.03,0,13,0,47,0.97,128,4,41,582,1973,5732,6,8,3,0,1,1,2
1359,1,0.79,1,2,1,186,0.45,95,1,46,477,983,7944,18,3,8,1,0,1,3
1833,0,1.11,1,8,0,244,0.92,158,1,7,465,1418,3840,7,7,26,0,1,0,1
2194,0,2.77,1,14,0,6,0.26,238,8,52,410,581,6810,11,12,11,0,1,0,2
1629,1,1.57,0,14,0,18,0.72,109,2,25,850,838,7251,18,11,4,0,0,1,2
1196,0,1.56,0,2,0,170,0.51,123,8,36,2129,335,5470,21,3,14,0,1,0,2
1191,0,1.16,1,31,0,143,0.69,112,1,36,1673,2946,6592,16,4,27,0,0,1,3
1210,0,1.83,0,8,1,141,0.22,99,8,63,831,2624,4836,8,10,27,1,0,0,2
1884,1,2.68,0,16,0,25,1.15,179,4,22,2439,1402,6693,17,13,29,0,1,1,3
1046,0,2.92,0,15,0,147,1.1,131,7,26,2036,331,3094,6,11,22,0,0,1,1
784,1,0.69,0,15,0,146,1.01,202,7,49,2079,1218,4552,9,13,25,0,1,1,2
1068,0,2.05,1,27,0,218,1.08,147,3,41,2361,1483,1109,8,3,24,1,0,0,0
538,1,1.76,1,24,1,101,0.26,184,6,22,2000,773,2020,22,12,3,1,1,1,0
680,1,2.16,0,28,0,90,0.65,98,3,23,2498,2093,4960,12,4,14,0,1,1,2
653,1,1.71,0,12,0,22,0.45,136,7,54,1019,2995,6076,15,12,17,0,1,0,2
1812,1,1.58,1,8,0,146,1.08,149,8,54,2261,2582,740,19,13,15,0,0,0,1
1728,0,1.77,1,14,0,167,0.31,94,7,11,503,2615,1041,22,8,26,0,0,1,0
1685,1,2.07,1,18,0,73,0.34,150,6,27,948,2547,560,22,8,30,0,1,0,0
1285,1,1.85,0,11,1,188,0.86,158,3,50,2345,507,4487,8,8,18,1,1,1,2
1719,1,1.77,1,15,0,241,0.2,147,1,9,554,1798,3086,12,9,5,0,1,1,1
774,1,2.71,1,4,1,46,0.91,163,5,13,1422,1836,918,12,12,13,1,0,1,0
2031,1,2.51,1,19,0,148,0.39,209,2,11,1044,590,6607,19,6,8,1,0,0,2
1352,0,1.42,0,23,0,179,0.83,205,5,35,477,715,4570,11,6,16,0,0,1,1
2095,0,2.66,1,17,0,6,1.06,87,7,30,797,1835,589,9,13,9,1,1,1,0
759,0,2.8,0,28,0,47,0.77,184,1,22,1503,2239,5780,18,12,5,1,1,1,1
1345,0,0.91,0,32,0,102,0.33,226,8,10,1729,880,7512,14,8,7,0,0,1,3
1684,1,2.07,1,29,0,37,0.15,220,5,42,1834,1617,3731,18,5,16,0,0,1,1
1343,1,1.27,1,3,1,92,0.15,135,1,52,550,521,7806,12,13,6,1,1,0,2
1258,0,2.5,0,29,1,39,0.2,207,6,15,995,615,3714,14,12,3,1,0,0,0
782,0,1.14,0,11,0,230,0.74,209,1,43,485,1875,1106,6,6,10,1,0,1,0
1148,1,2.31,0,14,1,154,0.48,142,5,52,261,1813,1455,6,8,21,1,0,1,0
906,1,1.19,0,13,0,85,0.37,220,5,37,1162,2330,1026,6,7,20,0,1,0,0
1012,1,1.88,1,9,0,200,0.34,183,6,38,1707,2761,2830,8,12,13,0,1,1,2
1662,1,3.06,0,28,0,6,1.14,202,4,12,1115,829,3467,11,10,21,0,0,0,0
1572,1,1.53,1,21,1,154,0.23,201,1,62,334,1234,3924,6,8,8,1,1,1,1
1532,1,2.86,0,31,1,176,0.44,206,4,62,759,2614,4203,8,13,23,1,1,1,2
1115,0,3.16,1,31,0,208,0.62,234,7,46,1261,456,7145,20,9,3,0,1,0,3
2132,1,2.86,1,13,1,58,0.1,218,8,58,1079,2540,601,20,8,6,1,0,1,0
649,0,0.95,1,23,0,152,1.11,150,2,40,2187,2854,7409,10,13,28,0,0,0,3
1082,0,2.71,1,16,1,197,0.21,172,3,43,1651,587,2347,22,7,16,1,1,1,1
700,0,0.59,1,16,0,205,0.85,186,8,54,2598,700,7836,8,7,18,0,0,0,3
1076,0,1.56,1,24,0,46,0.79,218,3,4,654,2154,1550,6,7,14,1,1,0,0
2136,0,2.85,1,22,0,251,0.99,146,2,15,1114,1593,1282,12,5,21,0,1,0,0
1123,1,2.36,0,30,0,71,0.82,133,7,14,446,2967,1445,10,6,23,1,1,0,0
2045,1,1.94,1,25,0,101,0.95,200,4,41,287,1780,2787,7,4,24,0,1,0,0
1342,0,1.55,1,20,0,50,0.56,233,5,17,2421,2076,7743,20,11,9,1,0,0,3
1690,1,2.69,0,30,0,40,0.64,227,4,26,1403,955,4067,22,9,20,0,0,0,1
1278,0,2.42,1,3,0,67,0.87,108,5,33,1797,1189,1781,10,13,24,1,0,1,0
952,0,1.76,0,25,0,36,0.73,228,3,48,892,795,5441,11,9,14,0,0,0,1
1799,1,2.91,1,12,0,188,0.66,208,6,34,361,713,4414,18,3,13,0,1,1,2
2148,0,1.12,1,14,0,154,0.33,109,3,3,2347,623,5910,21,9,20,0,0,1,2
948,1,0.96,1,25,0,101,0.38,86,5,45,1794,2713,6207,10,4,19,0,0,1,3
1824,1,2.24,1,9,0,141,0.49,116,2,28,1919,507,6549,17,3,10,0,0,0,3
944,0,3.12,0,29,0,156,0.11,229,1,9,1499,1704,1673,6,10,29,0,0,0,0
1719,0,1.17,0,16,0,48,0.56,202,5,43,1194,1682,4320,15,3,18,0,1,0,1
1842,1,1.17,1,11,1,77,0.1,174,2,19,1236,469,5356,22,7,18,1,0,1,1
1264,1,0.88,0,10,0,226,0.72,183,8,31,2039,2577,4787,14,12,8,0,1,1,3
1753,1,2.82,1,13,0,5,0.87,149,8,62,776,1662,7982,16,5,21,1,0,0,2
963,0,1.11,0,31,0,245,0.72,226,3,16,1045,659,7890,17,10,28,0,1,0,3
634,0,1.86,1,3,0,247,0.86,109,3,57,965,665,6748,16,7,23,0,1,1,3
663,1,3.18,1,16,0,66,0.1,133,5,31,1471,2198,2355,17,4,17,1,0,1,0
1260,1,0.53,1,27,1,83,0.17,116,2,60,2524,1981,4574,21,5,20,1,1,0,2
2035,0,2.0,1,15,1,54,0.87,217,7,55,2418,1426,6685,6,3,9,1,0,1,3
717,1,1.88,0,18,0,144,0.98,169,1,54,1526,1406,2572,21,4,4,0,1,1,1
1275,1,2.68,0,11,0,56,0.89,191,4,15,712,414,5979,21,4,20,0,1,0,1
1697,0,1.46,0,4,0,203,0.83,228,2,51,2460,405,2426,21,12,8,1,0,1,1
844,0,1.61,1,21,0,100,0.88,115,7,25,979,1756,1588,12,11,5,0,0,0,0
1727,1,0.95,1,30,0,248,0.91,235,2,59,1081,1294,2354,15,6,24,0,1,1,1
1020,1,2.5,1,17,1,219,0.9,104,4,64,2330,995,7628,12,10,15,1,1,0,3
1875,0,2.62,0,14,0,104,0.91,202,7,40,861,1336,8157,20,5,26,1,1,0,3
1485,0,0.87,1,4,0,153,0.18,194,4,59,1330,1942,7081,12,10,27,1,1,0,3
1430,1,1.56,0,31,0,8,0.17,213,2,35,2404,1106,2595,11,5,6,1,0,0,0
800,0,2.91,0,28,0,19,0.5,109,2,4,990,1256,6499,17,10,24,1,0,1,1
1287,1,0.51,0,29,1,131,0.68,234,5,57,1714,1078,2188,6,6,12,1,1,1,1
1957,1,1.31,1,11,1,122,0.94,208,1,35,328,2106,1485,12,12,22,1,0,0,0
533,1,2.0,0,20,0,103,0.47,102,3,4,2590,466,2499,9,12,4,1,1,1,0
1790,0,1.4,1,14,0,25,0.4,171,5,6,1229,2782,1584,12,6,16,1,0,0,0
1338,0,1.23,1,7,1,216,0.96,212,4,47,1822,1806,5431,13,3,20,1,1,0,3
1723,0,1.74,1,6,0,105,0.37,159,7,60,1421,975,5759,7,6,15,0,1,0,2
1628,1,0.99,1,12,0,121,1.0,144,6,45,1264,2356,785,20,6,18,0,0,0,0
1234,0,1.93,0,18,0,104,0.29,127,2,29,1199,2839,1335,13,7,3,0,0,0,0
1025,0,2.41,0,4,1,128,0.5,165,7,21,281,476,4191,12,9,3,1,1,0,2
1567,0,2.05,1,23,1,167,0.54,238,8,28,895,867,1382,8,13,19,1,0,0,0
738,0,0.75,1,15,1,196,0.43,179,2,22,1138,705,6873,22,3,14,1,0,1,2
1493,0,2.78,1,29,0,142,0.1,197,3,19,1111,509,3586,20,9,19,1,0,1,1
661,1,0.97,1,9,0,44,0.36,206,4,10,885,2300,3682,14,4,13,1,1,0,0
1605,1,2.56,0,1,1,225,0.47,206,4,37,1756,836,553,11,9,3,1,1,0,0
1569,0,1.47,0,10,0,74,0.44,147,4,15,2197,1348,5900,13,10,22,0,1,1,2
643,0,2.61,0,32,0,6,0.96,204,8,11,2344,2504,6053,22,11,6,1,1,1,2
1788,0,1.06,0,10,1,11,0.15,136,6,19,2535,1960,6321,9,9,24,1,1,0,2
1207,1,1.0,1,23,0,199,0.53,176,8,52,1773,2136,4661,17,4,3,0,1,1,3
1838,0,1.84,1,27,1,100,0.14,132,3,38,1210,581,2582,21,13,29,1,1,0,1
570,1,0.59,1,9,0,7,1.12,231,5,32,1765,2922,1112,18,7,10,0,1,1,0
805,0,1.11,1,21,0,208,0.97,198,1,39,552,541,2935,20,8,27,0,1,0,1
1340,0,2.45,0,6,0,79,1.18,176,3,37,2168,2223,4687,22,10,3,1,0,0,2
820,1,2.76,1,11,0,251,1.1,155,5,33,1503,2034,1407,7,5,15,0,0,0,1
1061,1,0.72,0,9,1,226,0.45,166,2,54,629,1426,927,10,13,14,1,0,0,0
1623,1,2.88,0,22,1,14,0.86,206,8,48,1245,2567,2178,8,3,7,1,0,0,0
745,1,2.65,0,28,1,178,0.44,127,3,13,950,2712,1055,15,4,16,1,0,1,0
1652,1,2.85,1,8,1,155,1.08,214,2,53,1065,508,621,12,13,9,1,1,0,0
675,1,2.39,1,9,0,45,0.55,128,7,13,359,2888,4240,6,7,15,1,1,1,0
797,0,2.32,1,27,0,89,0.51,107,1,6,277,966,6235,15,12,13,0,0,1,1
1499,0,1.92,1,15,1,127,1.11,199,3,28,1065,2442,4351,7,12,8,1,1,1,2
1849,0,2.26,0,16,0,39,1.02,195,2,26,952,2520,1212,12,13,25,1,1,0,0
790,0,2.98,0,23,0,186,1.16,137,6,51,2598,1812,3115,12,10,17,0,0,0,2
1010,0,0.77,1,4,0,72,0.17,186,7,45,859,2634,785,21,10,26,0,0,1,0
2073,0,1.35,0,28,0,241,0.37,198,2,5,1017,2533,5287,17,9,25,0,1,0,3
2183,0,0.7,1,12,0,206,0.43,207,4,33,2400,1721,2302,16,10,10,0,1,1,1
1488,1,3.05,0,21,0,163,0.57,233,4,52,2269,800,3487,20,5,11,0,0,0,1
1260,0,1.7,0,14,1,32,0.62,218,6,48,374,1485,7440,9,11,29,1,1,1,2
1090,1,2.32,0,24,0,8,0.42,153,3,33,442,2733,5020,10,5,11,0,1,1,1
1541,0,2.77,0,20,0,39,0.97,120,5,40,464,863,6386,18,8,5,1,1,1,2
1505,1,3.18,1,5,0,129,0.35,100,5,37,1325,2999,3198,18,7,18,1,1,1,1
1001,1,0.94,1,6,1,201,0.87,174,1,16,1591,807,7660,6,11,30,1,0,1,3
538,0,2.66,1,28,0,41,1.04,188,5,37,1069,2103,6003,9,5,9,0,1,1,2
757,0,2.9,1,17,0,182,0.76,192,5,44,270,2038,4472,9,5,20,0,0,1,2
2130,1,0.63,0,9,0,14,0.49,86,8,5,715,845,4961,6,11,12,1,1,1,1
1211,1,2.54,0,4,1,69,0.31,194,5,45,1691,1586,5298,17,8,13,1,1,1,2
1320,0,1.46,0,4,0,154,0.25,207,8,17,1119,707,1741,6,10,15,0,1,1,0
1294,1,2.25,1,30,0,213,0.92,197,3,2,531,1297,2445,20,12,7,0,1,0,0
1831,1,1.89,0,32,1,200,0.62,167,6,49,1777,2892,5783,15,12,13,1,1,1,3
610,0,1.2,0,12,0,137,0.15,87,8,26,1688,465,3897,18,7,10,1,1,0,1
640,0,0.87,1,6,0,11,1.18,161,2,27,1397,2656,6533,14,4,25,0,1,1,2
969,0,0.82,1,13,0,76,0.84,185,5,41,2459,2136,4551,22,13,9,0,1,1,1
1327,1,0.78,1,4,0,201,1.03,173,8,37,2233,2327,1017,10,6,26,1,0,1,1
1641,1,2.22,0,18,0,22,0.58,174,5,41,333,1076,5618,15,11,3,0,0,0,1
1334,1,1.45,1,20,0,182,1.15,165,8,61,2376,2864,5197,6,11,14,0,0,1,3
1250,1,1.08,1,32,0,181,0.32,171,4,43,357,999,3313,20,7,10,0,1,0,1
2095,0,2.37,0,10,0,193,0.3,135,8,4,1377,1669,6583,15,4,15,0,1,1,3
773,0,2.35,1,6,1,57,1.08,179,6,16,2368,418,3205,8,8,24,1,0,0,0
1472,0,1.96,1,4,0,64,1.08,128,4,30,2557,2700,1392,19,4,29,0,1,1,1
1422,0,3.02,0,12,1,52,0.65,161,2,31,293,2208,1443,22,6,23,1,0,1,0
1305,1,1.54,0,19,1,102,0.24,149,2,24,410,756,7437,7,7,17,1,1,1,3
1873,1,2.76,0,2,0,135,0.44,196,3,13,809,2095,3400,20,8,17,0,1,0,1
954,0,0.7,1,25,0,32,0.93,224,7,8,892,810,3698,18,5,30,1,0,1,0
2122,1,2.5,0,15,0,146,1.03,183,4,11,899,1511,2858,12,12,30,0,0,1,1
1063,1,3.17,1,26,0,62,0.48,106,4,61,1223,1693,6179,16,3,24,1,0,1,2
1427,0,2.79,1,15,0,145,0.17,189,4,26,992,2816,5162,19,13,7,0,0,0,2
1385,1,2.07,0,5,0,79,0.83,135,3,62,1615,1211,7417,14,6,10,1,0,1,3
1945,1,2.19,1,0,1,245,0.91,92,7,23,2256,354,7382,17,8,10,1,0,1,3
1246,1,1.45,1,18,0,83,0.57,114,4,21,1528,1479,8113,6,12,9,0,1,1,3
984,1,2.33,1,17,0,224,0.74,240,4,32,1023,2804,3039,21,10,30,0,1,1,2
536,0,2.58,0,26,0,46,1.19,151,5,61,1580,2459,4997,21,3,7,0,0,0,1
1118,1,3.2,0,28,1,23,0.37,116,6,37,1704,478,3173,9,9,26,1,1,0,0
1905,0,1.83,1,5,0,50,0.73,105,3,4,2356,463,5921,14,9,25,0,0,1,2
516,1,0.67,0,10,1,108,0.77,186,1,19,2476,2349,6258,10,13,17,1,0,1,3
2024,0,2.11,0,6,0,231,0.7,203,6,63,895,2252,2445,12,9,11,0,0,1,2
1423,0,0.82,1,3,0,46,1.06,140,5,11,2408,1813,7115,10,13,10,0,1,1,2
738,1,1.16,0,0,0,201,0.77,101,6,54,2168,556,2739,20,8,21,0,0,1,1
1014,0,1.39,1,2,0,179,0.66,140,5,60,542,1070,8064,17,5,21,0,0,0,3
1442,0,2.47,0,17,0,89,0.24,188,5,15,1557,2592,7046,20,8,18,1,0,0,2
1036,1,1.0,0,5,0,87,0.87,102,8,37,599,693,651,19,13,18,1,1,0,0
684,0,0.95,0,6,0,243,0.25,126,1,39,1398,861,3570,18,3,26,1,1,1,1
1632,1,0.62,0,3,0,184,0.13,85,1,52,345,1532,3495,8,7,24,1,0,0,1
1643,0,2.86,0,23,0,62,0.64,158,8,52,946,2290,6829,20,3,24,0,0,1,3
702,0,2.37,0,20,0,234,0.73,111,8,5,1628,2540,6076,19,12,10,1,0,1,3
978,1,0.61,0,31,1,105,1.2,116,4,22,957,1906,900,8,8,4,1,0,0,0
914,0,0.58,1,3,0,22,0.88,102,5,61,263,1640,6969,7,10,15,0,1,1,2
1621,0,2.01,1,6,1,209,1.03,198,4,24,1157,1353,2188,18,13,12,1,0,1,1
1742,1,1.26,0,15,0,223,0.48,161,8,17,1517,437,3351,12,12,12,1,0,1,1
1736,1,2.11,0,21,0,114,0.66,232,4,41,2042,1037,1818,11,7,17,0,0,1,0
2096,0,1.67,0,4,0,181,1.17,146,7,14,562,895,1721,12,13,28,1,1,0,1
1807,1,2.99,0,6,1,61,0.56,119,3,11,1365,474,4560,20,8,25,1,1,1,1
1045,1,1.28,1,13,0,218,0.99,116,4,52,709,2317,1162,12,13,21,0,1,1,1
683,1,2.33,1,0,0,95,0.68,233,6,9,603,1267,1130,12,13,22,1,1,0,0
1545,0,0.65,0,13,0,70,0.35,176,4,58,527,1686,6547,12,5,14,0,1,0,2
2058,1,3.08,1,25,1,129,0.74,135,1,17,2034,857,3153,6,11,18,1,1,0,1
2158,1,3.15,1,17,0,70,0.34,187,2,8,2411,1905,5491,6,10,15,0,0,1,2
891,1,2.5,0,14,1,160,0.1,172,7,48,1806,684,8087,13,11,25,1,1,1,3
902,0,1.76,1,16,1,192,0.36,102,3,13,1133,2136,902,6,4,30,1,1,0,0
563,1,1.09,0,31,0,105,0.31,194,1,25,2481,2299,6612,18,8,15,0,0,1,2
740,1,2.69,1,17,0,201,0.51,103,8,24,1413,1154,1354,13,4,23,0,0,1,1
1443,0,2.49,1,17,0,111,1.08,116,8,33,1489,889,6354,14,12,4,0,1,0,2
1430,1,1.1,0,30,1,249,0.53,196,4,31,1738,2411,2862,11,12,14,1,0,1,2
1130,1,1.72,1,5,0,69,1.03,154,6,14,1785,918,1549,18,9,27,1,0,1,0
1027,0,1.75,1,3,1,181,0.71,119,7,16,1401,797,2268,13,4,22,1,1,1,0
1911,1,2.73,0,14,0,138,0.11,95,1,14,1371,1232,3312,6,10,17,0,1,0,1
1282,0,2.35,0,10,0,242,0.31,177,3,5,990,2911,6117,14,7,8,1,0,0,3
1874,1,2.24,1,6,0,57,1.12,193,5,42,1847,1560,5739,9,11,25,0,1,0,2
2138,1,2.25,0,3,0,52,0.76,116,5,31,1827,1024,6108,16,4,30,1,1,1,2
1039,1,1.23,0,28,0,223,1.12,149,3,8,1269,1697,678,15,7,13,0,0,1,0
844,0,1.5,1,20,1,231,0.44,138,1,22,1921,1254,8003,14,6,25,1,1,1,3
2120,1,0.62,0,22,0,192,0.89,224,8,44,565,2101,3845,12,13,19,0,0,0,1
1579,0,2.62,1,3,1,123,0.95,208,5,19,1222,1496,1367,16,6,14,1,1,1,0
994,1,1.67,1,11,0,106,1.17,127,7,27,2569,1897,7644,17,13,12,0,0,0,3
1557,1,1.68,1,20,0,171,0.12,165,4,48,1972,1489,6601,20,13,17,1,1,1,3
1376,0,1.16,1,17,0,192,1.15,229,5,44,1940,1611,1144,22,9,14,1,0,1,0
2040,0,1.07,1,22,0,72,0.53,138,4,46,2278,1518,3867,7,4,20,0,1,0,1
935,0,2.09,1,22,1,3,1.02,107,4,26,1676,1376,7472,17,5,7,1,0,1,2
2186,1,1.13,1,13,0,20,0.7,131,6,32,1804,2903,5755,7,3,16,0,1,1,2
2092,0,0.67,0,25,0,89,0.72,179,8,55,1376,1032,2006,13,11,23,0,1,0,0
807,0,2.57,1,8,0,175,0.5,239,7,56,2190,2479,5891,18,10,26,1,0,0,3
779,0,1.52,0,2,0,114,1.01,133,6,5,1919,2223,1964,15,6,10,0,0,0,0
1406,0,1.53,1,30,0,159,0.39,94,1,54,1476,1735,3214,19,11,19,0,0,1,1
576,0,1.66,0,0,1,121,0.64,113,5,58,539,1171,2013,21,9,11,1,1,1,0
1008,0,2.7,0,9,0,66,0.72,149,8,61,2142,1617,5837,22,11,25,0,1,0,2
1240,0,1.37,0,3,0,192,0.92,99,4,18,1009,2597,7664,17,3,12,1,1,1,3
2148,1,2.55,1,7,0,186,0.62,90,5,33,1087,807,853,17,5,21,0,1,0,1
2188,0,3.04,0,13,1,247,0.85,187,3,4,534,1891,5149,19,11,15,1,0,0,3
757,1,2.28,0,4,0,212,0.63,213,2,8,752,2370,2419,9,7,10,1,1,1,0
2016,1,1.67,1,15,1,98,0.83,121,6,37,537,2019,6278,11,13,19,1,0,0,3
654,1,2.52,1,30,0,181,0.84,166,3,14,470,706,1582,11,12,20,0,0,1,0
1773,0,1.74,1,4,0,91,0.88,174,5,16,290,1684,3326,18,4,22,0,0,1,0
1938,0,1.62,0,30,0,224,1.01,189,5,20,935,810,2093,11,7,25,0,0,1,1
2015,1,1.92,1,13,1,157,0.69,237,7,30,2024,2809,7219,8,11,21,1,0,1,3
880,1,1.36,1,19,0,214,0.31,223,8,11,2279,1263,1146,19,4,26,0,0,0,0
2019,1,0.78,0,14,1,73,0.85,134,5,52,776,1450,4981,18,12,14,1,0,1,2
697,0,1.62,1,10,0,5,0.18,237,1,44,1240,2618,1437,16,4,17,0,0,0,0
1382,0,0.83,0,3,0,38,0.34,90,5,51,2204,1464,5119,20,4,16,1,0,0,2
1298,0,1.61,0,19,1,137,0.97,235,8,60,1908,839,6410,19,8,19,1,1,1,3
1037,0,2.0,1,30,1,247,0.58,107,4,39,2375,2714,6290,21,5,6,1,0,1,3
537,1,3.01,0,17,0,161,0.65,102,5,24,1232,2057,768,10,10,26,0,1,0,0
1813,0,0.6,0,19,0,208,1.19,103,7,63,637,1941,6454,7,7,17,0,1,1,3
1070,0,2.18,0,21,0,121,0.36,104,4,37,578,522,2792,11,5,18,0,0,0,0
1625,1,1.74,1,12,0,246,0.12,157,4,31,1913,1524,5749,20,12,27,0,1,0,3
1197,1,0.55,0,3,0,241,0.22,184,4,28,302,1551,7915,21,4,16,0,0,0,3
1135,0,1.17,0,16,0,57,0.37,201,7,4,1326,1022,1425,7,8,15,1,0,0,0
2007,0,0.82,1,28,0,221,0.9,87,4,62,1074,1833,3297,20,4,18,1,1,1,2
660,1,1.09,1,10,0,6,0.95,131,3,53,2409,976,7169,14,4,29,0,1,1,2
1752,1,1.24,0,28,1,153,0.72,105,5,46,2596,1582,1598,19,5,10,1,1,0,1
1770,1,1.58,1,28,0,113,0.38,107,6,15,1383,2468,2515,17,5,7,1,1,1,1
1146,1,1.93,0,8,0,78,0.67,201,8,60,1609,2291,4729,7,7,6,1,0,1,2
946,1,0.5,1,18,0,240,0.12,184,8,13,1134,1069,8163,14,8,23,0,0,0,3
509,0,0.94,1,24,0,170,0.85,117,7,17,2074,876,2775,7,4,3,0,1,1,0
2093,0,0.75,1,16,0,37,0.78,131,7,6,935,335,3473,11,3,22,1,0,0,0
2112,1,1.98,0,23,0,37,0.12,229,4,20,1997,1246,6624,18,4,27,1,0,1,2
909,0,1.39,1,30,0,31,1.0,174,3,22,2373,372,1433,17,9,22,1,0,1,0
554,0,1.98,1,20,1,79,0.94,122,5,52,645,663,3028,17,13,7,1,0,1,0
708,0,1.1,0,27,0,19,0.44,230,6,22,774,2943,2939,17,3,21,0,0,1,0
615,1,0.57,0,26,1,69,0.8,115,5,62,1132,2614,3592,6,3,15,1,0,1,1
1913,0,3.04,1,26,0,197,0.76,130,2,21,2194,1820,4917,15,11,3,0,1,0,2
2017,0,0.79,0,28,0,224,0.26,193,1,35,1753,2396,2214,14,10,8,0,0,0,1
760,0,0.84,1,7,0,202,0.31,164,1,39,698,1631,3518,14,11,23,1,1,0,1
1770,0,0.9,0,0,0,128,0.85,95,4,54,1108,1932,7554,9,4,18,0,1,0,3
804,1,3.15,1,5,0,179,1.13,210,7,49,1759,2780,6877,17,12,16,0,1,0,3
1124,0,2.17,1,8,0,242,0.73,120,7,56,2517,530,7857,16,9,24,0,1,0,3
1519,1,2.15,0,22,0,15,0.72,192,7,61,1304,1262,5752,12,4,17,0,0,1,2
1724,0,3.16,0,16,0,232,0.81,137,6,9,415,639,4984,6,4,30,0,1,1,2
1987,1,0.74,0,15,1,186,0.58,202,1,7,486,2451,2151,7,9,4,1,1,1,1
576,1,3.13,1,0,0,100,0.16,225,8,30,307,2525,1732,12,11,11,1,1,1,0
834,1,1.05,1,22,0,116,0.54,205,8,11,537,2255,4650,15,11,8,0,0,0,1
977,1,2.18,0,12,0,113,1.09,228,7,33,1214,1952,3621,22,9,14,0,1,1,1
1027,0,1.63,1,25,1,42,0.99,169,4,39,904,1599,6561,18,8,28,1,0,1,2
2197,1,1.54,1,3,1,60,1.12,95,2,19,950,383,586,14,10,14,1,0,0,0
1822,1,3.01,0,9,0,77,0.27,168,8,8,2050,2396,7357,11,4,11,0,0,1,3
1045,1,0.9,1,1,0,3,0.66,156,2,62,1366,2716,1821,8,7,5,0,1,1,0
2153,1,3.19,0,9,0,129,0.74,197,7,25,1961,2909,3545,8,4,14,0,1,1,2
1349,1,1.52,1,30,0,123,0.33,123,8,54,1519,1236,3248,7,12,9,0,1,0,1
1351,1,2.25,0,16,0,86,0.32,193,8,41,724,857,7612,21,9,8,0,1,0,3
1237,1,3.11,0,14,0,46,0.96,153,5,43,2478,2073,6045,6,11,6,0,1,0,2
744,1,0.66,0,9,1,249,0.84,189,7,51,1364,366,788,20,8,20,1,1,0,0
2089,0,2.99,0,8,0,175,0.81,150,7,18,2213,481,7064,15,13,22,1,0,1,3
523,0,2.03,0,22,0,123,0.39,144,8,15,468,2522,5709,16,13,23,1,1,0,2
796,0,2.4,1,32,1,186,0.66,118,3,64,2245,2885,1035,22,9,4,1,1,0,1
890,0,0.9,0,24,0,96,0.13,214,6,44,1930,1402,6518,19,12,28,0,0,0,2
975,0,1.94,1,24,0,56,0.24,95,7,20,830,1681,772,8,10,17,1,1,1,0
724,0,2.32,0,15,0,173,0.67,121,2,42,2112,1779,3777,22,10,18,0,0,1,2
530,0,1.73,0,3,0,198,0.44,151,2,26,1993,691,1757,8,5,27,0,1,1,0
1652,0,0.92,1,23,0,167,1.16,109,4,56,2349,916,596,15,13,10,1,1,1,1
2148,1,1.16,0,26,1,146,0.62,228,3,34,735,1120,4809,16,5,17,1,0,0,2
707,1,2.81,0,16,0,2,0.19,138,7,21,2331,2576,5789,10,10,4,1,1,0,2
1004,1,0.59,1,3,0,164,0.12,122,8,45,2039,1494,4196,16,9,16,1,0,1,3
1361,0,2.41,0,23,0,159,0.9,124,2,49,1037,2253,3143,16,4,10,0,1,1,1
2077,0,3.2,1,30,0,107,0.29,114,3,25,1067,841,4456,22,11,8,1,0,1,1
1680,1,0.52,0,7,0,64,0.31,188,8,49,840,2875,1678,21,3,20,0,0,1,0
1803,0,0.93,1,5,0,251,0.57,160,5,16,1365,2688,895,12,8,6,0,0,0,1
1488,1,2.32,0,24,0,97,0.39,121,2,17,2356,1594,1718,17,11,30,0,1,1,0
1209,0,0.66,0,10,1,71,0.78,221,5,54,2217,924,928,19,4,9,1,0,1,0
839,0,2.09,1,23,0,182,0.63,187,8,41,584,2938,6419,6,6,5,1,0,0,3
1970,1,2.35,1,23,0,124,0.22,147,3,4,550,2486,5187,17,8,15,0,1,1,1
1867,0,2.09,1,8,0,144,0.96,165,4,44,380,1689,1951,21,13,13,1,0,1,0
542,0,1.49,0,1,0,167,0.57,187,5,21,1689,1037,4889,8,7,21,1,1,1,1
1716,1,2.38,0,18,0,96,0.77,108,7,19,981,1986,4230,18,4,21,1,0,1,2
643,0,2.1,1,13,1,40,0.1,211,5,28,2036,1312,1366,7,4,19,1,0,0,0
1757,1,1.06,0,28,0,44,0.79,125,8,30,2035,2127,7965,12,5,19,1,0,1,3
1904,0,2.02,0,11,0,241,0.41,89,7,58,706,2551,7715,19,12,24,0,0,0,3
722,0,2.88,0,8,0,130,0.64,166,4,29,1879,1633,6340,22,11,21,0,1,1,2
1237,1,2.3,1,28,0,108,0.43,221,4,20,2044,449,6723,18,7,6,0,0,0,2
710,0,1.77,0,24,1,83,1.2,199,6,50,2570,1828,4714,18,12,15,1,1,1,2
1464,1,1.37,0,20,0,186,0.35,133,1,36,1946,2622,6686,10,13,22,0,1,0,3
2077,1,0.73,0,31,1,234,1.1,147,2,2,1088,918,4569,20,12,10,1,0,0,2
637,1,1.16,0,25,0,198,1.11,177,2,41,2600,2892,1787,17,3,27,0,0,1,1
1176,0,0.53,0,28,0,138,0.56,121,7,33,891,1291,1797,22,4,16,0,0,1,0
2155,1,3.16,0,26,0,123,0.43,212,7,38,2141,2154,7071,16,10,11,0,0,1,3
1011,1,1.1,0,13,0,222,0.52,131,7,13,1132,2202,3940,6,7,13,1,1,0,2
724,1,2.7,0,2,1,220,1.19,118,1,32,2447,808,6114,14,4,20,1,1,1,3
1331,0,0.96,1,20,0,101,0.78,99,3,42,2086,424,1624,19,10,22,0,0,1,0
1364,1,1.27,1,25,0,247,0.7,193,3,44,1655,2863,3951,19,6,10,0,1,1,3
1627,0,1.63,0,32,0,212,0.14,88,1,44,745,2197,1153,12,13,7,1,0,0,1
1033,1,1.38,0,22,0,217,1.03,210,3,64,684,2012,2207,8,9,5,0,0,0,1
2125,0,2.66,0,18,0,16,0.19,236,4,33,2477,1134,1350,20,5,16,1,0,0,0
1386,1,3.09,0,18,0,35,0.15,102,8,29,2132,609,2110,19,13,28,0,0,0,0
987,1,2.86,0,3,1,78,0.4,100,2,36,1450,1048,5171,20,9,29,1,1,1,2
2133,0,0.91,1,0,1,196,0.62,230,7,22,2311,1788,553,17,6,18,1,0,0,1
2073,1,2.6,0,1,0,21,1.08,104,7,21,2089,2179,1998,20,4,17,0,1,1,0
1349,1,0.9,1,29,0,23,0.97,148,2,45,1155,1175,5819,12,9,17,0,1,1,1
542,0,2.97,0,26,0,10,0.32,220,3,21,2193,896,1659,19,11,9,1,0,1,0
1515,0,1.9,0,8,0,50,0.51,106,4,49,2119,988,4779,14,12,14,1,1,0,1
1444,1,1.41,0,13,0,236,0.96,188,8,48,1370,2898,7172,19,4,29,0,1,1,3
752,0,0.92,0,15,0,185,0.68,144,7,62,286,2010,6503,8,7,20,0,1,0,3
1578,0,0.53,0,8,0,184,0.29,153,8,10,1990,2976,1449,11,13,9,0,1,1,1
1930,1,1.17,0,13,0,76,0.54,230,3,24,1041,336,1645,9,10,5,0,1,1,0
680,0,2.97,0,11,0,161,0.79,186,8,50,1101,1548,5931,12,4,24,1,0,1,3
1730,1,2.65,1,22,1,200,1.17,134,8,29,1924,1546,3173,19,13,28,1,0,1,2
738,0,3.12,1,24,0,137,0.83,230,5,43,2154,1396,3714,7,10,6,0,1,0,1
1773,1,0.77,0,3,0,220,0.12,175,2,48,447,1369,4173,18,8,13,0,0,0,2
1212,0,2.1,1,15,0,147,0.88,100,3,57,2185,531,4959,20,11,26,1,0,1,2
511,1,1.19,0,32,0,84,0.38,146,2,16,931,406,3962,17,10,10,1,1,1,0
2143,1,1.97,0,28,0,164,1.05,123,7,18,1576,2406,691,16,5,8,0,1,1,0
782,0,1.37,0,26,0,242,0.52,185,3,31,2290,1501,1237,8,11,14,0,1,1,1
1513,0,1.27,0,24,0,212,0.32,219,6,33,755,756,512,16,5,14,1,1,0,0
808,1,2.05,1,0,0,129,0.61,91,3,59,761,1251,2546,9,5,16,1,0,0,0
2087,1,0.99,1,32,1,154,0.38,206,8,4,2530,2821,6789,10,9,30,1,0,0,3
1755,1,1.77,1,24,1,250,0.36,227,7,17,1120,1573,7976,20,3,30,1,1,0,3
1868,0,2.26,1,29,0,192,0.73,240,4,59,2475,2975,4163,16,9,19,0,1,0,3
1234,1,0.85,1,29,1,130,0.94,188,4,40,1083,752,721,22,9,5,1,1,1,0
1295,1,3.01,0,8,1,73,1.02,133,1,44,1703,648,1059,13,10,10,1,1,1,0
1578,0,1.87,0,0,0,232,0.54,107,2,17,1444,1831,6772,12,4,8,0,0,0,3
1834,0,2.71,0,21,0,251,0.17,232,8,41,2562,2151,3150,22,9,3,0,0,1,3
1940,0,2.27,1,15,0,20,0.63,149,7,25,1539,2950,7283,16,7,13,0,1,0,3
530,1,2.42,0,0,0,10,0.58,138,7,48,1427,1569,4401,20,4,3,1,1,0,1
1628,0,2.43,1,8,0,31,0.32,199,6,7,1340,856,7265,6,7,19,1,1,0,2
685,0,2.86,1,32,0,100,1.09,196,2,19,1126,1770,1552,14,13,10,1,1,0,0
989,1,2.16,0,11,0,42,1.17,211,1,42,1279,1142,7103,19,12,23,0,0,1,2
1910,0,1.25,0,8,1,226,0.16,222,6,40,1327,801,4708,19,4,17,1,1,0,2
926,1,0.77,1,21,0,235,0.98,221,3,54,2042,557,3872,18,12,29,0,0,0,2
1855,1,2.14,0,21,0,48,0.81,111,1,52,348,2259,4573,8,9,16,1,1,0,1
1287,1,0.68,0,10,0,213,0.39,111,1,2,1422,2043,3024,15,3,7,0,0,1,1
895,1,1.15,0,28,1,38,0.8,117,5,7,1536,766,5142,7,13,28,1,0,0,1
1068,1,0.66,1,19,1,202,0.24,182,7,24,2018,1818,6426,19,8,11,1,1,0,3
1402,1,1.98,0,5,1,95,0.18,175,3,62,1812,2693,6735,16,13,24,1,0,1,3
1801,1,0.93,1,10,0,12,1.19,218,8,32,1259,2513,8026,9,4,24,1,0,0,3
1530,0,2.15,0,27,1,111,0.8,216,4,58,498,1537,3682,18,4,28,1,0,1,1
2087,0,2.64,1,2,0,211,0.38,211,6,5,1118,473,6417,18,12,20,0,1,0,3
1976,1,2.72,1,0,0,240,0.6,97,2,62,843,2022,7337,6,5,17,0,1,1,3
1781,0,1.34,0,21,0,32,1.15,193,5,5,721,1703,648,7,9,13,1,1,0,0
1525,1,1.98,1,14,0,215,0.58,217,3,52,1942,2791,4157,9,9,15,0,1,1,3
993,1,2.02,0,8,1,76,1.09,238,7,57,1368,1803,5894,7,13,24,1,1,0,2
1201,1,1.78,0,15,1,120,1.06,138,4,20,2113,2298,4023,15,6,18,1,1,1,2
702,0,2.27,1,6,0,29,0.48,206,1,20,566,1736,1280,20,11,4,1,0,1,0
1136,0,1.07,0,12,0,250,0.87,148,2,38,2567,1770,5548,7,11,13,0,0,1,3
2075,0,3.14,1,7,1,203,0.83,110,3,47,1357,1171,3631,16,10,28,1,1,0,2
1224,1,0.76,1,19,0,165,0.95,138,4,9,837,1399,5255,13,8,8,0,1,1,2
693,1,2.74,0,22,0,187,0.5,124,3,16,1096,1113,522,20,3,16,0,1,1,0
1608,1,2.1,0,30,1,224,0.16,227,5,49,2226,1558,599,14,5,26,1,1,1,1
2137,1,1.16,1,2,0,38,0.29,112,8,52,1916,2871,5142,17,9,11,0,0,0,2
1975,1,2.51,0,10,0,64,0.78,105,6,11,646,1236,8058,21,7,22,1,1,1,3
966,1,0.73,0,8,0,11,0.95,175,3,58,2577,1561,5423,8,5,24,1,1,0,2
1272,0,2.59,0,19,0,126,0.93,174,6,56,549,2856,7752,11,10,12,0,1,0,3
1403,1,2.09,0,17,0,128,0.74,172,8,56,890,725,7019,10,8,28,0,1,0,3
921,0,0.8,1,28,0,9,0.19,108,2,17,1961,997,2672,8,11,15,0,0,0,0
957,1,0.71,0,30,0,170,0.12,162,2,44,1490,1642,1298,17,9,11,0,0,1,0
902,1,2.53,1,25,0,4,0.96,229,1,12,1292,1417,4802,6,7,9,0,0,1,0
2191,0,1.29,1,6,0,204,0.7,99,7,14,2426,1234,5277,12,4,10,1,0,0,3
1768,1,2.9,1,1,0,181,0.96,209,7,6,2114,2406,6430,8,4,18,0,0,1,3
1930,0,2.56,1,29,1,209,0.28,104,4,33,2511,1657,4513,16,8,9,1,1,1,3
1888,1,2.39,1,31,0,32,0.55,121,7,46,907,1296,7582,18,6,13,0,0,1,3
2131,0,1.25,0,8,0,223,1.11,225,6,14,2248,1604,6994,13,10,22,0,0,1,3
679,0,2.41,0,1,0,141,0.29,131,8,13,743,2697,5012,13,9,27,1,0,0,2
1999,1,3.06,1,22,0,222,0.17,166,8,19,2142,2957,4747,13,6,22,1,0,0,3
613,0,0.75,0,19,0,179,0.82,144,8,14,1535,971,657,9,11,17,0,1,1,0
1308,1,1.38,1,29,0,169,0.75,180,4,54,1651,427,6509,12,9,22,1,0,1,3
1511,1,1.13,0,18,1,10,1.15,148,6,12,512,404,5740,21,12,14,1,0,1,1
1108,0,1.56,1,25,0,178,1.1,154,2,19,2315,1514,7395,6,13,10,0,0,1,3
748,0,2.5,1,25,0,116,0.92,212,8,21,898,2005,1226,19,13,23,1,0,1,0
827,0,1.78,0,0,0,218,0.12,171,3,14,1652,457,1634,8,4,6,0,0,0,0
1902,0,2.04,1,4,0,176,0.63,173,4,61,632,1682,5667,7,8,28,0,0,0,3
1042,0,1.35,0,25,1,20,1.09,210,5,15,2426,1391,4270,10,3,15,1,0,0,0
1027,1,0.88,0,5,0,228,0.58,151,7,32,995,2821,5024,10,12,25,1,1,0,3
2070,0,1.22,1,6,1,18,1.16,213,6,37,2040,1938,3850,11,10,5,1,0,1,1
744,1,2.82,1,24,0,78,0.82,197,8,18,2047,1454,5432,20,5,16,0,1,0,2
2056,0,2.13,1,6,0,57,0.22,222,6,31,1539,1892,5570,21,9,14,0,0,1,2
2066,1,1.52,0,4,1,250,0.66,156,7,12,525,683,1965,17,9,12,1,0,1,1
1518,1,2.63,0,0,0,41,0.87,172,5,32,900,1593,6352,8,8,17,0,1,0,2
781,0,0.67,0,15,0,217,0.17,105,4,3,1684,1204,4303,22,8,21,1,1,0,2
765,1,1.19,1,21,1,58,0.48,102,8,29,1505,805,4933,20,13,29,1,0,1,1
984,0,1.12,0,24,1,167,0.89,101,4,24,1620,1374,5258,7,11,25,1,1,1,2
1482,0,3.16,1,29,0,25,0.27,183,5,24,828,2033,6230,12,7,9,1,1,0,1
761,1,2.41,1,21,0,101,0.48,135,3,8,1510,1883,2818,19,11,30,0,1,0,0
1275,1,2.17,0,24,0,160,0.86,130,4,64,441,2904,564,7,4,16,1,1,1,0
696,0,0.51,1,6,0,183,0.95,179,3,3,1383,1055,1907,7,6,15,0,1,1,0
1419,0,1.0,0,11,0,224,0.67,147,3,11,455,2195,7930,16,4,3,0,1,1,3
535,0,2.22,0,10,0,210,1.15,106,7,8,1807,1795,2222,11,12,21,0,1,0,1
1706,0,1.53,0,2,0,134,1.12,171,7,63,1578,2662,2427,13,3,27,1,1,0,1
594,0,3.0,1,31,0,79,0.62,170,6,22,2251,2754,7102,18,12,11,1,1,1,3
831,0,2.56,1,7,0,68,0.28,106,1,29,1330,2216,2322,15,12,27,1,1,0,0
797,1,1.71,1,14,0,255,0.95,127,2,49,622,1456,4080,18,13,5,0,0,1,2
1913,0,2.52,1,11,1,157,0.37,122,2,5,795,1750,3358,8,11,30,1,0,1,1
590,1,3.13,1,1,0,233,1.03,193,6,6,2162,2066,5589,6,8,10,1,1,1,3
1230,1,1.74,1,29,1,112,0.75,123,8,13,2502,2480,5078,10,11,16,1,0,1,2
1505,1,2.23,1,7,0,125,0.53,89,4,44,385,933,4466,9,13,3,0,0,1,1
1377,0,2.98,0,3,0,212,0.71,126,3,63,1837,2660,4364,11,12,28,0,1,1,3
1657,1,1.17,0,11,0,186,0.69,158,5,41,1378,2468,6918,19,11,17,0,0,0,3
1866,1,2.89,1,4,1,53,1.12,205,8,56,848,556,4978,8,11,30,1,0,0,1
1169,0,0.76,1,32,0,135,0.34,93,3,57,1447,1042,4417,8,10,13,0,1,0,2
1908,1,2.25,1,6,0,56,1.12,222,3,19,2449,952,7327,9,12,4,0,1,1,2
1040,0,2.61,1,9,0,196,0.13,136,5,13,706,1874,1228,11,7,21,0,1,0,0
2174,1,2.16,1,8,0,9,0.95,138,8,12,2216,879,6913,9,8,7,0,1,1,2
1358,0,1.84,1,0,1,212,1.11,87,6,52,451,1124,2032,9,12,20,1,1,1,1
1751,1,2.17,1,0,1,238,0.53,128,5,44,1941,827,3059,15,5,3,1,1,0,2
1988,0,0.91,0,16,0,7,0.18,158,6,56,416,500,613,7,11,7,0,1,1,0
1848,0,1.08,1,7,0,162,0.99,182,1,33,383,1551,4900,8,4,20,0,0,0,1
1947,0,1.23,1,2,0,22,1.03,204,7,63,327,1177,6898,20,9,21,0,1,0,2
1412,0,2.11,1,9,0,93,0.47,166,1,58,2140,1672,3444,6,3,7,0,0,1,1
573,0,1.69,1,9,1,87,0.67,100,4,52,1594,888,5606,7,13,8,1,1,1,2
1338,0,1.16,0,13,0,134,0.99,146,3,52,1869,1087,3530,7,12,27,0,0,1,1
808,0,2.88,0,32,0,235,0.31,199,6,9,607,2713,6343,15,5,3,0,1,0,3
2012,1,1.51,1,10,0,119,0.79,184,2,48,2415,2478,8182,17,4,9,1,0,1,3
902,1,1.7,1,23,1,103,0.57,176,2,61,2149,1033,6004,17,10,30,1,0,0,3
887,1,1.61,0,25,0,25,0.29,164,8,20,1393,753,3126,17,12,18,0,1,1,0
924,1,0.99,0,1,0,228,1.01,163,4,53,2362,2932,6844,6,6,3,1,0,0,3
1593,0,2.48,1,16,0,82,0.46,239,6,24,577,2145,803,11,13,27,1,0,1,0
1471,0,1.71,0,14,0,119,1.13,178,5,15,930,1639,8092,16,8,12,1,0,1,3
2113,0,0.54,1,16,0,25,0.73,178,5,48,354,2195,6960,17,7,23,0,1,0,2
1208,0,3.1,0,5,0,75,0.67,137,6,12,628,912,5531,11,6,20,0,1,0,1
980,0,2.7,0,15,0,143,0.57,161,6,32,2226,1467,5280,20,5,13,0,0,0,2
583,1,2.45,1,4,0,231,0.54,195,8,60,1207,1369,2449,20,6,13,0,1,1,1
512,1,2.85,1,31,0,85,1.0,218,7,11,1763,2252,3825,19,4,18,0,0,1,1
1135,1,2.95,1,19,1,144,0.85,206,3,11,2321,811,1290,19,7,13,1,1,1,0
2074,0,1.41,1,1,0,225,0.95,188,2,61,2043,1631,3114,22,6,7,0,0,0,1
1390,1,2.15,0,16,1,93,0.56,206,7,50,1183,2555,5041,19,3,23,1,0,1,2
2019,0,2.14,1,30,1,77,0.39,90,3,31,1062,846,3293,15,6,21,1,1,0,1
672,0,1.22,1,24,0,13,0.2,127,3,27,495,641,6432,12,3,19,0,1,0,1
658,0,1.1,1,9,0,233,0.95,122,1,62,2198,2521,7065,12,4,23,0,1,0,3
1917,1,0.81,0,29,0,30,0.56,187,5,47,2564,2661,4825,19,10,17,0,1,1,2
681,0,2.28,1,6,0,56,0.66,202,5,59,1420,1474,3130,11,3,28,0,0,1,0
588,0,2.61,0,8,0,37,0.62,108,7,7,1419,443,2843,16,6,27,0,1,1,0
1187,0,2.55,1,5,0,182,0.57,115,6,35,2243,1769,4710,14,10,30,0,0,0,2
2073,0,1.35,1,30,0,95,0.85,162,6,47,1048,1123,6040,12,3,6,1,0,1,3
1672,0,1.05,0,23,0,181,0.77,236,5,4,1199,1894,1485,13,11,5,0,1,1,0
668,0,1.72,1,17,0,156,1.17,85,7,34,2349,695,3952,7,3,16,0,1,0,1
1923,0,1.98,1,22,0,5,0.25,222,8,5,1135,2478,3895,18,3,22,0,1,0,0
1934,0,2.98,1,8,1,80,0.73,115,7,58,2429,2157,2713,7,5,9,1,1,0,2
1861,0,2.86,1,2,0,3,0.17,126,3,44,621,2049,2338,7,12,6,1,1,0,0
2035,0,2.97,1,27,0,18,0.99,183,3,13,1412,1693,6972,10,3,4,0,1,0,2
908,1,2.8,0,31,0,122,0.78,198,1,34,1396,910,3833,15,4,18,1,1,0,1
2166,0,3.1,1,1,0,69,0.57,221,8,8,964,2838,4940,11,13,30,1,0,0,2
1045,1,1.76,1,1,0,24,0.98,85,6,52,2513,1032,806,20,9,16,0,0,1,0
1864,1,0.63,0,18,0,106,0.6,92,8,14,1379,1301,2689,21,9,23,0,0,1,1
1485,0,0.73,0,1,0,117,0.35,159,7,40,2315,2803,2229,12,3,4,0,0,0,1
1825,0,1.55,0,23,0,255,0.62,172,4,6,757,429,3036,22,7,9,0,0,0,1
1567,0,1.2,1,31,0,170,0.18,125,2,11,1063,655,6976,7,9,22,1,1,0,2
1592,0,0.96,0,9,0,102,1.09,184,1,63,1369,2362,4902,8,8,14,0,0,1,2
1548,0,3.07,1,9,0,122,0.9,126,7,26,1571,1306,7441,11,8,3,0,0,1,3
1825,0,1.03,1,28,0,24,0.94,230,3,9,781,1873,3760,22,4,9,0,1,0,0
1757,0,3.09,0,11,0,100,1.06,112,4,46,979,1876,6426,14,13,25,0,0,1,3
728,0,2.55,1,7,1,150,0.97,187,7,14,1709,2538,1744,18,10,22,1,1,1,1
1905,1,2.23,1,2,0,7,0.58,167,4,39,897,1982,6774,17,5,25,0,0,1,2
1411,0,2.33,1,27,0,236,0.23,101,8,53,2034,1462,5201,14,13,12,0,1,1,3
1049,1,1.39,1,30,1,133,0.51,179,5,45,1366,1792,809,21,6,29,1,1,1,0
1374,0,2.25,0,2,0,202,1.13,107,7,17,2528,2299,5805,22,4,28,0,0,0,3
2144,1,1.0,0,26,0,72,1.14,169,2,16,801,1336,4193,13,12,13,0,0,1,1
1958,0,3.03,0,5,0,215,0.94,184,4,16,2229,778,512,18,4,8,1,0,0,1
1918,1,1.31,0,4,0,95,0.32,96,2,41,1397,1623,7017,16,3,29,0,1,0,3
1287,1,1.19,1,12,0,238,0.31,118,1,44,443,2999,4635,16,9,12,0,1,1,2
1833,0,2.42,0,14,0,135,1.07,131,8,34,1904,620,5171,7,5,16,0,1,0,2
1155,1,2.27,1,28,0,164,0.26,229,5,27,739,785,4945,9,4,29,0,1,0,1
1667,0,1.72,1,23,0,53,0.74,119,3,5,567,2987,1207,22,4,10,0,1,1,0
1587,0,2.21,0,4,0,255,0.52,228,4,54,1495,2544,3062,10,4,27,0,1,1,2
924,1,0.93,1,19,0,51,0.43,168,2,43,2095,633,5901,17,13,7,1,0,1,1
953,1,2.32,0,28,0,10,0.85,232,1,42,848,889,3113,21,10,11,0,1,1,0
603,0,1.23,1,21,0,114,1.16,214,8,8,1711,2172,7335,16,12,13,0,0,0,3
737,1,1.24,0,7,0,214,0.96,130,1,20,273,2417,2951,9,9,16,1,1,1,1
1237,1,0.94,0,4,0,236,0.63,172,4,21,675,2287,4041,20,8,9,0,0,0,2
1312,1,1.4,0,14,0,220,0.58,196,2,39,2022,2629,3932,6,5,27,0,1,1,2
780,0,1.39,1,15,0,143,1.1,97,8,51,270,1678,657,18,13,21,0,0,0,0
1209,1,1.73,0,11,1,235,0.74,188,2,56,1084,2670,6748,10,12,21,1,1,0,3
1527,0,1.01,1,3,1,127,0.65,156,4,34,1439,1917,1553,16,8,23,1,0,1,0
895,1,1.02,0,3,0,123,0.85,90,7,24,396,1595,4114,14,4,20,0,0,0,1
1075,1,1.96,0,17,0,48,0.36,220,5,27,2550,2026,7485,15,11,21,0,1,1,3
1125,1,0.85,1,31,0,202,0.17,126,4,48,1441,1469,8144,12,6,21,0,0,0,3
1359,1,2.36,1,19,0,82,1.04,221,5,22,1039,1945,2280,14,5,23,0,0,0,0
1123,1,3.05,0,14,1,51,0.77,117,4,28,2547,2555,3401,21,11,28,1,1,1,1
1753,0,1.65,0,30,1,96,0.28,169,3,51,1558,2888,4857,20,12,8,1,1,1,2
1057,0,2.93,0,22,0,155,0.43,142,5,36,1842,1873,5883,13,9,17,1,0,0,3
1238,1,0.77,1,23,0,70,1.19,224,3,31,453,335,2432,22,3,8,0,0,1,0
1145,0,0.62,0,18,1,93,0.8,233,8,48,614,1985,4728,21,9,8,1,0,0,1
811,1,2.45,0,25,0,86,0.8,205,4,20,346,995,6920,16,13,29,1,1,0,2
1666,0,2.55,1,16,0,154,0.18,216,7,5,1454,952,6367,16,10,16,0,0,1,2
900,1,2.78,0,20,0,184,1.17,204,2,51,2214,2682,6826,6,5,22,1,1,0,3
1004,0,0.65,0,20,0,174,1.08,130,6,30,2368,1516,7335,14,10,23,0,1,0,3
1848,0,2.6,1,24,1,37,0.7,228,5,22,1596,2439,7127,9,5,3,1,0,0,2
2114,0,1.52,0,29,0,90,0.44,167,6,7,368,1310,4442,8,12,16,1,0,0,1
1641,0,1.32,0,9,1,167,0.87,138,4,60,1718,1946,7995,20,12,8,1,1,0,3
2058,0,0.97,0,23,1,57,1.02,114,6,47,1746,2103,4310,10,9,11,1,1,0,2
1952,0,3.19,1,1,1,19,0.96,195,1,19,1649,2714,5961,16,4,8,1,1,0,2
1318,1,0.67,1,17,0,84,1.17,128,6,40,1942,846,7753,20,7,21,0,1,0,3
1810,1,2.73,1,29,1,175,0.8,186,7,31,1555,1824,844,16,4,6,1,1,1,0
1058,1,2.23,1,21,0,171,0.45,95,4,22,1902,1407,7683,19,11,15,0,1,0,3
1283,1,2.48,0,8,0,35,0.65,184,1,21,1388,1563,6824,19,10,11,1,0,0,1
1410,1,2.42,0,20,0,174,1.0,185,5,6,594,2595,8169,13,5,29,1,0,0,3
2133,1,2.82,0,11,1,51,0.39,166,7,63,428,684,6447,21,12,25,1,1,1,2
1943,0,1.0,0,14,0,191,0.35,187,4,60,2382,1785,1713,21,11,12,0,1,0,1
1332,1,0.5,1,7,0,146,0.9,240,1,56,1281,1359,2831,11,13,11,0,1,0,0
1610,0,2.12,0,20,0,34,0.59,215,4,21,1000,2722,539,19,6,23,1,1,1,0
844,0,1.46,1,6,1,91,1.0,153,8,64,932,900,5180,9,4,20,1,1,0,1
1868,1,0.83,1,14,1,210,0.26,220,3,19,362,943,3870,7,8,18,1,0,0,2
1440,0,1.0,0,30,0,112,0.47,233,5,53,2471,563,4158,15,5,5,1,0,1,1
1406,1,1.4,1,25,0,177,0.39,109,3,8,436,1499,6144,16,11,5,0,1,1,2
1803,1,0.69,1,13,0,192,0.87,140,6,21,757,348,6812,15,7,20,1,1,1,3
1576,1,0.65,0,31,0,9,0.94,200,4,38,1320,1661,1071,19,9,16,0,0,1,0
623,1,2.97,0,0,1,239,0.6,165,4,62,1085,919,7554,12,4,26,1,0,1,3
990,1,1.34,0,31,0,87,0.63,106,5,18,334,1393,3381,19,3,3,1,1,1,0
800,0,3.15,1,11,0,204,0.25,158,5,29,1017,1942,6288,21,13,8,1,0,1,3
1750,1,3.1,1,27,1,121,0.87,143,4,55,2080,2155,4978,7,7,25,1,1,1,3
559,0,0.88,0,31,0,149,1.19,200,3,31,831,484,3920,13,4,30,1,0,0,0
844,0,2.43,1,19,1,93,0.96,165,1,45,2284,718,2144,9,11,23,1,1,0,0
1516,0,2.12,0,20,0,219,0.35,106,6,28,1090,1171,1968,17,4,3,1,0,1,1
1681,0,2.36,0,24,0,31,0.79,92,3,2,271,1712,6127,13,13,4,1,1,0,1
1356,1,0.76,0,7,0,230,0.42,129,5,19,497,2688,2980,10,7,27,0,0,1,1
1964,0,1.01,0,5,0,54,0.13,109,4,37,2152,692,2275,10,8,16,0,0,0,0
2063,1,0.71,0,11,0,227,0.3,221,7,3,1197,501,556,12,5,16,1,1,1,0
724,1,2.13,0,15,0,8,0.21,127,6,16,2556,2006,6969,7,3,29,0,1,0,2
2120,1,3.16,0,24,0,5,0.32,183,4,62,2102,2944,3550,7,7,9,0,1,1,1
1545,1,2.31,1,8,0,25,0.98,104,3,2,311,2545,3187,16,7,10,1,1,1,0
1582,0,2.42,0,18,0,141,0.42,153,6,17,977,1835,3367,22,7,22,0,0,1,1
661,0,3.16,1,0,0,69,0.93,230,1,41,1951,373,5110,14,8,28,0,0,1,1
1557,1,2.33,1,1,0,154,1.14,185,1,37,388,1864,4213,21,9,13,0,1,1,1
1734,1,0.61,1,31,1,211,0.73,129,1,14,2598,1545,4691,8,3,7,1,1,0,2
1487,1,2.84,0,28,0,8,0.63,201,3,5,632,1518,2646,22,6,4,1,1,0,0
643,0,1.48,1,28,0,136,0.93,163,4,58,2121,1640,2789,15,12,3,0,1,0,1
1390,0,0.51,0,10,0,190,0.21,121,3,36,2224,1825,7139,18,13,13,1,0,1,3
2092,0,1.87,0,16,0,110,0.57,240,2,38,1433,2251,3884,7,8,17,0,0,1,1
1730,0,3.03,1,22,1,237,0.65,231,3,5,2137,835,7985,16,7,16,1,0,1,3
733,0,1.19,0,8,0,170,1.01,173,4,15,2329,520,7009,12,7,9,0,1,1,3
2132,1,1.83,1,24,0,10,1.0,90,3,6,1973,457,5978,21,11,21,0,1,0,1
2131,0,0.97,0,22,0,140,1.03,149,5,63,1911,1408,4723,19,7,27,1,0,0,2
788,1,0.66,1,13,1,99,0.87,165,4,50,1157,1681,6944,20,13,9,1,1,1,2
1862,1,0.72,1,14,0,35,0.68,230,8,36,930,2425,938,21,3,21,1,0,1,0
1191,1,2.46,1,10,0,244,1.01,199,8,44,2288,1482,4345,18,9,18,1,1,1,3
1509,0,2.83,1,26,1,58,1.06,119,6,12,769,1746,5988,10,8,22,1,0,1,2
1257,0,0.89,1,32,0,23,0.63,164,5,64,1218,2938,1342,10,7,3,0,1,1,0
1831,1,1.28,0,32,0,58,1.18,113,1,34,1450,2330,1913,20,8,21,0,0,0,0
2195,0,1.03,0,25,0,211,1.06,158,5,34,1162,2172,1013,16,4,23,1,0,0,1
1852,1,0.57,0,11,0,154,0.66,168,4,62,1120,1295,4245,21,6,22,1,0,0,2
2084,1,1.99,1,25,0,211,0.18,164,3,8,1654,728,4671,19,6,26,1,1,0,2
2109,0,2.39,1,8,1,119,0.35,151,7,28,1017,2786,4110,16,10,23,1,0,1,2
653,1,2.25,1,29,1,31,0.95,153,1,7,2574,1803,933,8,9,30,1,0,0,0
931,0,1.55,1,8,0,100,0.22,209,3,28,660,527,4248,22,7,21,0,1,0,0
1727,0,2.0,0,13,0,52,0.62,163,7,18,1158,1613,7333,10,8,15,1,1,0,2
1503,1,0.75,1,3,0,143,0.77,91,8,31,2235,564,750,10,9,26,1,0,1,0
585,1,0.92,1,2,0,70,1.07,200,5,46,1362,2950,6472,8,3,22,0,1,0,2
661,0,3.02,0,13,1,249,1.03,181,5,19,1904,1736,2604,7,12,18,1,1,1,1
1385,1,2.56,0,18,0,98,0.94,193,8,5,1767,2424,1086,12,12,19,0,1,1,0
1548,1,2.99,1,0,0,82,0.55,195,1,12,1022,1582,901,20,7,12,0,0,1,0
785,1,2.98,0,27,0,253,0.26,112,4,47,1996,372,609,20,11,20,0,1,0,0
791,0,2.25,1,3,0,134,0.84,236,2,38,801,2031,3699,14,7,16,0,0,1,1
720,0,3.01,1,32,0,45,0.3,239,4,63,2010,2070,4336,11,3,6,0,1,0,1
1460,1,1.63,1,8,1,124,0.72,107,8,58,542,934,5284,11,12,15,1,1,1,2
513,1,0.51,1,12,1,66,1.18,119,5,12,1878,2240,1135,21,5,29,1,1,0,0
1473,1,0.67,1,5,0,184,0.71,123,8,48,505,925,5535,6,6,12,0,0,0,3
1309,0,0.8,1,27,0,148,0.81,235,5,7,2291,2174,6194,6,9,21,0,0,1,2
1292,0,0.76,1,24,0,188,0.85,230,7,8,1716,2328,1007,7,7,14,1,0,0,0
1655,1,1.45,0,2,0,241,1.01,126,2,51,335,688,5697,21,5,10,0,1,0,3
1388,0,2.39,1,3,1,187,0.58,183,3,27,496,1102,1425,7,11,13,1,1,1,0
1737,0,2.63,1,20,0,88,0.65,122,3,64,682,757,3886,22,6,29,0,1,0,1
1799,1,2.09,1,28,0,53,0.29,90,7,2,2507,2269,5593,9,9,6,0,0,0,2
2065,1,0.9,0,3,0,136,0.78,120,5,33,1631,951,7201,15,10,21,0,0,0,3
1859,0,2.52,0,7,0,116,0.43,97,2,21,899,2037,4592,22,13,26,0,0,1,1
1380,0,1.46,1,17,1,81,0.66,217,2,64,893,1439,3856,7,8,8,1,1,1,1
1337,0,0.54,0,3,1,208,0.94,207,4,44,300,543,6913,10,8,24,1,1,1,3
900,1,1.26,0,10,0,233,0.12,113,2,50,719,2686,2172,18,13,20,1,0,1,1
1519,0,1.39,1,0,0,99,0.72,173,6,20,2259,2226,2087,19,8,12,0,0,0,0
736,1,1.24,0,16,0,175,0.29,117,7,58,1653,1021,4094,21,6,7,0,0,1,2
2084,0,2.69,1,23,0,252,0.41,173,8,54,1107,2677,1436,6,3,29,0,1,0,1
1937,1,2.55,0,13,1,5,0.14,224,2,51,290,2220,682,19,6,8,1,1,1,0
703,1,2.38,0,8,0,95,0.29,222,4,32,1049,2509,3292,11,5,29,0,0,1,1
1836,1,0.88,1,14,1,190,1.19,214,5,60,1143,797,1683,15,6,21,1,0,0,1
699,1,2.68,0,16,0,128,1.2,122,4,44,520,343,5405,21,8,26,1,0,0,1
1726,1,2.33,1,5,0,203,0.89,114,4,6,1673,485,4725,21,8,11,0,1,1,1
649,0,1.03,1,3,0,123,0.77,110,2,57,1799,1766,4244,9,5,3,0,0,0,1
1330,1,2.25,0,5,0,18,0.95,104,1,3,2596,2429,4324,14,8,21,0,1,1,1
1619,1,1.81,1,32,0,112,1.09,180,4,45,1087,2768,1269,10,7,13,0,0,0,0
1739,1,1.69,0,23,1,105,0.67,187,1,17,891,2896,3603,16,3,18,1,1,1,0
1212,0,0.8,1,4,0,217,0.14,222,1,58,2183,1925,1059,20,6,15,1,1,0,1
2067,1,1.9,0,9,0,39,0.88,99,5,47,1067,2012,3238,11,10,12,1,0,0,1
1817,0,0.77,0,13,0,41,1.18,126,7,52,1728,1098,5717,8,3,23,0,1,1,2
854,1,0.94,0,5,1,38,0.38,198,5,46,1981,323,8088,7,6,17,1,0,1,2
1641,1,0.86,1,28,0,146,0.61,191,1,37,2317,841,2793,6,8,20,1,1,1,1
1742,0,3.08,0,31,1,255,0.5,151,7,56,992,468,2540,12,4,21,1,1,1,2
1067,1,1.27,1,8,0,159,0.53,108,6,20,1709,2156,5654,22,10,21,0,0,1,2
1755,1,1.46,0,0,0,210,0.89,160,3,35,549,1668,7562,10,10,12,0,0,0,3
2028,0,1.37,0,8,1,219,0.52,111,3,20,2079,2387,2777,12,6,24,1,1,1,2
1889,0,2.93,1,19,0,155,1.14,168,8,9,346,717,6949,17,5,9,0,1,1,3
1797,0,2.02,0,26,0,157,0.97,225,4,57,1884,2766,2929,17,11,29,0,1,0,1
1579,1,2.98,0,11,0,63,0.13,115,2,33,733,2249,5422,10,5,25,0,1,1,2
960,1,1.31,1,9,0,246,1.0,103,3,5,1332,2748,2123,8,4,18,0,0,1,1
1852,1,0.81,1,8,1,202,0.95,200,3,53,420,2058,2524,8,3,8,1,1,1,1
1119,1,2.0,0,0,0,224,0.67,88,4,61,1865,1229,8067,9,4,28,0,0,1,3
1405,1,1.43,1,0,1,252,0.65,238,3,43,1378,1998,3500,7,12,18,1,0,1,2
1034,0,2.67,1,14,0,90,1.02,205,5,22,1806,1938,635,13,13,25,1,0,1,0
1032,0,2.87,0,20,0,38,0.57,147,3,56,1060,805,6442,16,9,3,0,0,0,2
768,0,1.78,1,0,1,221,0.28,141,6,48,255,592,1489,17,13,12,1,0,0,1
2135,0,3.12,1,6,0,122,0.44,145,4,19,1611,2063,1362,21,10,11,0,0,1,0
751,1,1.99,1,30,0,246,0.39,146,8,22,1889,573,6935,10,7,25,0,0,0,3
646,0,1.23,0,32,0,179,0.85,215,7,64,1809,589,3189,17,10,16,1,0,1,1
2092,0,1.82,0,21,0,67,0.3,209,3,62,858,511,1573,21,7,6,0,0,0,0
1444,0,0.6,1,17,0,92,0.81,116,1,44,1931,1988,8006,6,13,20,0,0,0,3
1244,0,2.67,1,19,0,157,0.61,113,5,4,1519,2805,2668,19,12,7,0,1,0,1
1754,0,0.77,0,12,0,102,1.02,169,3,16,736,1652,5373,7,12,15,1,0,1,2
1152,0,1.33,0,6,0,73,0.63,186,8,24,502,728,2530,15,8,30,0,0,0,0
717,1,2.03,1,12,0,55,1.12,198,4,35,1008,1694,4975,20,8,15,0,0,1,1
1741,0,0.62,1,23,0,167,1.09,133,3,56,294,1613,5865,13,4,15,0,0,1,2
799,0,0.71,0,21,0,10,0.3,160,3,55,1930,1910,6332,15,10,4,1,0,1,1
1440,0,2.38,0,22,0,25,0.85,101,7,19,275,1481,3670,16,4,15,1,1,0,0
2114,1,0.69,1,20,0,12,0.34,156,1,8,354,1746,5243,15,8,29,1,0,0,0
2092,1,1.79,1,1,0,189,1.01,192,8,19,613,1190,6968,18,4,29,0,1,0,3
1113,1,1.41,1,20,0,9,0.8,132,2,16,1009,2749,6966,20,8,29,0,1,1,2
1827,1,1.12,1,29,0,109,0.42,134,7,58,286,1761,6252,8,11,13,1,0,1,3
1542,1,1.01,1,21,1,32,0.37,157,5,2,1727,1153,3581,13,6,4,1,0,1,0
1315,1,2.56,0,19,0,151,0.57,220,5,54,552,327,4591,20,9,9,0,0,1,1
738,0,3.07,0,7,0,10,0.98,179,2,43,2136,2139,7944,12,5,8,0,0,1,3
1140,1,0.88,0,26,0,8,0.98,228,6,8,1560,1339,2425,14,6,5,1,1,0,0
1608,0,3.09,0,14,1,106,0.14,94,6,45,436,987,5831,18,5,22,1,1,0,2
2178,0,2.11,1,8,0,179,0.43,217,4,38,1185,1605,6598,21,4,17,0,0,0,3
508,1,2.23,1,16,0,29,0.57,91,4,2,571,1620,4205,10,7,23,0,0,0,0
1720,0,2.42,0,4,0,128,0.74,135,5,16,2555,2473,7163,22,4,8,0,1,1,3
1939,0,2.4,0,30,0,208,0.26,151,4,23,1638,1774,3801,18,12,22,0,1,1,2
2117,1,2.71,0,23,0,161,0.47,121,8,15,2149,2199,6935,6,11,4,1,1,1,3
1220,0,1.81,0,10,0,193,1.07,239,1,38,1123,2054,5461,20,5,23,1,0,1,2
701,0,1.94,0,26,0,82,0.62,224,3,40,586,2598,909,12,12,25,0,1,1,0
960,1,1.37,0,1,0,242,0.92,174,7,12,794,336,6836,10,7,10,1,0,0,3
1946,1,0.78,1,12,1,39,0.63,155,7,9,1224,1328,5873,14,8,12,1,1,0,1
1993,0,2.29,0,21,0,156,0.61,203,3,43,2059,2237,2219,15,10,15,1,0,0,1
1583,1,0.59,1,0,1,113,0.78,195,5,31,1257,697,5918,15,11,19,1,1,1,2
708,1,1.24,0,23,0,10,0.39,159,1,18,2432,1504,4441,6,3,17,1,1,1,0
707,0,0.75,0,27,1,242,0.37,214,2,18,1094,1395,7755,19,6,5,1,1,1,3
1313,0,1.01,1,19,0,181,1.19,115,8,4,790,2479,2852,11,6,13,1,1,0,1
1500,0,2.22,1,6,0,60,1.06,128,6,55,1410,2901,2535,8,9,17,1,0,0,1
555,0,2.2,0,24,0,15,0.91,87,1,55,502,605,960,15,12,20,0,1,1,0
1667,0,1.64,0,11,0,174,0.25,103,7,36,1821,894,6551,16,7,20,0,0,0,3
1426,0,0.74,0,24,1,140,0.13,116,4,24,478,2395,8079,7,8,21,1,0,1,3
520,0,1.67,0,20,0,14,0.29,182,5,15,1753,788,5804,22,3,15,0,0,1,1
662,0,1.45,1,3,0,253,1.13,218,7,21,1143,1652,3348,16,8,17,0,0,0,2
1272,0,2.45,0,3,1,185,1.0,177,7,60,1083,2851,7261,22,8,12,1,1,1,3
1729,0,2.06,0,0,0,119,0.68,154,2,7,1682,2934,2457,17,10,10,1,0,0,1
1904,0,1.83,0,2,0,62,1.17,127,3,53,1904,2866,5837,6,12,11,0,0,0,3
1233,0,1.81,0,9,0,71,0.26,100,3,21,2433,680,5097,9,9,15,0,0,0,1
1002,1,3.11,0,0,0,117,0.72,176,8,18,923,720,7059,22,3,6,1,1,1,2
2147,0,2.54,0,30,0,16,0.3,106,7,53,2156,791,7975,15,11,9,0,1,0,3
1279,1,1.84,1,30,0,95,0.44,208,6,62,2212,2382,3273,8,8,6,0,0,1,1
1036,1,1.79,0,5,0,57,1.13,148,1,64,2590,799,1244,7,8,14,0,0,0,0
1252,1,0.57,0,10,0,30,1.06,139,7,18,2516,1472,1722,15,12,16,1,1,0,0
520,1,3.04,1,24,0,34,0.21,89,5,39,2106,2514,6190,16,9,7,0,1,0,2
1013,0,1.36,1,21,0,90,0.37,122,3,20,935,1639,3302,10,11,6,0,0,0,0
1376,1,1.19,0,19,0,99,0.75,87,4,14,1879,2841,1586,9,12,17,0,0,0,0
2062,0,3.2,0,32,0,91,0.17,198,4,26,2092,1656,6772,16,8,9,0,1,0,2
1755,0,2.44,1,20,1,177,0.71,161,3,5,928,1338,5495,13,13,27,1,0,1,2
1828,0,0.63,0,22,1,135,0.74,207,8,12,2160,2916,1523,6,4,7,1,0,1,1
1426,0,0.67,1,16,0,51,0.42,173,8,39,1897,1786,5990,6,12,16,0,0,0,2
688,0,0.57,0,17,1,249,0.42,233,1,45,1398,815,5412,10,12,25,1,1,0,2
1164,0,2.12,0,9,1,188,0.35,207,8,19,2274,2020,8075,15,4,5,1,0,1,3
2195,1,0.69,1,17,0,121,1.13,108,4,37,447,2392,8097,11,4,15,0,1,1,3
575,1,3.02,0,30,0,14,0.53,103,7,50,1854,2567,8003,6,3,16,1,0,1,3
1995,0,3.03,1,12,0,235,0.74,223,7,58,2096,335,7386,21,6,18,0,0,1,3
1664,1,1.97,1,4,0,191,0.43,126,5,37,335,610,6605,17,13,27,0,0,1,3
982,0,2.16,0,19,1,119,0.87,204,6,17,1202,2005,5667,15,4,19,1,1,1,2
1823,0,1.29,0,25,1,43,0.21,183,6,46,1460,2309,4696,10,3,13,1,0,0,2
1923,1,0.67,0,31,0,29,0.18,194,7,12,731,2069,6600,18,8,14,0,1,1,2
573,1,2.49,1,17,0,75,0.92,126,4,10,2316,1346,7931,22,6,20,1,1,1,3
681,0,0.77,0,26,1,60,0.9,133,6,24,1719,2340,1406,17,9,11,1,1,1,0
1632,0,0.73,1,8,0,55,0.39,171,8,22,889,1872,1559,11,9,22,0,0,0,0
2199,0,1.34,1,13,0,105,0.49,88,8,11,1271,2802,4343,12,12,13,1,1,1,2
540,0,0.53,1,13,1,13,1.15,133,2,5,504,1305,2767,21,7,4,1,1,0,0
1632,0,1.67,0,10,0,84,0.21,164,4,61,446,2341,4597,6,8,17,0,0,0,1
732,1,2.41,0,23,0,224,0.3,116,5,44,2002,705,2902,9,3,10,0,0,1,1
1605,1,2.66,1,29,0,222,0.57,129,5,47,2562,2282,6523,7,13,13,0,1,0,3
1560,0,2.13,1,10,1,4,0.41,238,6,6,893,2281,7412,16,5,12,1,0,1,2
653,1,2.79,0,4,0,175,0.81,130,7,52,817,1000,2682,13,9,6,0,1,0,1
1657,0,1.6,1,27,0,254,0.86,225,5,24,1854,485,6444,8,12,11,0,0,1,3
2025,0,2.79,0,28,0,149,0.68,229,6,49,1446,2981,1329,22,9,28,0,1,1,1
1968,0,1.87,1,30,0,101,0.77,190,8,32,569,525,6632,15,9,11,0,0,1,3
549,1,1.1,1,8,1,127,0.58,108,1,17,1815,1575,5874,10,4,23,1,1,0,2
918,1,3.05,0,23,1,56,0.94,117,6,18,735,322,5968,22,10,14,1,1,1,2
909,1,1.24,0,23,0,103,0.15,230,3,10,511,1439,4295,17,5,4,0,1,0,0
1271,0,0.57,0,26,1,240,0.44,85,8,54,1336,2520,1333,8,10,26,1,1,0,2
743,1,1.16,0,26,1,158,0.85,163,5,29,1985,1665,6981,20,9,28,1,1,0,3
1953,0,1.49,0,31,1,111,0.46,178,5,51,1470,962,1354,7,8,9,1,1,0,0
1821,0,1.45,1,15,0,33,0.19,215,7,54,1770,1376,4210,21,10,7,1,1,1,1
1875,1,1.92,0,2,0,233,0.48,224,2,12,801,567,1850,12,10,29,0,0,0,0
837,0,2.88,0,6,0,43,0.88,129,5,22,1405,1911,7012,10,5,5,0,0,0,2
524,1,1.29,0,29,0,186,0.23,163,7,9,1923,331,4922,6,7,27,1,0,0,1
2048,1,1.91,0,27,0,79,0.9,183,7,2,1487,1257,4412,21,8,7,1,1,0,1
991,1,1.42,1,0,0,73,0.95,235,2,64,805,482,2949,15,4,27,0,0,0,0
1616,0,2.72,0,12,0,45,0.8,171,7,43,2494,963,6523,16,6,29,0,0,1,2
2046,0,0.93,1,8,0,97,0.37,104,2,30,398,500,2125,20,3,9,0,1,1,0
561,1,0.78,0,10,0,174,0.99,229,3,14,2390,2807,6048,14,7,9,0,1,1,3
509,1,1.86,1,21,1,108,0.34,164,7,39,1950,2389,7956,10,5,5,1,0,1,3
509,1,2.31,1,16,1,8,1.1,112,5,36,504,2807,2555,19,5,25,1,1,1,0
765,1,2.65,0,15,0,69,0.88,114,5,16,842,2151,5781,15,12,12,0,1,1,2
587,0,2.09,0,14,0,42,0.16,116,5,2,1110,1650,2888,10,4,21,0,0,1,0
1894,0,2.59,1,21,0,104,0.98,197,8,31,2500,786,7653,20,4,20,0,1,0,3
1530,1,1.56,1,22,0,232,0.66,233,2,34,1460,2899,7418,19,6,17,0,0,1,3
2167,0,0.59,0,1,0,247,0.6,153,3,52,849,2779,2922,10,3,9,0,0,1,2
1863,1,0.81,1,4,0,256,0.56,100,4,26,2412,1434,2286,17,12,13,0,0,0,2
2138,0,0.6,1,11,0,30,0.77,223,7,8,518,924,1146,21,13,17,1,1,0,0
905,1,1.39,1,14,0,126,0.9,184,5,57,2167,1358,5869,19,11,5,0,1,0,2
989,1,1.84,0,32,0,13,1.09,174,6,28,2201,1376,7575,9,11,14,0,1,0,2
1944,0,1.46,1,29,0,128,0.4,94,7,47,1152,2778,1626,20,4,22,1,0,1,1
916,0,2.01,1,21,0,149,0.79,236,8,4,341,499,6780,6,9,14,0,0,1,2
597,1,1.8,1,1,0,199,0.85,97,4,4,2332,2016,6312,16,3,14,1,0,0,3
1638,0,2.33,0,3,0,87,0.84,180,4,3,2524,2380,4137,14,6,26,0,1,0,2
1862,1,2.3,1,15,1,11,0.64,178,1,51,1132,2364,2227,6,8,17,1,0,1,0
2146,1,1.36,0,19,1,117,0.53,165,1,17,678,837,5527,18,10,23,1,1,0,1
2078,1,1.43,0,21,0,110,0.94,171,4,51,880,1426,5075,11,6,4,1,0,1,2
704,0,2.08,0,4,0,161,0.43,147,6,61,562,1237,6745,20,5,28,1,0,0,2
1813,1,2.11,0,29,1,27,0.33,174,7,43,1679,1411,4845,20,12,24,1,0,0,1
1939,0,1.35,1,16,1,158,0.7,141,4,64,1464,553,886,16,5,26,1,1,0,0
1687,1,1.39,1,19,0,104,0.39,158,5,60,1080,543,2075,16,8,22,0,0,1,0
1894,1,2.37,0,1,1,190,0.14,190,7,47,1776,384,3435,6,6,18,1,0,0,2
1925,0,2.25,0,27,0,252,0.16,200,3,52,1709,2911,4286,21,12,17,1,1,0,3
1259,0,0.86,0,17,0,60,0.86,108,2,40,266,1437,3199,17,8,20,0,1,1,0
568,0,1.69,1,7,0,194,1.17,239,8,15,1207,931,7265,12,4,16,0,1,0,3
1275,1,2.91,0,10,0,34,0.6,100,5,8,2278,2458,2671,7,4,23,1,0,1,1
843,0,0.6,0,11,0,253,0.26,128,2,26,2118,1645,5739,14,13,12,0,1,0,3
693,0,2.81,1,0,0,124,1.0,139,3,31,2258,1297,3288,21,13,24,0,0,1,1
712,1,0.94,1,31,0,192,0.39,135,3,24,2493,627,8136,20,11,12,1,0,1,3
1686,1,1.87,0,26,1,200,1.2,139,2,8,384,1354,7548,7,3,16,1,0,1,3
1358,1,1.65,0,29,0,157,0.72,135,4,33,878,2054,6538,18,11,4,1,0,1,3
1418,1,0.53,0,11,0,100,0.36,153,7,33,1324,1991,6387,7,10,28,1,0,1,2
1767,1,2.97,1,18,0,194,0.65,204,6,62,1444,1367,5454,12,13,22,1,0,0,3
1432,1,1.73,1,15,0,123,0.47,214,8,62,2096,1963,5022,13,8,9,1,1,1,3
1571,0,3.08,0,15,0,170,0.96,139,7,40,1950,2378,4837,6,8,4,0,1,1,2
646,1,1.27,0,19,0,158,0.22,125,3,55,1907,2814,718,8,9,26,0,1,0,0
1947,1,2.84,0,14,0,120,1.04,190,1,21,614,1736,7712,20,4,3,1,0,0,2
1263,1,2.99,0,25,0,31,0.94,94,2,63,1839,930,8052,16,11,16,0,0,1,3
764,1,2.0,1,1,0,76,1.05,154,7,61,2119,667,4559,19,8,3,0,0,0,1
1883,1,1.05,0,6,0,241,1.08,119,3,9,2015,742,7198,15,5,22,1,0,0,3
1749,0,2.35,1,29,0,134,0.35,179,6,46,1616,348,3604,13,11,8,0,1,1,1
590,1,1.98,0,29,0,164,0.67,97,4,30,448,1816,1374,6,5,14,0,0,0,0
828,1,3.05,1,26,1,67,1.03,214,8,18,593,889,6921,15,12,18,1,0,1,2
526,0,1.69,0,12,0,181,0.52,127,5,27,1994,926,4424,19,6,13,0,1,1,1
960,1,1.22,1,15,0,126,0.17,165,8,59,2289,2261,7734,9,8,22,0,1,1,3
670,0,0.87,0,0,0,57,0.42,174,3,60,2188,1177,2149,14,7,17,1,1,0,0
1707,1,2.39,0,9,0,39,0.37,159,7,23,1247,2541,4190,13,11,14,1,1,1,1
1388,1,3.13,0,23,0,102,1.06,154,5,31,1626,687,5638,20,5,12,0,1,0,2
2167,0,0.58,1,11,1,146,0.61,126,2,34,656,1235,1566,8,5,14,1,1,0,0
1774,0,2.5,0,15,0,73,0.85,205,2,48,1637,458,8167,7,5,11,0,1,0,3
1540,1,3.0,0,4,0,64,1.16,165,3,32,701,1756,5184,9,5,19,1,0,1,1
1366,0,0.7,1,16,1,70,0.43,118,2,26,2117,654,1831,8,7,24,1,0,1,0
592,1,0.8,1,23,0,76,0.94,125,8,60,2094,963,6202,20,9,19,0,0,0,2
619,0,2.37,1,18,0,190,0.13,153,2,25,360,2291,7259,10,12,3,1,0,1,3
1548,1,2.25,0,18,0,129,0.21,216,5,18,2449,2680,3381,12,7,26,0,1,1,2
507,1,0.69,0,30,0,121,0.28,234,5,22,2119,1782,5196,10,7,25,0,1,0,2
572,1,2.75,0,7,1,43,0.44,145,5,22,1133,2907,6256,19,4,25,1,0,0,1
872,0,1.91,0,9,0,140,0.54,146,6,36,1305,2348,1629,17,4,4,0,1,1,0
2003,1,2.95,1,20,1,247,0.62,105,8,43,426,2338,4591,14,11,26,1,0,0,3
1280,0,2.87,1,15,0,192,0.37,170,8,10,2450,2975,4807,19,9,16,1,0,0,3
1706,0,2.69,1,32,0,115,0.17,122,7,57,478,558,2826,7,8,26,0,0,1,1
1200,0,1.89,1,1,0,80,0.85,212,4,17,2417,942,2813,17,7,24,0,0,0,0
794,1,1.18,0,4,0,91,0.13,168,6,9,1785,1491,5347,12,8,27,0,0,0,1
1131,1,1.87,1,11,1,8,0.99,119,2,44,2409,1977,6285,12,12,6,1,1,1,2
656,0,0.77,1,15,0,9,1.12,227,8,15,1115,2975,3499,8,5,18,0,0,1,0
1810,0,2.28,1,29,0,199,0.88,212,2,49,2354,585,1637,7,8,23,0,1,1,1
812,1,0.86,1,16,1,217,0.76,131,1,61,1246,934,6555,17,5,19,1,1,1,3
1140,0,1.88,0,14,0,248,0.82,103,7,45,1066,1119,1845,20,4,25,1,1,1,1
2167,0,0.65,0,5,0,161,0.82,126,7,50,1035,2117,535,21,10,23,0,1,0,0
1506,1,1.31,0,14,0,238,1.12,143,2,33,2487,2871,2988,10,10,4,0,1,1,3
1280,0,1.13,1,17,0,108,1.16,148,8,23,1339,2836,6796,18,12,8,1,0,1,3
1423,1,2.17,0,19,0,66,0.57,213,1,40,1369,2324,6324,7,3,20,1,1,0,2
1833,1,2.62,0,19,0,64,0.78,235,1,24,1759,2392,2866,19,4,13,0,1,1,0
932,0,0.65,0,14,0,62,0.98,201,8,57,1552,1434,4501,15,9,12,1,0,1,1
1582,0,2.8,0,5,0,192,0.1,216,2,31,1517,1952,7882,20,11,28,0,1,1,3
1984,1,2.82,1,5,1,4,0.68,104,2,33,1134,778,6033,7,13,5,1,1,0,1
1473,1,1.42,1,5,0,243,0.82,108,7,44,627,1678,6343,19,11,17,1,0,0,3
1259,1,2.28,1,20,0,199,0.89,226,5,13,2588,1104,1184,13,12,11,0,1,0,0
746,0,1.59,0,28,0,99,0.51,180,5,37,1399,2810,2363,15,11,4,1,1,1,0
922,1,0.92,0,29,0,180,0.43,121,8,49,2535,1305,1311,15,6,13,1,0,1,1
2109,1,1.93,0,10,0,36,0.3,208,1,50,1327,1378,8030,18,9,14,0,0,1,3
1420,0,0.73,1,2,0,112,0.71,112,8,16,1655,1399,3140,16,9,15,0,1,0,1
1012,1,2.87,1,20,0,29,1.11,204,3,5,1528,2736,4349,13,6,7,0,1,1,1
1211,1,3.0,0,1,0,30,1.09,222,5,14,2520,2820,4748,13,12,23,0,0,0,2
1483,0,2.72,0,20,0,3,0.5,161,3,53,501,1475,4528,7,11,12,1,0,1,1
1414,0,2.02,0,12,0,204,0.38,187,3,18,1461,2989,912,18,8,19,0,0,0,1
1690,1,2.01,1,27,0,191,0.97,199,3,5,602,2348,7498,17,8,18,0,0,0,3
937,0,3.16,0,20,1,229,0.9,222,5,39,2289,2589,3433,15,11,18,1,0,0,2
1604,0,1.17,1,24,0,252,0.66,176,8,57,1491,2775,7566,18,5,17,0,1,1,3
1252,0,0.71,0,13,0,248,0.53,130,1,16,2419,1211,6388,10,5,11,0,1,0,3
2099,1,2.02,0,27,1,255,0.24,116,6,4,890,1796,5864,9,7,16,1,1,0,3
768,0,1.39,1,17,1,6,0.96,140,7,10,624,1084,5910,21,4,17,1,0,0,1
752,1,1.37,1,20,0,201,0.78,93,6,10,1725,1150,8027,22,8,3,0,0,1,3
1285,1,0.52,1,11,0,186,0.51,193,8,14,584,1564,2842,20,7,23,1,0,1,0
1364,1,2.11,0,14,0,43,1.11,142,1,13,1120,456,3038,6,8,15,1,1,1,0
1675,1,1.21,0,27,0,36,0.83,196,3,42,981,896,5663,15,8,11,1,0,0,1
1187,0,1.01,1,12,0,251,1.12,94,4,16,761,2489,2296,18,12,3,0,1,1,1
2054,0,0.61,1,0,0,227,0.62,135,5,36,548,764,6686,6,6,11,1,1,0,3
1306,0,1.48,0,12,0,85,0.6,146,3,27,1789,1987,736,22,7,14,1,0,0,0
720,1,2.87,1,12,0,21,1.13,98,3,43,2030,2372,7403,19,11,26,1,1,0,2
702,1,1.41,1,13,1,87,1.16,214,7,43,1170,1025,3172,11,6,21,1,0,0,1
2155,0,2.33,1,2,1,3,1.16,178,2,39,903,1548,546,14,10,14,1,0,0,0
728,1,2.54,0,4,0,177,1.0,216,8,58,612,2672,5140,21,13,6,1,0,0,2
2112,1,1.39,1,10,0,98,0.61,210,1,14,1838,2559,2627,20,7,10,0,0,0,1
973,0,2.72,1,13,1,14,0.33,90,4,35,2149,2787,2857,20,5,28,1,1,0,1
658,0,2.37,0,0,0,251,0.52,219,5,26,1533,2004,4210,22,5,6,0,1,1,2
1018,0,2.01,0,12,1,212,1.13,95,8,35,1259,2698,4964,18,3,20,1,0,0,3
1545,0,0.5,1,10,0,232,0.5,220,7,10,1770,1388,1557,21,6,17,0,0,0,0
1227,0,0.59,0,1,0,256,0.93,189,1,22,2400,1932,883,22,12,9,0,0,1,1
1836,1,3.18,0,8,1,5,1.12,212,6,61,2576,2108,4055,6,5,27,1,1,1,1
1539,1,2.61,0,9,0,199,1.17,162,3,52,696,2938,3231,17,13,14,0,0,0,2
1181,1,3.03,1,4,0,202,1.14,109,7,28,1365,1307,4983,11,13,21,1,1,0,2
1579,0,2.94,1,24,0,201,0.71,108,7,8,2309,2665,6257,14,10,5,0,0,1,3
2152,1,0.56,1,2,0,69,0.64,103,2,42,1734,1685,5232,8,13,30,1,0,1,2
1200,0,2.64,1,19,0,101,1.19,210,3,20,2166,599,1313,17,7,3,1,1,0,0
761,0,1.72,1,21,0,238,0.34,168,7,22,2591,2077,8164,20,13,11,0,0,1,3
1195,1,2.63,0,26,0,18,0.31,118,8,8,485,2950,6002,13,8,28,0,0,0,1
1929,1,0.52,0,18,0,165,1.16,104,5,20,1685,1535,889,17,3,20,0,0,0,1
870,0,1.28,0,17,0,204,0.86,97,2,15,1495,1791,6374,11,12,21,0,0,1,3
2114,0,2.53,0,25,0,205,0.69,125,4,4,912,2806,7275,18,13,11,1,0,0,3
1500,1,2.64,0,28,1,154,0.25,201,7,38,1783,2786,4880,7,12,24,1,0,0,3
1523,1,2.17,1,6,0,197,0.66,224,5,63,485,1392,6906,20,7,29,0,1,1,3
1039,0,1.31,0,26,1,233,1.14,179,2,9,1409,2358,7318,12,4,20,1,0,1,3
2065,1,1.34,0,15,1,197,0.76,240,3,5,1219,2011,7917,14,9,9,1,1,1,3
561,1,3.11,1,3,0,31,0.55,146,2,8,1161,2056,7844,19,12,28,0,0,1,2
1008,0,1.69,0,20,0,64,0.71,136,4,36,1690,2251,2000,6,12,3,0,0,0,0
1211,1,1.71,1,32,0,79,1.07,193,4,54,2468,1195,778,22,9,28,0,0,1,0
1311,1,1.99,1,4,1,89,1.1,106,5,21,2476,1137,5518,16,11,3,1,0,1,2
1306,1,1.61,1,0,1,93,0.54,227,8,9,1894,392,5728,22,3,4,1,1,1,1
751,0,1.99,1,30,0,58,0.77,206,6,8,1021,2615,4881,15,9,4,0,0,1,1
883,0,1.67,0,19,1,176,0.41,90,5,40,2520,1061,2333,9,4,8,1,0,1,1
662,1,2.73,1,7,0,30,0.6,114,3,24,2597,2127,7799,15,11,23,0,0,1,3
1473,1,2.95,0,26,1,202,0.34,182,6,24,2237,2158,3647,15,3,14,1,0,1,2
1096,0,3.02,1,12,0,169,0.68,200,8,17,2301,2206,6207,21,9,5,0,0,1,3
1462,1,2.02,1,10,0,247,0.74,119,1,58,2169,2634,5298,15,13,12,0,1,0,3
1503,1,1.69,1,9,0,3,0.47,201,3,25,2034,2646,7391,12,4,30,1,0,0,2
1694,0,2.4,0,19,1,77,0.4,158,1,46,1953,326,5982,8,7,17,1,1,0,2
1430,1,2.76,1,4,1,231,0.27,190,2,48,1747,2572,5386,11,3,23,1,0,0,3
1602,0,2.02,1,11,0,127,0.25,151,1,5,1765,877,6965,15,10,10,0,1,1,2
1498,0,2.39,1,10,0,145,0.88,155,5,17,1160,2050,928,12,13,17,1,0,1,0
1609,0,2.52,0,2,0,9,0.34,145,7,58,2333,2124,5930,12,3,25,0,1,0,2
1548,0,2.33,1,25,0,196,0.23,109,8,57,1738,463,5014,6,9,21,0,1,0,3
1037,1,2.51,0,0,0,66,1.2,114,2,28,1688,1080,6483,22,11,3,0,0,1,2
918,0,1.06,0,31,1,247,0.39,111,6,11,1991,2760,2233,20,3,19,1,0,1,2
1839,1,1.85,1,3,0,97,1.09,210,3,20,417,699,5113,10,8,25,0,0,1,1
1082,0,2.09,0,11,0,50,0.77,151,3,61,2409,941,2694,8,4,6,0,1,0,1
1434,1,0.51,0,3,0,153,0.89,144,5,44,1615,539,1411,20,13,14,1,0,0,0
835,0,2.81,1,12,0,123,0.72,218,6,6,2469,767,4931,20,8,21,0,0,0,1
1233,1,2.15,1,20,0,122,0.3,223,5,47,482,2030,676,21,8,3,1,0,0,0
1400,1,0.85,0,2,0,244,1.03,121,1,11,791,2575,1227,15,13,22,1,0,0,1
1564,1,2.7,0,17,0,94,1.01,140,4,21,2481,1914,4581,18,11,26,1,1,1,2
1395,0,2.44,0,25,0,103,0.48,149,3,32,1875,1082,7413,18,6,17,1,0,0,3
1113,0,2.55,0,15,0,161,0.94,215,1,24,1766,2621,6008,9,9,15,1,1,0,3
2135,0,1.56,1,3,0,45,0.7,189,1,45,1194,1304,630,14,6,5,0,1,0,0
1372,0,2.81,0,22,0,213,1.1,169,4,11,1551,1164,1348,10,8,23,0,1,0,0
1874,0,1.62,1,6,1,60,0.98,121,1,57,1529,1675,3823,18,11,29,1,1,1,1
1753,1,2.04,0,0,1,63,0.15,145,6,39,707,686,3809,22,13,27,1,1,1,1
1449,0,0.5,1,14,0,4,1.07,89,1,21,1577,1275,818,7,13,18,1,1,1,0
2007,0,2.24,1,8,1,89,1.17,194,2,62,1457,2462,2479,7,8,3,1,1,1,1
718,0,2.44,1,0,1,150,0.92,228,8,32,979,1950,1486,10,12,11,1,0,1,0
2066,1,2.03,0,25,0,181,0.23,207,6,28,1048,2969,4867,7,12,10,1,0,1,3
1946,1,1.84,0,19,0,231,0.99,133,5,3,2052,2399,5568,6,9,3,0,1,0,3
1356,1,2.69,1,30,0,200,0.81,160,1,64,1834,1286,3511,22,3,6,0,1,0,1
1747,0,2.34,0,15,0,83,0.47,234,1,55,1349,2375,4901,15,4,19,0,0,1,2
1384,0,1.25,1,14,1,212,1.07,151,8,13,1667,2640,2059,19,10,5,1,0,0,2
957,1,3.09,1,27,0,51,0.72,215,7,61,809,2011,7053,15,12,4,1,1,1,2
1860,1,2.41,0,2,1,55,1.04,175,8,52,1418,2364,545,18,13,29,1,0,1,0
918,0,3.17,0,11,0,93,0.84,162,7,28,1566,1669,4386,17,5,19,1,0,0,1
1034,0,3.12,0,26,0,139,0.42,176,1,60,836,2763,2981,8,12,25,0,1,0,1
1383,0,2.98,0,9,0,53,1.17,119,7,37,640,957,3975,8,12,9,0,0,0,1
1924,1,2.54,0,29,1,231,0.73,151,4,45,1481,1457,4476,14,8,13,1,1,1,3
1153,0,2.15,1,9,0,70,0.67,132,6,13,2461,1000,5473,12,7,20,0,0,0,1
1340,1,0.96,1,13,0,101,0.54,203,4,8,1330,591,7649,20,8,22,0,1,1,2
570,1,1.97,0,29,0,156,0.25,180,6,35,2368,1971,4822,11,10,13,1,0,1,2
697,1,2.57,1,8,0,111,0.85,147,7,22,2249,637,2259,11,11,28,0,0,0,0
595,1,1.91,0,31,0,104,0.57,213,8,63,1998,926,4537,14,4,22,0,1,1,2
622,0,2.84,0,1,1,253,1.13,155,5,7,2351,2366,4446,9,6,9,1,1,1,2
1977,1,0.8,1,8,0,113,1.16,233,3,50,1211,966,7153,20,4,5,0,1,1,3
1932,0,1.53,1,19,1,30,0.94,179,5,39,2032,2634,4863,6,13,3,1,0,1,3
1898,0,1.87,0,19,0,188,0.37,223,4,57,581,451,7179,20,7,26,0,1,1,3
594,0,1.67,0,30,1,181,0.89,238,2,64,994,1545,5498,16,5,26,1,1,1,2
632,0,0.79,1,31,0,57,0.12,136,6,56,1577,500,4904,21,5,16,0,1,0,1
977,0,0.91,0,22,0,218,1.01,125,1,25,329,479,3035,10,3,23,0,0,1,1
1461,0,2.76,0,21,0,101,0.64,215,4,45,2046,2440,2478,21,8,27,0,0,1,1
1068,0,1.81,0,10,0,40,1.13,121,6,12,2424,498,1276,20,11,7,1,0,0,0
1329,0,0.63,0,26,1,45,0.52,202,8,32,488,2712,4723,13,6,30,1,1,1,1
794,0,0.54,1,21,0,184,0.39,112,5,18,2582,1924,7588,10,7,16,0,0,1,3
1743,0,1.78,1,0,0,57,1.19,220,8,17,448,1613,609,9,10,15,0,1,0,0
1033,1,0.94,0,27,0,121,0.68,192,7,37,539,2782,7830,8,6,7,0,1,1,3
613,0,2.4,0,11,0,189,1.05,166,2,9,2040,1359,7112,15,11,21,1,0,1,3
1763,0,2.65,0,15,1,219,1.1,155,7,37,1858,1391,3878,22,6,19,1,1,1,2
2035,0,1.12,0,16,0,126,0.67,184,3,27,2450,1419,2920,15,7,3,1,1,0,1
524,0,2.1,0,27,0,233,0.6,145,6,16,1243,2064,4971,22,13,21,0,0,0,2
1242,1,0.92,1,8,0,79,0.71,147,2,37,1591,2591,7083,18,12,6,0,0,1,3
1907,1,1.32,1,12,1,224,1.03,116,5,49,590,1773,734,17,9,10,1,0,1,1
1701,1,2.9,1,1,1,65,1.16,109,6,40,1873,1073,3963,18,7,20,1,0,0,2
1956,1,1.97,0,11,0,18,0.46,224,8,7,2596,2705,874,21,13,24,1,0,1,0
1206,0,2.89,0,2,0,186,0.91,201,8,37,1649,1925,5458,20,8,6,0,0,1,2
1133,1,1.11,0,19,0,194,0.41,154,7,41,2443,2551,1100,8,6,16,0,1,0,1
1706,0,1.39,0,29,0,238,0.77,214,5,45,1169,1478,2944,15,9,10,1,0,1,1
761,1,1.77,0,15,0,236,0.99,179,8,28,2559,854,6186,13,7,22,0,1,0,3
907,0,1.8,0,30,0,28,1.08,178,1,7,1507,2852,6287,20,12,26,1,0,0,1
1522,1,3.19,1,32,0,160,0.59,102,8,10,579,2136,2257,9,5,20,0,1,0,1
1637,0,0.81,0,1,0,181,0.51,168,2,22,1096,1145,4452,19,3,25,0,0,0,1
703,1,2.8,0,17,0,155,0.38,101,4,41,1401,2592,1928,14,7,15,1,0,0,1
1364,0,2.83,1,17,1,6,0.25,191,8,48,398,344,5056,21,13,19,1,1,0,1
1120,1,1.99,1,12,0,13,0.5,95,6,44,2354,2813,576,19,3,11,1,0,0,0
1353,1,1.43,1,27,1,172,1.06,165,7,21,804,1871,6762,11,11,30,1,1,1,3
2130,1,1.9,0,13,0,220,0.56,142,6,29,1834,1901,687,20,3,8,1,1,1,1
630,0,1.29,0,1,0,47,0.45,105,5,4,2412,355,5186,9,9,28,0,1,0,1
2193,0,2.66,0,18,1,13,0.91,158,2,52,1266,791,3625,6,7,23,1,1,0,1
1264,1,1.85,0,6,0,105,0.34,116,8,24,1678,2251,2228,14,4,30,1,1,1,1
1813,0,3.0,1,11,1,81,0.38,123,6,34,1459,1816,4672,12,11,20,1,0,0,2
1222,0,2.18,1,16,1,252,1.13,223,6,30,2044,662,1600,8,4,12,1,1,0,0
1028,0,1.89,1,23,0,238,0.19,139,4,20,331,2105,4959,22,7,10,0,0,0,2
1810,0,2.42,1,9,0,144,0.56,148,8,12,1089,2321,5464,6,9,8,0,0,1,2
1669,0,1.86,0,12,0,244,0.73,85,4,62,1683,1050,4029,16,8,30,0,0,0,2
745,0,2.94,0,2,0,60,0.35,131,2,9,455,2168,3289,10,3,5,0,1,1,0
1699,1,1.0,1,12,0,254,0.41,139,2,61,2269,2928,4041,11,7,25,0,0,0,3
1780,1,3.13,1,19,0,115,0.34,197,6,9,1732,1613,7859,9,10,22,0,0,1,3
1159,0,2.69,1,20,1,123,0.48,103,6,8,246,934,6296,12,8,6,1,0,0,2
2074,0,2.82,1,9,0,14,1.09,230,2,58,268,2898,556,17,11,28,0,0,1,0
1590,0,1.8,0,2,0,47,0.57,105,6,61,617,2763,2736,11,11,7,0,1,1,1
1067,1,2.76,0,19,0,51,0.56,186,8,58,1807,1544,703,18,4,7,0,0,0,0
518,0,1.33,1,21,0,126,0.53,85,5,50,1462,1459,2337,13,11,18,0,0,0,1
1648,1,2.56,0,2,0,50,1.16,212,8,33,1378,2555,6491,19,12,5,0,0,1,3
855,1,0.88,1,16,0,28,0.23,193,2,8,1564,321,7074,13,12,5,0,0,1,1
1786,1,1.33,0,3,0,156,1.06,215,4,39,1407,1157,4022,12,12,20,0,1,1,1
1393,0,1.7,0,14,0,224,0.46,230,5,34,1050,1776,5806,14,5,30,0,1,0,3
1293,1,1.37,0,21,0,19,1.15,215,3,48,257,2073,3358,17,10,4,0,0,0,0
778,1,1.54,1,23,0,144,0.45,181,1,4,305,2004,4174,13,8,20,1,0,0,0
1710,1,2.71,0,23,0,246,0.19,215,4,6,1866,1313,6880,21,13,19,0,1,1,3
782,1,1.19,0,25,0,105,0.67,100,3,39,1995,2650,2627,14,12,4,1,0,0,1
1210,1,2.51,1,7,0,48,0.35,185,2,55,806,2061,2957,11,4,7,0,0,0,0
1922,0,0.7,0,27,0,22,0.93,239,3,60,813,1769,1561,6,13,15,0,1,0,0
2065,1,2.57,0,11,0,240,0.82,143,4,37,1202,2836,2188,12,10,22,0,1,0,2
2182,1,2.64,1,12,0,105,0.86,237,8,25,1761,572,799,6,8,9,1,0,1,0
2129,0,1.58,1,25,0,28,0.31,164,4,31,1641,2223,6777,6,7,15,1,1,0,2
1445,0,2.45,1,10,0,222,0.88,158,4,34,1560,2804,7059,12,8,16,0,1,1,3
841,1,2.97,0,2,0,206,0.44,131,4,41,326,2094,3749,10,11,22,0,1,0,1
1927,0,2.66,1,23,0,181,1.2,101,5,16,1257,1835,5069,21,11,9,0,0,1,3
1863,0,1.55,0,21,1,23,0.9,221,3,26,2017,1296,2422,18,9,22,1,1,1,0
2184,1,1.81,1,19,0,23,0.75,197,7,36,1633,1047,864,19,13,26,0,0,0,0
1607,1,2.6,0,4,0,57,1.05,147,4,55,2145,1783,4473,15,5,19,1,0,0,1
740,1,1.29,1,20,1,42,0.75,234,4,52,1880,2729,1730,7,7,23,1,0,0,0
1355,0,2.67,1,6,1,137,0.71,113,1,49,2364,1559,7027,20,9,7,1,1,1,3
1262,0,1.39,0,18,0,102,0.36,206,8,15,1591,644,2659,14,4,28,1,1,1,0
1933,1,2.68,0,16,0,197,0.85,155,4,27,1584,1616,6177,13,8,11,0,0,1,3
1167,1,0.73,1,25,1,27,0.51,182,2,36,1556,581,2532,16,12,8,1,0,0,0
1058,0,0.62,1,32,0,187,0.15,90,2,62,864,2829,1483,8,10,18,0,0,1,1
636,0,3.19,1,6,1,240,1.0,180,3,24,1269,1754,4724,14,10,13,1,1,0,3
1921,0,2.85,1,3,0,35,0.16,190,7,59,638,893,1920,16,4,15,0,1,0,0
1784,1,2.88,1,18,0,168,0.84,237,1,49,1255,1995,3580,17,4,25,0,0,0,2
570,0,3.07,0,31,0,131,0.27,138,1,41,593,1761,2764,14,7,18,0,0,0,1
1237,1,1.68,0,5,1,26,0.58,96,5,46,1399,1689,7288,22,6,13,1,1,1,3
1316,0,1.27,1,16,0,76,1.05,94,4,51,2492,1907,4375,22,3,25,0,0,0,2
1298,1,0.85,0,13,0,202,0.2,108,8,46,1307,2810,6037,7,9,13,1,0,1,3
2063,0,1.85,1,10,0,223,0.83,131,7,44,1983,2614,5034,7,11,29,0,0,1,3
756,1,1.09,0,21,0,95,0.77,214,6,25,1276,1024,7507,14,11,30,0,0,0,2
1021,1,3.03,0,9,1,29,1.05,115,3,28,2378,962,3888,20,4,16,1,1,1,1
807,0,0.51,0,16,0,64,0.29,107,6,39,736,2974,7139,14,11,24,0,1,0,2
915,0,0.89,1,27,1,217,0.98,89,5,55,2209,2048,7411,9,7,22,1,0,1,3
2042,1,1.17,0,12,0,147,0.6,144,3,43,1951,371,7589,15,4,27,0,0,1,3
2100,1,1.04,0,0,0,111,0.57,179,3,64,2338,1739,5856,22,8,15,0,1,0,3
575,1,1.11,1,29,0,5,0.5,128,8,44,553,637,8039,8,5,14,0,0,0,2
1575,1,2.27,0,9,0,201,0.52,162,5,27,2352,399,6234,13,10,10,0,0,0,3
896,1,1.38,1,25,0,120,0.67,122,4,38,2385,817,2906,16,11,19,0,1,0,1
827,1,2.16,1,25,0,141,0.22,209,7,41,938,1002,1717,12,10,20,0,0,0,0
996,0,2.9,0,17,0,217,0.57,89,3,56,1715,533,2122,6,4,15,0,1,0,1
830,1,2.13,1,2,0,145,0.82,116,2,18,1625,2560,4919,17,6,11,0,0,1,2
1333,0,2.38,0,31,0,238,0.65,173,8,17,355,1494,1780,18,8,15,1,1,0,1
2193,0,1.49,0,22,0,144,0.28,216,7,14,1480,1799,2337,17,13,17,0,1,1,1
1497,0,0.93,1,14,1,89,0.5,147,4,5,1795,2640,5336,17,9,6,1,0,0,2
1730,0,1.37,0,28,0,237,0.59,95,8,44,724,2564,3067,17,10,21,0,1,1,2
1339,0,3.1,0,26,1,165,0.84,171,3,62,1093,2520,5742,11,6,26,1,0,1,3
523,1,2.18,0,25,0,195,1.09,127,6,40,1622,846,8172,6,6,12,1,1,1,3
643,0,1.25,1,5,1,59,0.71,132,1,5,2435,2316,1186,22,11,13,1,0,1,0
957,0,1.72,0,20,0,173,0.84,228,6,24,383,2989,5436,9,12,5,1,1,0,2
914,0,2.76,0,9,0,144,0.18,231,2,58,2450,339,6818,20,3,19,1,0,1,3
1929,1,2.3,1,2,0,28,1.15,125,2,5,2166,2647,1589,15,8,14,0,0,1,0
1934,1,2.01,0,11,0,66,0.45,177,7,40,2237,2640,6526,15,11,26,0,0,0,3
1952,1,2.89,0,3,1,234,0.49,169,2,29,352,2575,4408,6,4,28,1,0,0,2
1584,0,2.32,0,3,1,147,0.35,234,4,59,1580,1383,5339,22,10,24,1,0,0,2
1446,1,2.24,1,23,0,199,0.19,232,8,34,1110,853,907,14,8,8,1,0,0,0
1604,1,1.01,1,16,1,45,0.97,139,8,37,2410,2281,3857,20,8,8,1,0,1,2
1191,0,0.79,1,13,0,57,0.36,88,4,47,1989,1990,3330,19,9,16,0,0,0,1
1640,1,3.11,0,6,0,242,0.41,85,1,53,1774,2268,1692,8,12,20,1,1,0,1
1851,0,2.12,1,25,0,109,0.3,85,3,34,305,1006,6371,22,3,3,1,0,0,2
1797,1,1.62,1,20,0,228,1.17,206,5,47,2306,795,4395,16,5,16,1,0,0,2
1544,1,2.09,1,19,0,208,0.96,200,3,52,1396,2737,7256,9,6,5,1,0,1,3
598,0,0.67,0,6,0,87,1.12,214,6,35,617,1701,1734,15,11,10,0,0,0,0
1733,1,2.72,1,4,1,244,1.05,106,8,47,2303,2602,6125,16,9,13,1,1,1,3
1123,0,1.08,0,4,0,200,1.1,94,5,24,2374,2803,5158,17,5,4,1,0,0,3
1764,0,2.67,1,0,0,34,0.63,111,5,24,1412,1551,5512,11,3,10,0,0,0,1
1417,1,1.94,1,31,0,26,0.29,182,5,2,1802,1025,2892,21,13,20,0,0,0,0
1998,1,1.25,0,12,0,34,0.46,86,2,44,1681,2721,5818,10,4,30,0,1,1,2
1075,1,0.58,0,21,0,190,0.42,188,5,17,956,2236,2411,14,3,24,0,1,0,1
2084,1,2.7,1,32,0,38,0.89,223,8,53,2006,2105,6366,20,7,11,1,0,0,2
1936,0,0.98,0,30,1,74,0.13,107,6,61,2595,2888,3899,7,9,29,1,0,1,3
1063,1,0.64,1,10,0,112,0.26,200,7,57,2445,980,4195,12,5,15,0,0,1,1
1320,1,2.54,1,16,0,36,0.85,171,7,19,1861,1286,4972,14,4,12,1,0,0,1
1403,1,1.45,0,15,0,86,0.24,232,4,43,1090,424,1159,19,3,26,0,0,0,0
1807,1,1.55,1,1,0,174,0.15,122,3,49,2384,1359,3334,19,7,14,0,1,1,2
1672,1,1.17,1,25,1,249,0.22,120,8,33,2429,1517,2073,19,13,23,1,0,1,2
1949,1,2.82,0,18,0,121,0.86,87,4,34,253,1533,7913,12,4,7,0,0,1,3
1129,0,1.3,0,12,0,192,0.25,194,6,29,1038,724,3751,14,9,12,0,0,1,1
1358,0,1.07,0,18,0,137,0.26,220,6,21,1544,2489,557,6,5,30,1,0,0,0
1232,0,1.33,0,24,1,120,0.35,87,1,38,1604,1631,711,19,10,9,1,1,1,0
2047,1,1.05,1,0,0,134,0.93,161,3,64,1922,1497,7523,11,3,26,0,1,1,3
1018,1,1.36,1,21,0,246,0.32,197,3,15,1452,2636,1716,13,5,16,0,1,1,1
1498,0,0.72,1,28,0,17,0.14,206,2,4,272,1623,517,17,3,29,1,1,1,0
704,1,0.93,0,23,1,132,1.1,230,7,5,631,2711,2141,19,10,14,1,0,0,0
1946,1,1.63,1,20,0,15,1.06,197,8,38,2040,916,2176,7,10,16,0,1,0,0
1153,0,2.87,1,2,0,225,0.3,228,8,19,1876,2600,1125,19,4,14,0,1,1,1
1079,0,0.65,1,24,1,155,0.39,240,2,31,1778,2969,8164,12,7,8,1,1,1,3
1491,1,1.07,0,24,1,14,0.31,229,4,61,1281,2331,966,13,6,26,1,1,1,0
1348,0,2.95,1,16,0,161,0.89,153,2,6,888,2712,6104,8,3,19,0,1,1,2
1942,1,2.9,1,19,0,113,0.38,148,1,13,967,2304,6940,18,3,17,0,0,0,2
1403,1,2.33,0,20,1,14,1.12,151,5,15,1866,1929,5462,14,13,13,1,0,1,1
1379,1,1.15,1,3,0,251,1.01,233,7,30,1430,2367,1528,7,10,24,0,0,0,2
678,0,1.63,0,8,0,98,0.75,128,1,45,549,2895,6089,8,10,12,1,0,0,2
537,1,1.07,1,26,0,8,0.11,202,6,13,1183,1942,3044,18,6,9,0,1,1,0
1177,0,0.85,1,32,0,158,1.07,182,1,8,2185,2161,3648,7,5,5,0,0,0,1
2197,0,1.53,1,8,1,97,0.9,94,7,7,1654,532,2442,14,11,27,1,1,0,0
2060,0,2.05,1,13,0,169,0.97,160,1,52,2285,2891,6535,17,7,5,1,1,0,3
1569,0,1.47,0,30,0,43,0.18,115,4,3,1440,2405,4965,21,4,26,0,1,1,1
1573,0,2.15,1,5,1,213,0.88,198,1,41,1386,753,1701,8,8,13,1,1,0,1
1165,1,1.3,0,8,0,109,0.99,154,4,38,2481,1096,3641,11,8,3,0,1,0,1
801,0,1.43,1,1,0,109,1.15,140,4,8,1438,924,6609,8,9,28,0,0,0,2
514,1,2.63,0,7,0,206,0.74,95,5,36,559,1176,7713,20,8,23,1,1,0,3
1076,0,2.87,0,20,0,141,0.66,105,7,20,1189,2693,7728,16,12,23,1,1,1,3
1038,0,1.37,1,11,1,2,0.57,204,8,34,1769,1564,1548,22,5,18,1,0,0,0
825,1,2.04,0,32,0,149,0.87,219,3,10,1055,1445,7099,6,9,24,1,1,0,2
940,1,1.25,1,29,0,166,1.11,130,8,44,1208,2408,4861,18,12,6,1,0,0,2
542,1,0.64,1,29,0,81,0.76,214,4,52,2300,1315,6193,6,13,9,1,0,0,2
1534,1,2.49,0,23,0,48,0.35,171,1,2,1267,2694,3474,7,13,18,1,0,1,0
2077,0,0.96,0,23,0,15,0.12,139,5,35,959,2342,5515,13,10,23,1,1,0,1
1675,0,1.65,1,16,1,217,0.78,155,6,42,494,1009,2495,12,4,19,1,0,0,1
1262,1,1.82,1,32,0,3,1.05,192,3,2,1191,2009,4514,12,13,14,0,1,0,0
1214,1,1.0,0,3,0,150,0.17,226,5,47,2049,1614,2246,7,3,21,1,1,0,1
1023,0,0.76,1,23,0,215,0.54,161,4,36,948,1242,3547,15,9,4,1,0,1,1
742,0,1.44,1,4,0,91,1.13,139,2,21,1351,2749,3645,11,7,17,0,1,1,1
1518,1,3.07,0,11,1,53,0.65,203,4,32,1790,1386,7161,22,10,14,1,0,1,2
1463,1,2.16,1,8,0,184,0.34,166,4,44,2430,632,5337,19,11,16,1,1,1,2
512,0,1.53,1,19,0,162,0.49,145,3,42,2162,1414,5485,13,11,6,0,0,0,2
1206,0,0.61,0,25,0,5,0.55,156,8,50,915,1705,2691,19,5,28,1,1,1,0
972,1,2.12,1,2,0,149,0.23,168,4,4,627,658,3852,15,11,26,0,0,0,1
789,0,0.75,1,19,0,2,0.83,106,6,51,1823,2311,4143,14,11,29,0,1,1,1
1695,0,1.96,1,7,0,103,0.75,94,1,4,841,935,6539,21,3,26,1,1,0,2
1394,0,2.53,0,2,1,79,0.81,188,3,42,1166,567,1937,15,10,21,1,1,0,0
1578,1,1.64,0,13,1,214,0.77,112,8,24,485,1761,927,14,4,11,1,1,1,1
1713,0,1.31,0,19,0,251,0.12,167,8,6,2068,751,4391,15,9,6,0,1,0,3
2170,0,0.63,1,6,0,180,0.29,206,8,45,618,2416,6757,19,5,20,0,1,0,3
1865,0,0.57,1,12,0,189,0.28,118,1,36,1138,503,6146,18,6,29,1,1,1,2
1555,1,1.66,0,31,0,7,0.21,144,7,43,1200,1443,6739,15,5,13,0,1,0,2
1995,0,2.89,1,11,1,18,0.91,237,3,25,340,458,3533,9,12,30,1,0,1,0
1312,0,1.16,1,32,0,200,0.23,90,1,19,2071,1347,2267,16,12,7,1,1,0,0
2175,0,2.05,0,27,0,111,0.84,202,1,41,1700,2822,5580,13,11,10,0,1,1,3
1795,1,2.35,0,12,0,131,0.3,111,7,15,1518,2064,801,21,10,21,0,0,0,0
1607,1,0.66,0,19,0,178,0.23,226,5,53,660,1754,7390,21,6,16,0,1,1,3
2036,1,0.91,1,23,1,90,0.28,149,5,45,365,741,5993,6,4,24,1,1,0,2
1376,0,1.39,0,15,0,175,0.66,86,8,64,371,1158,4382,22,9,12,1,1,0,2
1725,1,2.31,1,13,1,187,0.81,196,1,3,1715,1340,2047,21,7,24,1,1,1,0
984,0,1.69,1,10,0,63,0.99,107,1,38,2005,1871,2434,21,6,11,0,0,0,0
2138,1,2.48,1,4,1,176,0.24,141,8,37,2117,878,8162,14,5,7,1,0,0,3
1560,0,2.84,0,0,0,45,0.78,163,5,56,2129,3000,623,10,4,18,0,0,0,0
1830,1,2.55,1,11,0,81,0.95,201,7,28,1168,2067,582,16,12,17,0,0,0,0
1283,1,3.18,0,26,0,200,0.44,150,5,60,243,1155,3180,21,6,18,0,0,0,1
1974,0,2.54,0,7,0,252,0.19,218,2,17,818,621,2277,13,13,3,1,1,0,1
626,1,2.8,0,5,1,18,0.27,160,5,55,2098,1915,5710,22,10,14,1,1,1,2
694,0,2.75,1,10,1,167,0.2,138,8,34,2043,1520,835,10,4,5,1,1,0,0
1362,0,2.47,1,19,0,147,1.08,137,1,61,1438,2126,6545,20,3,25,1,1,0,3
1745,0,2.66,0,7,1,156,0.51,209,2,15,296,1918,6523,7,7,5,1,1,1,2
1876,1,3.02,0,7,0,202,0.68,188,3,18,2073,2036,2274,20,3,29,1,0,1,2
1248,0,1.78,1,3,0,19,0.95,104,4,37,2165,2555,4956,22,13,4,0,0,1,1
1605,1,2.22,1,10,1,190,0.51,202,6,36,775,1727,5671,17,12,20,1,1,1,3
1440,1,1.89,0,7,0,73,0.81,149,2,11,2138,2262,7028,16,10,12,1,1,1,3
2135,1,2.8,0,27,0,41,0.18,139,8,43,1750,1282,6138,12,6,6,0,1,1,2
1612,1,1.66,1,29,0,115,0.63,100,2,27,2336,2847,7905,20,12,13,1,0,1,3
1209,0,2.71,1,12,0,8,0.21,240,2,11,1719,1413,1402,8,10,4,0,0,0,0
2149,1,2.66,0,2,1,162,0.37,93,8,34,451,2142,5198,10,6,22,1,1,1,3
682,0,3.1,1,2,0,146,0.42,240,4,45,1767,2996,6447,8,12,27,0,0,1,3
2174,1,1.17,1,10,0,132,0.89,95,5,3,494,1256,2292,10,5,12,0,1,1,0
761,0,2.42,0,15,0,9,0.84,163,4,59,850,592,2189,14,9,15,0,0,0,0
990,1,2.54,1,17,0,196,0.92,101,3,40,2300,941,1223,11,10,6,0,1,1,0
1897,1,3.03,1,10,1,10,0.17,161,5,18,2525,973,8083,13,12,16,1,0,0,2
1748,1,2.95,0,11,0,68,1.19,215,7,49,1362,471,7165,9,4,29,0,1,1,3
2150,0,2.05,0,9,0,102,0.16,177,1,55,927,1778,1441,11,6,18,1,1,1,0
1775,1,2.06,0,17,0,181,1.01,169,8,62,1166,1064,2394,14,12,27,0,0,1,1
1583,0,0.95,0,22,1,105,0.91,103,2,51,811,580,4031,9,8,24,1,0,1,1
1089,0,3.13,1,1,0,210,0.75,232,8,14,1593,686,7375,21,11,6,1,1,1,3
508,0,1.19,1,15,0,240,0.58,143,8,12,1234,1052,6853,21,11,4,0,1,1,3
710,1,2.46,1,21,0,197,0.93,168,8,15,378,1309,7258,20,6,13,1,1,0,3
1006,1,2.65,1,22,0,11,0.91,225,6,57,1680,2932,6874,6,6,29,0,1,0,2
569,1,1.69,0,18,1,198,0.25,183,8,21,1759,2203,5334,14,8,7,1,0,1,3
1364,0,1.07,1,17,0,54,0.97,199,7,22,1814,2236,2747,19,3,4,0,0,0,0
1822,0,1.01,0,22,0,228,0.19,113,6,58,2471,2175,5151,11,11,29,0,0,0,3
2138,1,2.81,0,12,0,251,0.65,156,8,14,1902,2473,4307,9,4,8,0,0,1,3
1332,0,1.88,0,18,0,23,0.81,169,3,27,1835,1173,7815,16,13,12,0,1,1,2
1988,0,0.74,1,10,0,27,1.0,112,7,20,739,586,3956,6,11,24,0,0,1,0
2176,1,2.44,1,14,0,179,0.61,145,8,21,1336,1683,6318,16,6,5,0,0,1,3
1962,0,1.18,0,4,1,38,0.36,214,6,39,1265,323,1844,13,3,7,1,0,0,0
1290,1,2.87,1,11,0,249,0.64,230,1,48,2508,901,5760,17,11,23,0,0,1,3
1053,1,1.34,1,4,1,139,0.38,213,2,18,1359,2338,3997,17,7,3,1,0,1,1
2163,1,1.04,0,7,1,148,0.68,230,2,4,1865,1668,3858,15,5,22,1,1,1,1
911,1,0.73,1,13,0,221,0.61,240,5,42,1516,2171,6309,15,7,18,1,0,0,3
1200,1,1.88,1,16,0,57,0.96,115,4,36,374,1687,4229,6,12,9,0,0,1,1
625,1,1.72,0,31,0,143,0.36,218,7,43,2449,1775,964,22,10,20,1,0,1,0
1850,0,2.53,1,0,0,256,0.32,181,3,30,1821,1127,3499,7,10,12,0,0,1,2
1605,0,1.75,1,29,0,7,0.62,218,2,50,783,905,7910,22,8,29,0,0,1,2
644,0,1.43,1,10,1,46,0.16,184,5,41,380,1015,7780,22,4,14,1,1,0,2
877,1,1.21,0,23,0,39,0.35,104,2,49,2451,2459,5230,18,13,23,1,0,1,2
1444,1,1.25,0,22,0,87,0.49,172,8,48,965,2946,5413,18,11,10,0,0,0,2
1419,0,3.01,1,32,0,35,0.64,203,1,33,280,539,2530,6,8,26,0,1,0,0
1864,1,0.95,0,3,0,45,0.4,104,4,22,1693,1760,6505,22,10,11,0,1,0,2
952,0,3.17,0,31,1,219,0.72,163,8,38,278,1581,5116,14,6,17,1,1,0,2
2072,1,1.38,0,2,1,120,1.07,187,5,42,749,1826,797,11,11,25,1,0,0,0
1256,1,0.74,1,28,1,93,0.7,157,7,38,2349,944,7804,17,13,28,1,1,0,3
1899,1,1.17,0,21,0,108,0.42,209,4,35,330,340,7059,15,6,24,0,1,0,2
905,0,0.66,1,15,0,249,0.17,104,7,23,2015,865,1138,12,3,21,1,1,0,0
562,0,2.63,0,13,1,127,0.25,138,6,10,1698,807,3719,11,11,22,1,0,1,0
593,1,1.88,0,3,0,121,0.72,233,5,28,962,460,6215,8,12,14,1,0,1,2
1133,1,1.41,0,26,0,238,0.85,165,1,57,914,1276,6174,21,12,22,0,1,1,3
2121,1,2.29,1,24,0,11,0.15,113,8,47,1361,2153,1797,17,13,19,0,0,1,0
582,0,2.2,0,30,0,123,0.3,103,1,49,1498,2909,819,10,6,17,1,1,0,0
1127,0,3.04,0,24,0,192,0.45,177,3,48,2342,2082,8074,18,13,11,0,0,1,3
685,0,3.1,1,31,0,133,0.45,230,6,60,856,789,7377,17,5,12,0,1,1,3
2084,1,2.34,1,29,0,223,1.15,92,7,16,1633,1290,6183,8,9,6,1,0,0,3
1648,0,2.71,0,14,0,228,0.32,102,5,47,1860,1133,5580,8,12,23,0,1,0,3
1797,0,2.64,0,23,0,87,0.17,143,4,6,269,888,5784,9,13,3,1,0,1,1
1713,0,1.83,1,8,0,210,0.49,117,4,17,2354,2974,4026,7,9,6,1,0,1,3
1617,1,2.4,0,26,0,64,0.25,103,8,3,2582,2077,5768,19,9,11,0,0,0,2
1816,1,0.71,0,20,0,63,0.24,131,3,29,444,1609,2843,8,8,6,0,0,0,0
513,1,2.55,0,14,0,251,0.55,185,7,10,858,1490,1154,19,12,23,0,1,0,0
1972,0,3.1,1,20,0,5,0.44,213,1,26,2096,1173,2900,15,12,6,0,1,1,0
1758,0,0.73,0,9,0,92,0.2,132,6,10,2150,1437,2769,7,5,15,0,1,0,1
1757,0,2.76,0,20,0,162,0.76,194,6,4,608,2020,2842,20,4,23,0,1,0,0
1169,0,3.02,0,15,0,107,0.65,213,6,32,2406,2808,4129,8,11,19,1,1,0,2
1862,1,1.11,1,10,0,217,0.18,86,4,27,1017,1650,1518,22,11,19,0,1,0,1
1149,1,1.92,1,32,0,66,1.05,218,6,28,933,815,3643,6,4,12,0,0,1,0
583,1,3.01,1,2,0,142,0.41,113,4,23,1083,2886,4074,16,8,15,0,0,0,1
2044,0,3.09,0,25,1,33,1.16,191,5,27,1825,1164,1956,11,8,24,1,0,0,0
898,0,0.85,0,6,0,55,1.12,202,8,2,727,543,3995,15,3,16,1,1,1,0
673,1,1.44,0,7,0,46,0.58,216,6,32,1521,1778,5691,20,10,22,0,0,1,1
1557,0,2.38,1,5,0,191,0.35,147,6,55,417,2439,3676,19,13,26,0,0,1,2
897,0,1.1,1,3,0,53,1.02,187,8,10,586,1010,531,10,5,9,0,1,0,0
1959,0,1.38,0,4,1,172,0.5,89,2,11,2054,1068,5912,7,11,6,1,1,1,3
1254,0,0.56,1,27,1,90,0.28,154,5,51,1145,1095,4955,10,3,15,1,0,0,1
507,1,0.91,1,30,0,146,0.71,235,6,33,2113,2482,3736,19,5,13,0,1,1,1
2118,1,2.02,1,19,1,224,0.64,109,6,18,1981,2886,687,14,9,7,1,1,0,1
1375,0,2.26,0,0,0,222,1.04,108,2,51,2593,2592,1195,18,13,24,0,0,0,1
947,1,2.25,1,28,0,4,0.9,194,7,22,564,926,1121,14,12,20,1,0,1,0
1652,0,2.6,0,19,1,201,1.06,164,2,40,2446,2596,7056,15,13,21,1,1,1,3
1402,0,1.62,0,17,0,245,0.91,155,4,37,2346,1150,2883,7,13,22,0,1,0,1
550,0,1.24,0,31,0,172,0.81,123,6,12,1266,2643,3777,6,11,15,1,0,1,1
1792,1,0.54,1,13,1,49,0.65,111,3,49,559,2977,5858,17,6,17,1,1,0,2
1182,1,1.06,1,11,1,171,1.19,200,2,40,554,2245,5545,9,4,9,1,1,0,2
1690,1,1.34,0,25,0,164,1.16,140,6,15,1445,2880,1006,12,12,23,1,1,0,1
2023,0,0.98,0,17,0,170,1.03,206,3,49,265,701,7654,12,5,29,0,1,0,3
1538,0,0.55,1,23,0,111,0.95,154,7,41,465,2075,2548,16,8,27,0,0,1,0
1642,1,0.93,1,22,0,135,0.74,146,8,55,1494,459,6406,22,11,14,0,0,0,3
933,0,2.3,0,27,1,168,0.39,120,3,53,1569,2068,6903,18,3,4,1,1,1,3
904,0,2.2,0,10,1,120,1.06,187,6,22,2271,1233,4650,16,13,27,1,0,0,1
1205,1,3.03,0,2,0,199,0.11,129,2,61,2540,2920,1757,20,6,19,1,1,0,2
1950,1,2.66,0,15,0,182,0.35,226,8,4,872,1647,4698,14,5,24,0,1,0,2
1391,0,2.03,1,21,0,79,0.54,148,2,23,1019,2364,2390,8,7,11,0,0,0,0
1092,0,0.87,0,26,0,157,0.74,212,8,40,709,1131,7037,14,8,27,0,1,1,3
1826,1,2.02,1,8,0,194,0.72,158,7,35,770,520,6307,22,7,26,0,1,1,3
1951,0,0.67,1,24,0,126,0.29,149,3,16,1276,2309,6838,19,4,3,0,0,1,3
2035,0,1.66,1,27,0,184,0.22,155,7,14,2584,914,6874,11,5,18,0,1,0,3
1008,0,1.55,1,26,0,34,0.34,153,6,51,2349,2256,1884,11,8,16,0,0,0,1
1707,0,1.66,0,26,0,100,0.48,159,6,57,2395,1565,744,21,5,21,0,1,1,0
1504,1,1.26,0,32,0,180,0.12,223,4,44,1306,2925,5324,7,10,10,1,0,1,3
1263,1,2.35,1,21,0,230,0.86,194,2,35,1791,1265,5227,21,12,5,0,0,1,2
1175,1,2.77,1,12,0,166,0.37,90,6,50,1946,1393,7161,17,3,10,1,1,1,3
694,0,2.57,1,14,0,171,0.49,94,1,17,814,2305,5411,19,3,17,0,1,1,1
967,0,2.19,0,24,0,89,0.47,88,3,62,1332,2426,6682,11,10,10,1,0,1,3
1434,1,1.95,1,7,0,180,0.66,192,2,9,1538,657,3190,17,3,15,0,1,0,1
2008,0,0.58,0,19,0,92,1.05,117,1,38,1120,2307,1469,11,10,13,0,1,1,0
1973,1,2.45,0,18,0,15,0.26,145,1,23,1356,1637,803,6,8,22,1,0,1,0
819,1,1.97,1,21,0,64,0.47,214,1,58,1280,2970,3858,13,8,14,1,1,1,1
1655,0,1.23,0,13,0,157,0.86,105,8,17,384,2011,526,22,9,7,1,1,0,0
644,1,1.39,0,24,0,247,0.15,108,7,42,2054,2394,4492,10,12,20,1,1,0,3
1648,1,3.03,0,2,1,128,1.01,97,8,11,2365,1242,3590,8,4,8,1,0,1,1
1081,0,2.19,0,24,0,221,1.16,129,1,13,2021,1080,2492,21,4,11,1,1,1,1
1265,1,1.78,1,26,0,200,0.77,98,8,28,2444,2424,5052,21,10,22,1,0,1,3
1720,0,2.18,1,29,1,145,1.15,183,5,52,1259,360,5731,20,3,10,1,0,0,3
1222,1,1.62,1,30,0,207,0.55,199,7,19,371,1876,816,22,7,4,0,0,0,0
1873,1,1.77,0,11,1,104,0.56,113,7,45,871,2915,4169,22,8,13,1,1,0,2
1407,0,1.28,1,1,1,114,0.22,166,3,37,2256,2977,7729,21,7,13,1,0,0,3
2198,1,1.69,1,21,0,189,0.14,132,6,63,568,2239,2797,22,8,22,0,1,0,1
1585,0,2.35,0,2,0,164,0.37,97,6,20,1531,1653,6511,18,4,22,0,0,1,3
1004,1,0.61,1,9,0,136,0.63,157,4,17,243,2498,3099,11,5,3,1,1,1,0
1818,1,2.65,1,23,0,112,0.66,193,4,58,1004,359,2598,13,3,24,1,0,0,1
1193,1,1.26,1,19,0,250,0.34,120,2,22,507,2446,7092,12,13,23,1,1,1,3
1408,1,2.34,1,20,1,18,0.77,207,2,15,507,829,3249,14,12,7,1,0,0,0
732,0,2.24,1,24,1,16,0.3,239,8,53,628,2292,7165,17,5,12,1,0,0,2
703,1,2.26,1,5,1,124,0.46,93,6,53,1510,1253,5540,10,3,24,1,0,1,2
1477,0,2.14,1,26,1,10,0.32,110,5,5,1868,2334,6751,6,5,19,1,1,1,2
817,1,3.09,1,19,0,88,0.87,130,6,55,920,1937,6770,16,13,12,0,0,0,2
2196,0,1.87,0,13,0,146,0.67,217,4,41,2171,2811,7531,22,11,24,0,0,0,3
1955,1,2.48,1,15,0,105,0.91,107,2,19,1165,2431,4773,20,10,20,0,1,1,2
1692,0,2.4,1,16,1,53,0.16,158,8,35,1979,2770,7826,6,13,17,1,1,1,3
1749,1,1.14,0,18,0,74,0.57,168,8,17,1490,725,970,16,4,3,0,0,0,0
1512,0,1.26,1,11,0,156,1.16,105,2,12,1947,1336,4289,15,8,21,0,0,0,2
602,1,1.64,1,7,1,244,0.16,91,7,10,2550,1492,3557,13,11,8,1,1,1,2
1167,0,1.25,1,5,1,201,0.56,103,4,12,2587,403,1254,17,3,28,1,0,1,0
1343,0,1.49,1,11,1,141,0.14,93,6,38,1626,381,7219,13,7,8,1,0,0,3
2056,0,1.56,0,8,0,37,0.26,163,1,53,2512,423,6657,21,6,3,0,1,1,2
873,0,2.13,1,17,0,63,0.61,231,4,32,1896,2376,6262,21,4,13,1,0,1,2
1345,1,1.09,1,30,0,114,0.27,140,1,2,874,1517,5377,16,5,12,0,1,0,1
1085,0,2.67,0,3,1,64,0.67,125,7,29,2448,2335,5135,13,13,12,1,0,0,2
728,0,1.68,1,10,1,177,1.12,121,4,49,582,2558,3434,16,8,28,1,1,1,1
675,0,2.41,0,1,0,95,0.32,238,3,54,1345,416,5760,21,3,10,0,1,0,1
1121,0,0.72,0,32,0,214,0.22,234,6,48,601,2592,8005,11,10,26,1,0,1,3
640,1,1.77,1,23,1,70,1.01,186,8,25,2091,924,2441,20,9,7,1,1,0,0
614,1,0.58,1,7,0,128,0.61,157,3,42,2354,1404,3113,16,7,20,0,0,0,1
1096,0,2.32,1,13,1,184,1.07,109,6,6,2173,2901,1351,7,7,6,1,0,0,1
843,1,1.43,0,23,0,54,0.44,229,6,27,481,1128,7483,18,8,9,0,0,1,2
1443,1,3.06,1,31,1,196,0.79,85,4,35,879,2839,4583,9,13,7,1,0,0,2
530,1,1.38,0,18,0,151,1.12,110,7,3,1043,1678,5063,14,11,12,0,1,1,2
1013,1,2.02,1,8,0,167,0.29,190,2,2,513,355,2558,22,7,15,1,1,0,0
1271,1,1.19,1,22,0,117,0.98,113,8,52,1492,2552,793,19,5,27,0,0,0,0
2138,0,2.17,1,22,1,240,0.79,101,4,15,320,438,6694,17,4,24,1,0,0,3
1579,1,1.76,0,21,0,198,0.99,177,1,9,1688,2026,7120,7,5,22,0,0,0,3
1998,0,1.5,1,1,0,50,0.29,89,8,39,1596,1548,3131,20,4,16,0,1,0,1
1083,0,1.05,0,23,1,143,0.58,127,7,19,1646,694,6366,11,11,10,1,0,1,3
1264,1,0.8,1,0,1,232,0.24,185,7,63,2395,1699,4905,6,9,11,1,0,1,3
1215,0,0.82,0,29,0,73,1.16,113,2,61,2096,1291,5446,22,3,6,0,1,1,2
2009,1,3.2,1,29,0,138,0.17,203,7,53,853,584,1839,9,13,21,0,1,0,0
2131,1,1.61,0,18,0,194,0.17,99,6,21,1589,1809,5232,11,4,24,0,1,1,3
2136,1,0.51,1,21,0,71,1.09,180,8,57,2134,437,1749,8,10,18,0,0,0,0
1779,0,3.07,1,2,1,134,0.43,96,3,18,2249,1763,2192,16,3,19,1,0,1,1
1355,0,0.55,0,28,0,143,0.76,199,8,17,1758,925,3252,20,9,13,0,1,1,1
1419,0,1.63,1,8,0,47,0.42,202,6,63,439,2546,2159,14,9,29,0,1,1,0
2167,1,2.44,0,8,0,47,0.81,208,3,44,1266,2867,7495,20,12,27,0,1,0,3
984,0,2.97,1,23,0,145,0.31,129,2,7,2268,2819,736,21,9,14,0,0,0,0
1089,1,2.42,0,30,1,47,0.6,121,8,57,414,2833,7455,20,8,24,1,1,1,2
2025,0,1.75,0,16,0,243,0.69,237,6,12,1632,589,1695,8,8,12,0,0,0,0
1157,0,3.13,0,16,0,135,0.47,198,1,44,1516,1686,7196,9,9,6,0,0,0,3
899,0,0.61,1,18,0,181,0.38,113,2,29,766,921,3096,11,7,11,0,0,0,1
1453,0,3.16,1,9,0,103,0.25,89,7,3,1052,579,7587,16,10,26,0,0,0,3
1053,0,2.79,1,19,1,78,0.88,140,2,51,2548,1371,4665,20,8,16,1,1,0,1
2015,0,3.01,0,31,0,126,0.29,188,2,45,1646,1470,4273,11,13,27,0,0,1,2
2046,1,1.19,1,12,1,183,0.42,143,5,57,2458,1114,1516,17,5,12,1,0,1,1
1020,1,0.88,0,25,0,103,0.47,211,7,40,1352,626,3841,9,11,15,1,0,1,1
1400,1,2.29,0,25,0,74,0.6,163,3,49,2236,1414,4794,15,12,5,0,0,1,1
2173,0,1.89,0,28,0,38,0.87,239,6,59,1703,736,8065,19,10,24,0,0,1,3
1762,0,1.91,0,23,1,140,0.57,220,6,63,2392,429,2534,12,13,11,1,1,0,1
866,1,3.0,1,30,1,175,1.06,158,5,37,1011,1529,1148,8,7,5,1,0,0,0
1504,1,2.17,1,23,0,136,0.85,215,6,3,1142,496,2462,12,8,9,1,1,1,0
1554,1,1.34,1,32,0,66,1.02,154,2,23,335,2909,2378,18,4,21,1,1,0,0
1611,0,1.58,1,23,0,65,0.89,86,5,41,777,2567,7793,21,7,25,1,1,0,3
542,0,0.86,1,27,1,98,0.26,133,1,8,567,2802,1666,16,4,29,1,1,0,0
1009,1,1.02,0,29,0,90,1.18,148,6,9,671,595,8134,17,11,9,1,1,0,3
1953,1,0.89,0,32,0,53,0.97,237,7,26,968,1566,1380,13,11,19,0,1,0,0
910,1,2.69,1,19,0,242,0.73,214,7,59,2302,2529,6744,21,5,15,1,1,1,3
1009,1,2.4,0,23,0,86,0.28,107,1,22,1133,1862,3696,20,11,23,0,1,1,1
1048,0,1.93,0,31,1,65,0.29,85,8,60,2191,1141,929,22,6,21,1,0,0,0
801,1,1.51,1,12,0,156,0.78,167,4,52,2163,2549,5227,20,11,4,0,1,0,3
764,1,2.3,0,3,0,206,0.56,168,1,21,2555,1149,6108,15,13,7,0,1,1,3
1090,1,2.69,1,29,1,120,0.84,199,5,16,1440,2930,6953,22,12,19,1,0,0,3
1987,1,2.88,1,20,0,172,0.51,125,5,54,2242,590,1882,16,5,17,0,0,0,1
502,0,1.98,1,14,1,26,0.66,211,4,49,1230,2212,5254,16,4,27,1,1,1,1
981,1,2.71,1,23,0,137,0.31,149,6,41,1733,355,4884,17,4,26,1,0,0,1
603,0,1.88,0,1,0,18,0.27,137,5,63,2154,2771,3910,9,12,4,0,1,0,1
1455,1,1.78,0,15,0,37,0.18,150,2,8,575,1272,7376,20,9,19,1,1,1,2
926,0,2.84,1,8,0,152,1.0,232,5,26,375,374,3762,12,4,14,0,0,1,1
1847,1,1.54,1,9,0,54,0.71,146,3,39,629,2559,3432,17,9,16,1,0,1,1
1495,1,1.57,0,31,1,11,1.14,172,1,6,1942,2913,4546,20,8,4,1,0,0,1
1833,0,1.32,1,18,0,47,0.92,224,3,63,1358,2786,7646,7,9,26,1,0,1,3
1579,0,1.9,1,4,1,199,0.95,87,8,38,901,1622,7174,11,9,7,1,0,0,3
1245,1,1.97,0,12,1,151,0.66,168,5,21,2052,485,5953,22,4,29,1,0,1,2
1964,0,2.28,1,8,0,99,1.0,195,3,17,275,930,1132,12,7,29,1,1,0,0
1310,1,1.66,1,30,1,250,1.14,225,3,2,649,402,2824,17,10,25,1,1,1,1
2115,1,1.09,1,9,0,100,0.89,94,7,39,1349,438,628,15,13,6,0,0,0,0
2191,1,2.84,1,11,0,225,0.22,198,6,63,2401,745,1241,20,5,14,1,1,1,1
1501,0,1.43,1,11,0,89,0.82,210,7,4,2008,1829,6900,14,9,3,0,0,1,3
1647,0,2.99,1,5,0,8,0.23,139,5,28,1854,2374,6774,13,13,20,0,0,0,2
934,1,1.06,0,25,0,30,0.18,201,8,43,1918,1887,1299,6,9,27,0,1,0,0
1885,1,2.01,1,19,0,71,0.86,161,6,29,977,869,4030,14,5,17,0,0,0,1
1642,1,1.95,1,14,1,49,1.02,187,4,43,1297,1933,2656,15,9,3,1,1,1,0
2035,0,2.74,1,13,0,42,0.27,145,3,46,2331,938,1070,17,3,11,0,1,1,0
954,1,0.87,1,22,0,99,0.18,112,1,62,1962,1556,3442,19,8,7,0,1,1,1
1839,1,2.96,0,3,0,250,1.08,214,7,40,1653,2703,1304,19,9,15,0,1,1,1
1299,1,1.93,0,30,0,53,0.25,118,8,46,435,680,6165,13,3,13,0,1,0,1
814,0,2.08,0,18,0,62,0.14,114,6,21,1970,2665,7939,7,5,26,1,0,0,3
791,1,1.88,1,7,1,255,0.89,223,4,11,1103,1046,3757,10,13,9,1,0,0,1
1456,1,0.6,1,17,0,53,1.03,231,2,8,1150,2117,2378,12,9,11,0,0,0,0
1043,0,1.84,0,28,0,213,0.67,180,6,8,1831,1020,4349,22,8,9,1,0,0,2
673,1,1.21,1,5,1,160,0.69,175,2,54,1169,759,7936,19,5,27,1,1,0,3
1226,1,1.43,0,17,0,238,0.47,141,5,4,1592,1527,1737,21,4,11,0,1,1,1
1610,0,2.25,0,19,0,143,0.36,180,3,32,269,1341,5743,22,7,30,0,0,0,1
1042,1,1.84,1,26,1,153,0.93,180,7,40,676,1680,1227,8,9,21,1,1,1,0
2125,1,0.75,0,18,1,59,1.03,165,8,44,1509,953,2820,6,4,11,1,1,0,1
1826,1,0.7,1,24,0,148,0.45,187,2,6,2501,2942,3886,15,11,19,0,0,1,2
1372,0,1.0,1,25,0,172,0.4,171,3,56,2036,2121,3459,10,7,6,0,0,1,2
2089,1,1.02,0,29,0,253,0.39,222,8,29,1225,2573,1883,20,3,28,0,0,1,1
1236,1,2.14,0,11,1,26,0.16,189,1,3,2527,2410,6480,13,4,29,1,1,1,2
737,0,0.98,0,23,0,41,0.41,145,5,10,890,2261,5682,6,12,11,1,1,0,1
560,1,2.88,0,8,0,6,0.13,187,2,56,2346,701,3856,9,6,7,0,1,1,0
2095,0,1.07,1,27,0,203,0.97,120,4,61,1192,1896,3727,11,7,14,1,0,0,2
2132,0,0.75,1,31,1,23,0.38,118,1,49,445,2727,1086,6,5,24,1,1,1,0
1757,1,2.86,1,9,0,235,0.86,213,2,23,245,577,5585,11,11,20,0,1,0,2
675,0,1.3,1,18,0,95,0.7,175,4,61,2555,1560,2277,15,11,4,1,1,0,0
999,0,1.65,1,27,0,75,1.02,93,1,19,1756,814,2824,21,5,3,0,0,1,0
569,0,3.09,1,0,0,250,1.16,140,7,16,592,2451,7120,17,11,9,1,0,1,3
587,1,3.05,1,23,1,185,0.5,238,5,50,2582,2817,5444,7,7,24,1,0,1,3
918,0,2.43,1,27,1,141,0.2,184,4,22,337,458,5859,13,4,10,1,0,1,2
1473,1,0.69,1,28,0,228,0.92,220,4,34,1030,2468,2545,19,11,28,1,1,0,1
611,1,2.1,0,6,0,194,0.12,170,7,43,2008,1286,4360,12,3,11,1,1,1,2
2174,1,3.17,0,24,0,164,0.35,91,7,12,365,2904,617,15,12,27,1,1,0,0
1274,1,3.06,1,25,1,83,0.16,113,1,60,2378,359,2397,22,3,28,1,1,0,0
948,0,0.79,0,0,0,253,1.09,99,6,12,1840,833,6657,8,6,23,1,0,0,3
1377,0,1.57,0,23,0,185,0.11,199,4,64,2482,2246,4157,14,5,7,0,1,1,2
1844,1,1.35,0,20,0,243,0.64,203,7,19,2216,2406,5388,16,5,5,1,1,0,3
1031,1,0.85,0,31,0,248,0.57,156,7,28,2187,533,6571,19,8,7,1,0,0,3
580,1,2.38,1,1,1,142,0.82,198,6,17,777,749,7708,20,11,20,1,0,0,3
586,0,1.24,1,31,0,93,0.42,171,6,35,723,1226,1138,10,7,22,0,1,0,0
1949,0,1.43,0,18,0,243,1.06,200,2,2,811,413,4974,13,8,30,0,0,1,2
689,1,0.74,1,9,0,256,0.91,189,7,12,603,2415,8152,20,13,29,0,0,0,3
1581,1,1.84,1,12,0,33,0.58,156,6,34,1808,2115,2047,20,8,11,0,0,1,0
1154,0,0.93,1,25,0,164,0.49,186,3,45,379,2327,7115,20,11,13,0,0,0,2
1822,1,1.67,1,32,0,155,1.0,134,2,62,1251,1579,4968,17,7,24,0,0,0,2
602,1,0.89,0,10,0,192,0.93,201,5,54,1614,2036,2954,10,3,24,0,0,1,2
2027,0,3.08,0,32,0,250,0.54,227,3,60,1512,1855,6528,12,5,11,0,0,0,3
1687,1,0.89,1,20,0,66,0.48,117,6,52,1390,2180,7198,17,4,3,0,1,0,3
1264,0,1.91,1,6,1,250,0.14,189,4,50,766,1528,1607,10,12,5,1,0,0,1
852,0,1.03,1,19,1,165,0.19,102,2,23,498,2065,5748,17,3,26,1,1,0,2
2162,0,0.71,1,26,0,23,0.16,143,4,59,2573,2050,7704,14,12,12,1,1,1,3
1013,1,1.05,1,1,1,132,0.13,189,7,62,1337,2039,5630,13,4,23,1,0,1,3
1334,1,0.65,0,2,1,36,0.27,128,7,34,1644,2659,4714,12,4,25,1,0,0,2
1170,1,0.88,1,0,1,245,1.04,121,3,9,1579,1257,1585,19,8,28,1,1,1,0
892,1,1.83,0,18,1,196,0.98,144,7,4,1111,2676,3970,13,3,16,1,1,0,2
1208,0,2.26,0,1,0,232,1.03,102,1,33,1946,395,7470,11,3,20,0,0,1,3
757,0,0.74,0,30,1,155,0.79,182,8,41,1128,1623,6650,12,11,8,1,1,1,3
502,0,1.69,1,4,0,103,0.79,105,7,36,1217,1504,3971,14,3,29,1,0,0,1
993,1,2.07,0,2,0,111,0.24,136,1,58,2136,2647,2884,16,9,27,1,1,1,1
690,1,1.13,1,8,0,243,0.87,133,6,35,991,441,6681,22,4,13,0,0,0,3
1205,1,1.5,1,25,0,40,0.41,235,4,43,1891,901,7944,11,3,13,0,0,1,2
1967,0,0.69,1,29,0,227,0.67,239,8,49,1811,1577,2812,9,10,23,0,0,1,2
776,0,1.09,0,8,0,109,1.15,97,2,58,312,2506,6740,22,7,14,1,1,0,2
502,0,1.76,1,17,0,152,1.06,109,8,40,1855,1564,2877,8,3,23,0,0,1,1
688,0,3.17,0,25,0,172,0.36,199,7,37,2131,2033,6867,21,10,5,0,1,0,3
1364,0,3.19,1,26,1,22,0.91,131,3,6,878,799,7921,8,13,10,1,0,0,2
967,1,3.14,1,5,0,39,0.21,185,4,42,2398,2848,5606,12,9,24,0,0,1,2
1332,1,1.64,0,27,0,43,0.13,228,6,13,286,2422,4326,22,7,28,1,1,1,1
549,0,0.72,0,28,0,200,0.13,110,2,25,664,435,2924,8,12,3,0,1,0,1
1066,0,1.37,0,24,0,21,0.29,235,8,35,2472,2207,972,8,6,24,0,1,1,0
1197,1,1.14,1,17,0,157,0.86,93,2,7,2259,666,915,16,9,4,0,0,1,0
1233,0,0.54,1,12,0,29,0.5,120,2,45,2023,1820,6931,9,8,27,0,1,1,2
1437,0,0.76,0,29,0,197,0.12,164,5,19,1665,2219,5592,6,10,10,0,1,1,3
1827,1,1.72,1,28,0,251,1.19,222,4,34,714,2802,2257,17,8,13,0,0,0,1
1294,1,1.42,0,17,0,107,0.69,171,1,24,1395,509,4752,22,8,23,1,0,0,1
1930,1,0.99,1,24,0,56,0.53,106,8,24,1575,1089,7261,18,7,26,0,1,1,3
1401,0,2.43,0,13,0,115,0.67,123,2,26,451,2170,5487,22,6,14,0,1,1,2
942,1,1.46,0,24,0,178,0.67,203,1,5,1644,1022,7551,14,8,11,1,0,1,3
889,0,2.8,1,2,0,187,0.62,172,5,14,450,2230,1414,16,3,30,1,0,0,0
1048,0,1.15,0,29,0,164,0.77,87,8,51,537,811,1070,22,6,30,1,0,0,0
1516,1,1.95,0,17,1,150,1.07,163,1,9,641,758,5631,14,3,17,1,1,0,2
912,1,1.0,1,19,1,162,0.43,148,4,33,692,1779,4985,6,6,3,1,1,0,2
2055,0,1.84,0,6,0,57,0.64,85,8,10,433,2167,5798,10,6,30,0,0,0,2
1316,1,0.91,1,17,1,54,0.1,123,8,35,2498,870,8051,16,3,20,1,0,0,3
1968,0,0.94,0,0,0,239,1.05,230,2,42,2134,2663,1348,20,6,18,0,1,1,1
1662,0,2.15,0,29,0,149,0.44,194,5,31,1439,2649,7662,16,10,6,0,1,0,3
1067,0,1.21,0,24,1,221,0.4,96,7,50,1110,537,979,12,13,30,1,0,1,1
888,1,0.97,1,14,0,161,1.2,87,6,18,691,1135,4546,11,9,23,1,1,0,1
1765,1,3.01,0,27,1,118,0.74,138,6,37,2480,1810,6901,17,10,9,1,1,1,3
1062,0,0.62,0,26,1,147,0.24,157,7,19,2123,1636,5738,21,10,13,1,0,0,3
919,0,2.03,1,3,0,178,0.39,155,4,34,2015,1003,2222,10,13,12,0,1,1,1
2082,0,1.98,0,1,0,49,0.49,193,1,6,1351,1739,5153,15,13,27,0,1,0,1
1320,0,1.18,0,8,0,119,1.18,112,6,18,304,2901,7440,13,4,16,0,1,1,3
582,0,1.72,0,0,1,186,0.57,92,6,46,1747,1144,2073,10,8,27,1,0,1,1
1341,0,0.74,0,18,0,24,0.35,189,7,51,1391,907,7712,12,12,22,0,1,1,2
1283,1,2.45,0,17,0,20,0.73,224,8,19,942,2299,5527,7,12,13,0,1,1,1
1969,0,1.1,1,17,0,42,0.55,111,3,18,983,1849,1178,15,8,14,0,0,1,0
1710,0,1.02,0,2,0,152,0.16,141,8,20,376,2175,3070,7,7,25,1,1,1,1
825,1,1.35,0,30,0,62,1.05,182,1,19,2298,2052,7133,14,3,16,0,1,0,2
755,0,2.94,1,32,0,113,0.12,110,8,64,629,2359,3107,21,8,22,1,0,0,1
1526,0,2.65,0,19,1,36,1.09,219,2,43,2159,2275,7783,8,8,6,1,1,1,3
580,0,3.06,1,0,1,65,0.97,120,6,26,2537,1944,3737,10,9,14,1,0,0,1
1042,0,2.26,0,13,0,6,0.18,168,6,31,348,1538,3144,18,8,19,0,0,1,0
735,0,2.29,1,23,1,207,0.9,137,6,34,1712,1553,7057,21,5,12,1,0,1,3
534,1,1.8,1,24,1,120,0.95,189,8,36,397,1031,6545,22,13,26,1,1,0,2
2062,0,2.94,0,8,1,46,0.76,115,5,26,2202,1523,2342,8,5,8,1,1,1,1
652,1,1.88,1,27,0,136,0.74,100,2,63,1437,1942,6510,10,7,26,0,1,1,3
515,1,1.46,0,31,0,239,0.15,164,5,20,290,2241,2438,22,8,4,0,0,0,0
2086,0,2.23,1,16,1,212,0.17,219,3,28,2063,2392,7391,14,6,14,1,1,1,3
820,0,1.97,0,12,1,227,0.9,183,5,2,2047,1330,568,20,3,17,1,1,1,0
1888,0,0.83,1,17,0,105,0.22,202,4,32,2423,2285,5598,6,9,10,0,0,0,2
553,0,1.56,1,0,0,93,0.37,152,1,55,1384,1492,1702,7,5,18,1,0,1,0
761,1,1.35,1,17,0,82,0.65,106,6,64,2442,1280,5710,9,12,28,0,0,1,2
688,1,2.79,0,0,1,79,0.28,151,1,31,1810,758,8029,7,11,15,1,1,1,3
1701,0,1.52,1,1,0,236,0.97,239,3,10,1481,1032,5639,21,7,18,0,0,0,2
1554,0,2.72,1,18,0,37,0.99,206,5,47,1085,2142,3844,19,8,29,1,0,1,1
1308,0,1.69,1,16,0,219,1.03,194,8,42,931,900,6835,12,13,28,0,1,1,3
911,1,2.53,1,32,0,235,0.15,131,3,62,1705,526,2011,7,3,3,0,1,0,1
651,1,0.87,0,16,0,217,0.57,178,3,33,1986,1049,4683,7,7,23,1,1,1,2
1468,0,3.0,1,32,0,162,1.03,182,3,2,324,2975,7929,10,3,26,0,1,1,3
892,0,1.8,1,26,0,220,0.5,187,5,58,1212,721,3245,18,4,29,0,1,0,1
1503,0,1.2,0,11,1,10,0.87,224,2,44,347,705,720,19,13,25,1,0,1,0
1669,0,1.15,1,30,0,210,0.75,191,5,52,1176,1400,3903,15,4,5,0,0,0,2
1944,0,1.22,1,15,1,132,0.48,119,7,9,2126,1346,4230,21,13,24,1,0,1,2
1340,0,1.49,0,19,0,246,0.4,119,1,30,1870,2787,6748,21,11,26,0,0,0,3
508,0,2.44,0,3,0,23,0.82,181,8,30,533,957,6692,19,10,17,1,1,1,1
977,0,3.06,0,7,1,239,0.25,220,5,18,1932,1438,3124,7,11,3,1,1,0,1
1951,0,2.31,0,17,0,148,1.05,232,6,55,273,1099,6448,21,5,8,0,1,1,3
1407,1,1.98,1,8,0,28,0.73,180,5,13,269,989,1611,21,4,10,0,1,0,0
1553,1,1.71,1,19,0,131,0.22,167,8,6,2394,1184,1965,15,7,27,0,1,1,0
1278,0,2.74,1,2,1,11,0.87,212,6,16,317,1009,5151,16,11,6,1,1,1,1
776,0,2.79,1,8,1,23,0.57,237,8,64,866,2245,5948,19,6,23,1,0,0,1
2025,1,1.29,0,21,0,137,0.32,89,3,9,551,2438,6712,16,4,8,0,0,0,3
1814,1,3.07,1,20,0,210,1.16,133,2,38,1615,793,5291,11,11,26,0,1,1,2
2192,0,1.57,1,32,0,29,0.89,137,6,13,1473,1649,1493,17,9,3,0,1,0,0
1955,1,2.66,0,29,0,68,0.75,173,2,26,2220,1027,5698,19,8,9,1,1,1,2
995,0,3.11,0,26,0,101,1.03,131,1,36,2570,2645,3808,8,7,5,0,1,1,2
932,0,2.4,1,0,0,140,0.7,133,2,3,2001,591,2555,17,11,18,1,1,1,0
922,1,0.94,1,19,0,2,0.59,88,3,17,1341,1416,3116,8,11,24,0,0,0,0
2062,1,2.08,1,7,0,164,0.31,85,1,38,350,1208,6739,15,6,14,0,0,0,3
1447,1,0.82,0,8,0,128,0.27,155,6,2,2417,1294,1875,7,4,17,0,1,0,0
1273,0,2.63,0,6,0,247,0.58,240,5,33,1564,2843,4807,22,12,20,0,0,1,3
2147,1,1.26,0,15,0,78,0.6,131,2,40,753,1769,1149,17,4,15,1,1,1,0
1526,0,2.38,1,4,1,127,0.91,122,3,15,1519,1339,6081,13,7,24,1,1,1,2
2046,1,2.96,1,17,0,22,0.59,126,8,12,1165,2486,1663,14,12,10,0,0,0,0
2174,0,0.99,0,5,0,235,0.75,236,8,32,1066,2404,7728,16,7,7,1,1,0,3
635,0,1.56,0,16,1,214,1.02,188,1,47,1310,708,7286,8,12,8,1,1,1,3
1114,1,2.25,1,20,0,92,1.19,186,5,2,2019,1557,7083,14,8,7,0,1,0,2
1748,1,1.63,1,5,0,119,0.45,114,3,23,626,1424,3189,18,11,4,0,1,0,0
1883,1,0.97,1,3,0,220,1.09,226,3,64,2516,1525,6521,10,9,4,1,1,1,3
752,0,0.58,1,26,0,77,0.99,115,5,23,387,1255,1545,14,6,4,0,1,0,0
1041,0,1.6,1,24,0,62,0.17,235,8,22,587,2529,2736,11,12,7,0,0,0,0
1432,1,2.25,1,8,0,63,0.47,233,5,48,1836,2990,1529,8,8,20,0,1,1,0
1859,1,2.05,1,29,0,182,0.34,173,8,32,582,391,927,22,8,9,0,1,0,0
692,0,0.92,1,7,0,55,0.83,220,7,26,2076,2616,3331,16,10,19,0,0,1,1
1521,1,1.72,0,30,0,24,0.71,240,7,51,1974,2638,4925,12,13,5,1,1,1,2
1004,1,1.5,1,3,1,44,0.64,175,7,3,1254,1300,7136,11,12,25,1,1,0,2
868,0,1.24,1,21,0,253,0.94,204,7,46,1312,1620,777,17,7,12,0,1,1,1
1376,1,2.47,0,0,0,224,0.47,177,3,25,2600,593,3638,7,5,15,0,1,1,2
1204,1,1.34,1,6,0,245,0.52,166,8,57,2117,1261,5997,15,6,21,0,1,0,3
1581,1,1.96,0,13,0,72,1.05,137,8,47,1732,958,2060,9,5,30,0,0,0,0
1040,1,2.99,0,2,0,114,1.17,187,5,61,573,2751,6171,21,6,25,0,0,0,2
1900,0,1.96,0,15,1,127,0.95,126,6,10,1632,607,4891,19,7,14,1,0,1,2
632,1,2.17,0,7,0,135,0.34,115,8,13,334,1231,4835,18,3,12,0,0,0,1
1966,1,0.7,1,3,0,8,0.22,127,2,58,834,1609,1471,8,8,12,1,0,0,0
550,1,0.98,1,31,1,154,0.33,86,1,26,1887,2941,1803,7,12,5,1,1,1,1
1751,1,0.77,0,32,0,11,0.57,230,8,53,1202,2511,7251,13,7,12,0,1,1,3
1089,0,2.56,1,31,0,72,0.36,125,5,45,2588,2830,7238,12,3,24,1,1,0,3
1152,0,2.76,1,5,1,76,1.09,209,6,33,2457,1151,3987,18,7,10,1,1,1,1
532,0,1.0,1,12,0,173,0.84,152,5,4,463,1038,5089,18,6,13,0,0,0,1
1694,1,1.09,1,10,0,230,0.56,137,5,6,2325,1851,4674,12,9,4,0,0,0,3
781,1,1.37,1,10,0,180,0.4,120,1,47,2280,1233,4466,8,5,10,0,1,1,2
1621,1,2.1,1,13,0,113,0.52,213,3,8,490,362,5982,11,6,4,0,0,0,1
1733,0,2.18,1,16,0,135,0.62,165,1,2,1149,2497,4871,14,11,16,1,0,1,1
1937,1,2.35,1,16,0,132,0.89,155,4,15,2479,574,1474,10,4,11,1,1,1,0
1704,0,2.94,0,9,0,39,0.2,187,1,59,279,844,1148,11,13,30,1,0,0,0
1012,0,1.3,1,32,1,246,1.03,210,7,41,378,2848,7042,10,6,19,1,1,0,3
1756,1,2.28,0,32,0,236,0.24,187,3,47,1444,2282,6199,7,11,13,0,1,1,3
1904,0,2.01,1,10,0,63,0.39,157,6,43,2490,2042,2038,16,3,18,1,0,1,1
1039,0,1.33,1,7,0,31,1.19,224,1,37,898,666,978,22,6,29,0,1,1,0
711,0,2.95,1,17,0,44,0.31,224,1,18,2064,992,2197,22,7,8,0,0,0,0
2013,0,0.76,1,12,0,162,0.21,235,4,29,1877,871,4954,21,8,10,1,1,0,2
751,0,2.42,1,32,1,9,0.8,99,7,36,584,2039,4996,17,4,18,1,0,0,1
1510,1,2.47,1,14,0,28,0.53,223,7,64,919,1661,1812,18,5,5,0,1,1,0
901,1,2.97,1,1,1,167,0.2,115,5,58,1713,1286,1865,7,12,17,1,1,1,1
714,0,1.9,1,4,1,39,0.1,181,5,48,1377,2319,2107,9,13,7,1,1,0,0
1820,0,1.37,0,2,1,19,0.19,187,6,53,800,2405,3915,18,7,27,1,0,0,1
744,0,2.73,1,12,0,7,0.68,117,6,52,713,2302,2303,22,4,24,1,0,0,0
1640,0,2.58,1,10,0,181,0.35,86,6,44,1555,603,4017,21,6,4,0,0,1,2
1678,1,1.85,1,28,0,94,0.96,232,1,53,2195,1952,621,16,13,18,0,1,0,0
602,0,2.57,1,29,0,74,1.04,224,4,6,1215,883,7702,7,13,8,1,1,1,2
794,0,1.22,1,4,0,165,0.26,112,7,3,2424,1049,7362,22,11,19,0,1,0,3
1851,0,2.09,0,31,0,45,0.47,178,4,29,1815,2942,3112,11,12,18,0,0,0,1
1362,0,2.84,0,19,0,134,0.26,108,2,5,1192,1433,6689,6,10,30,1,1,1,2
706,0,1.36,0,10,0,125,0.42,173,6,23,1908,2431,4623,19,9,7,1,1,0,1
2187,0,1.81,1,13,0,174,0.36,134,3,14,1299,980,752,8,11,17,0,1,1,0
950,1,3.07,1,14,1,161,0.97,202,5,62,2026,2926,2698,11,10,30,1,1,0,2
506,1,2.66,1,5,1,174,0.48,174,5,43,2560,1062,949,17,6,6,1,0,1,0
2072,1,2.9,1,28,0,56,0.65,162,6,4,2100,807,5950,22,10,10,0,1,0,2
528,0,1.54,0,0,0,37,0.84,191,8,41,575,1186,6525,21,6,23,0,0,1,2
1441,1,3.19,1,2,0,138,1.0,159,6,48,409,784,5252,8,9,6,0,1,1,2
2189,1,0.91,1,9,0,16,0.43,87,8,22,2149,1925,564,8,7,8,1,1,0,0
1482,0,1.9,1,4,0,117,0.33,177,1,57,2240,706,2324,19,8,29,1,0,0,0
1494,0,1.79,1,2,0,161,1.18,206,7,63,1579,876,4114,11,4,19,1,1,1,2
1160,1,2.66,0,12,0,211,0.45,161,4,63,818,2202,1623,7,13,4,0,1,1,1
715,0,2.95,1,12,0,168,0.84,112,6,7,2319,434,1336,15,11,26,1,0,1,0
1474,0,2.47,1,4,1,255,0.85,86,1,30,1298,1500,2849,17,4,17,1,0,0,1
2026,1,2.19,1,26,0,143,0.67,131,5,50,930,2176,5056,22,8,16,0,0,0,2
654,1,1.65,0,29,0,115,0.35,204,1,29,1104,1514,1191,14,7,30,1,0,0,0
1997,1,1.88,0,23,1,64,0.26,135,6,32,939,378,8180,19,12,11,1,0,1,3
1205,1,1.88,0,17,0,173,0.64,234,2,22,906,743,4037,15,11,13,1,0,1,1
1412,1,0.55,0,31,1,208,0.66,136,2,28,1009,2922,1833,21,12,19,1,1,1,1
781,1,1.86,0,11,0,83,0.95,151,1,45,1831,2390,666,14,8,9,0,1,0,0
1557,0,2.81,0,14,0,21,0.88,203,3,3,279,1259,7860,17,4,6,0,0,0,2
810,1,2.42,0,0,0,4,1.1,180,8,52,1096,2662,5078,22,10,6,0,0,0,1
964,1,2.65,0,23,0,163,1.17,91,8,47,641,337,7159,20,5,11,1,1,0,3
1727,1,1.55,1,3,1,171,0.9,96,1,10,1770,446,6477,12,10,5,1,0,0,3
585,1,1.93,1,21,0,32,0.18,115,8,50,2588,2691,8084,14,7,17,1,1,0,3
1260,0,0.59,0,25,0,7,0.55,220,5,34,2100,2127,7346,16,6,30,0,0,1,2
1511,0,1.53,1,7,0,168,0.77,88,3,22,827,1928,6397,8,4,10,0,0,1,3
724,0,1.78,0,20,1,103,0.75,96,8,30,1451,1243,7049,9,11,4,1,0,1,3
1001,0,1.19,1,10,0,108,0.3,206,2,34,287,2511,7094,18,10,4,1,1,1,2
1084,0,0.58,0,13,0,68,0.74,182,2,15,1214,1950,2469,7,6,7,0,0,1,0
1628,1,2.36,0,17,0,185,0.48,238,2,40,897,1486,5079,16,11,19,0,1,1,1
2161,1,1.67,0,8,0,191,0.47,119,2,41,1424,1340,8085,14,13,16,1,0,1,3
1922,0,1.62,0,26,0,15,1.02,187,4,25,1204,1269,7173,14,10,14,0,0,1,2
822,0,1.17,0,13,1,24,0.56,105,2,31,1851,1862,1320,20,13,24,1,1,1,0
530,1,1.95,0,15,0,143,0.68,177,2,40,1533,2076,1368,10,8,13,0,0,0,0
588,1,1.68,0,26,0,155,0.72,101,3,33,2456,2477,2048,19,7,20,0,1,0,1
1513,1,1.78,1,7,0,38,0.72,226,6,29,401,1408,6208,19,12,30,0,0,1,1
765,0,2.07,1,14,0,42,0.33,149,7,62,2470,1000,3536,22,10,7,1,0,0,1
893,0,0.52,0,32,0,176,0.76,124,1,57,2106,1811,5341,19,9,6,0,1,1,2
1941,1,2.95,0,13,0,117,0.47,238,6,25,1923,1884,1585,14,10,9,0,0,0,0
1986,0,0.69,1,3,0,32,0.82,95,1,47,2189,1064,971,12,13,7,0,1,1,0
1927,0,1.72,1,9,0,157,0.26,209,8,53,358,516,6433,19,10,26,0,0,1,3
931,0,1.06,1,31,0,20,1.19,164,3,8,743,1211,2751,21,11,27,1,1,0,0
1554,0,1.91,0,25,0,60,0.95,192,7,39,241,509,843,10,3,18,1,0,0,0
1538,0,1.26,1,26,0,183,0.56,125,7,52,2125,540,2171,12,10,6,1,1,0,1
815,1,2.82,1,8,0,58,0.43,222,3,5,1077,2909,2993,14,6,26,1,1,1,0
1441,0,1.57,0,27,0,18,0.53,155,3,23,1093,2414,3624,7,4,28,0,1,0,0
1393,1,2.22,1,12,1,246,0.89,150,3,52,1681,415,7399,11,6,14,1,0,1,3
1173,1,1.17,0,26,0,59,0.82,156,4,60,1238,1255,2035,8,12,21,1,0,0,0
1778,0,0.55,0,29,0,133,0.87,131,4,64,1744,1002,5152,19,11,20,0,0,1,2
1652,0,1.59,1,6,1,212,1.08,134,6,40,2450,2933,2622,14,6,17,1,0,0,3
1406,1,1.95,1,30,0,254,0.6,106,4,4,1024,1493,4340,16,5,12,0,0,0,2
1734,1,1.74,1,20,0,208,0.84,160,7,3,2345,1016,2785,7,7,10,1,1,0,1
1798,0,3.1,0,24,0,88,0.59,159,4,53,1496,2021,3156,15,6,10,0,1,1,1
1464,0,2.41,0,24,1,219,0.8,144,3,48,1125,1593,5119,18,8,13,1,1,1,3
955,1,3.19,1,5,0,5,0.62,238,3,14,2410,822,5042,17,11,24,0,1,1,1
1790,0,1.3,1,24,0,85,0.95,102,6,10,1392,1139,1547,19,6,26,0,1,1,0
1720,0,2.63,1,7,0,52,0.11,227,2,11,541,661,1715,7,4,6,1,1,1,0
2172,0,2.0,1,8,0,136,0.34,220,3,57,916,2180,2363,15,4,4,0,1,0,1
754,0,2.15,1,3,0,229,0.43,88,3,50,2236,2922,7419,14,10,16,1,1,1,3
1213,1,3.16,0,5,0,199,1.14,194,6,61,1456,2487,2948,21,5,24,0,0,0,2
2072,0,2.27,0,32,0,256,0.66,117,2,9,1562,1326,4950,17,5,18,1,0,0,3
1375,0,2.93,0,10,0,36,0.5,91,4,45,1849,1625,3961,22,11,26,0,0,1,1
2103,1,2.46,0,12,0,193,0.54,219,6,60,699,483,3232,6,4,22,0,1,0,2
521,0,0.84,0,15,0,186,0.6,103,8,35,458,1303,804,13,10,22,0,1,1,0
559,0,2.39,1,23,0,118,1.05,131,4,50,1279,406,3900,17,3,18,0,1,1,1
1854,1,1.81,0,18,0,26,1.16,100,8,39,2411,2316,8186,7,13,4,0,1,1,3
1109,0,2.98,1,17,0,28,1.03,107,5,2,540,2757,7739,17,10,8,1,0,1,2
1384,1,2.68,0,27,1,234,1.03,94,7,29,1937,833,2819,9,12,23,1,1,1,2
1228,0,0.78,1,16,1,77,0.32,216,2,18,2551,2126,4606,7,10,11,1,1,1,2
1193,0,0.86,1,25,0,164,0.4,94,8,7,468,1927,2719,17,7,23,1,0,0,0
2098,0,0.69,0,30,1,243,0.76,203,3,39,554,1440,7589,13,13,12,1,1,1,3
660,1,1.83,0,22,1,127,0.82,109,2,60,2291,2286,4773,12,11,3,1,1,0,2
1813,0,0.72,0,1,0,55,0.32,227,1,5,496,2142,7579,11,3,21,1,0,0,2
2013,0,2.45,1,8,1,125,0.92,217,6,22,1995,1041,7071,17,9,27,1,0,1,3
1618,1,1.99,1,20,0,60,0.32,183,6,44,2122,2460,3027,16,8,15,1,0,1,1
1171,0,2.76,1,15,1,48,0.39,214,2,21,979,2077,4020,17,6,6,1,0,1,1
772,1,1.26,1,9,1,208,0.44,131,8,9,928,1157,4886,19,8,14,1,0,1,2
1661,0,1.9,0,11,0,90,1.03,207,3,14,1471,2291,2423,16,13,29,1,1,1,0
1297,1,0.82,1,2,0,176,0.91,119,5,3,1435,2037,6899,7,3,11,1,1,0,3
754,0,2.89,0,7,0,187,0.68,180,5,64,2270,634,4858,8,13,4,0,1,1,2
1111,1,0.97,1,25,0,142,1.0,228,5,32,1638,766,2104,22,10,24,0,0,1,0
2135,0,0.78,1,0,0,139,0.99,197,6,61,2525,1188,4221,10,4,9,0,1,0,2
951,1,1.05,1,27,0,48,0.53,127,8,45,806,438,6822,13,6,4,0,0,1,2
803,1,2.68,1,11,0,136,0.96,200,6,24,903,1409,3761,12,12,22,0,0,0,1
1660,0,0.79,1,26,0,193,0.33,222,8,61,809,1557,5967,22,10,12,1,0,0,3
839,0,2.16,1,8,0,51,0.65,223,7,18,1775,2400,8069,20,3,6,0,0,0,3
2064,0,2.51,0,27,1,61,0.23,200,3,13,319,779,3085,14,4,4,1,1,0,0
1961,1,2.53,0,18,1,178,0.57,199,5,52,2271,1841,8161,17,13,8,1,1,1,3
2172,1,1.01,1,28,0,252,0.67,207,2,36,2062,2101,3695,15,4,7,0,1,0,2
2052,1,0.67,0,2,0,101,0.19,199,8,28,2573,1525,4828,16,9,3,0,1,1,3
914,0,1.71,0,26,1,213,0.61,105,8,39,2502,2752,6449,22,13,13,1,1,1,3
860,1,1.05,0,8,0,48,0.82,210,8,62,406,1174,1034,17,4,26,0,1,0,0
1082,0,2.39,1,11,1,147,0.78,113,6,19,2005,1413,5900,7,3,14,1,0,0,2
1299,1,1.46,1,1,0,242,0.16,171,7,58,1429,330,4866,14,11,4,0,0,0,3
1996,0,1.71,1,31,0,114,0.2,137,7,59,1976,1421,5545,19,13,27,1,1,0,2
1747,1,0.81,1,21,1,131,0.49,118,2,49,2302,374,7827,6,8,20,1,1,1,3
1596,1,2.03,1,32,1,41,1.03,128,3,11,1616,2957,4238,12,5,30,1,1,0,1
1994,1,1.0,1,18,0,136,1.06,98,5,7,247,964,7622,9,3,19,0,0,0,3
1598,0,2.33,0,5,0,151,0.44,153,4,9,2281,2497,4872,18,13,16,1,1,1,3
1144,0,0.69,1,11,0,252,0.89,150,6,46,1272,632,2167,8,11,17,0,0,1,1
1202,1,3.13,1,14,0,53,0.74,147,6,27,1323,1055,5524,16,12,3,1,0,1,2
1379,0,2.35,0,4,0,95,1.18,99,8,64,1619,640,1972,7,11,13,0,1,0,1
651,0,0.99,0,30,1,167,0.2,179,7,2,2392,1308,7418,21,7,15,1,0,0,3
1761,1,0.54,1,31,0,242,0.7,111,1,25,1483,1935,1681,11,8,11,0,0,1,1
1610,1,1.4,1,18,0,62,0.75,218,3,18,730,1445,4342,12,7,26,0,1,1,0
1743,1,0.91,0,19,1,179,0.44,88,3,57,1970,1943,6808,19,11,29,1,1,1,3
1408,1,1.09,0,23,0,226,0.15,93,6,9,1734,2481,582,12,4,16,0,0,0,1
1831,0,2.86,1,22,0,163,0.16,131,3,27,394,440,4276,7,3,24,0,1,0,1
2115,0,2.13,1,2,0,110,0.6,148,8,56,1497,1457,4401,21,13,9,1,0,0,2
1469,1,0.98,1,17,0,61,0.86,236,3,63,2094,1912,3108,7,6,28,0,0,1,1
1255,0,2.0,1,25,0,75,0.87,166,4,59,2327,1723,5680,14,3,22,1,0,1,3
677,0,1.19,1,26,1,15,0.3,144,7,43,908,710,3006,8,10,23,1,0,1,0
1824,0,3.14,1,19,1,40,1.04,215,3,12,1473,874,3387,17,7,19,1,0,0,0
2037,1,0.59,0,29,0,113,0.51,122,1,8,2186,1331,2627,10,5,26,0,1,0,1
1689,1,2.48,0,19,0,37,1.16,224,3,27,1618,2066,5307,21,7,17,0,0,0,1
1972,0,2.59,1,12,0,4,0.23,147,3,32,1230,2973,7291,9,7,29,1,1,0,2
1964,0,0.68,0,14,0,178,1.02,133,5,34,674,1307,1876,17,9,21,1,1,0,0
1857,0,0.96,1,22,1,20,1.1,132,6,5,341,1719,3658,6,13,15,1,1,1,0
1355,1,1.54,0,29,0,37,1.0,86,5,44,1869,1141,2246,7,12,8,0,1,1,0
669,0,2.84,0,7,0,153,0.99,190,4,26,2515,411,2386,10,12,28,0,0,1,0
505,1,1.95,0,9,0,237,0.5,175,5,8,1658,1388,7974,21,8,4,1,1,1,3
847,0,2.27,0,21,0,186,0.88,183,2,59,2082,1252,5968,22,9,4,0,1,1,2
1233,0,2.61,1,25,0,10,0.74,186,2,24,1838,723,7766,16,4,3,0,1,0,2
1764,0,2.74,1,13,0,44,0.57,89,5,16,1061,2118,5392,11,9,6,0,1,0,2
1275,1,1.79,1,21,0,190,1.19,221,7,33,1474,1013,5631,11,10,9,1,0,0,2
539,0,1.87,0,0,0,188,0.42,164,5,61,877,922,6006,9,12,16,0,0,1,3
857,0,2.44,1,9,0,101,0.55,192,1,53,766,1363,5527,11,3,10,0,0,1,2
2165,0,1.21,0,31,0,244,1.09,90,8,8,1630,2905,6825,14,12,15,0,0,1,3
2180,0,2.81,0,19,1,228,0.42,203,3,45,1765,2026,3016,17,8,15,1,0,0,2
1141,0,0.56,0,28,0,191,0.27,190,6,43,2571,1460,1289,9,3,15,1,1,0,1
1869,1,1.03,0,7,0,192,0.44,142,8,57,797,2520,4264,6,13,4,1,0,0,2
1723,0,2.66,0,9,0,202,0.94,230,8,62,925,376,527,15,8,18,0,0,0,0
2084,0,1.42,0,32,0,39,1.05,186,1,48,632,1222,875,10,7,11,0,0,0,0
2009,0,0.9,0,32,0,180,0.23,226,2,43,2478,1769,900,12,5,18,0,0,0,1
1569,1,1.0,1,28,0,241,0.78,213,6,24,2085,1630,1106,18,3,4,1,0,0,0
1171,0,1.93,1,10,1,59,0.72,117,7,58,1020,2132,5940,21,3,27,1,1,1,2
1565,0,2.78,0,26,0,5,0.84,240,7,61,2527,2201,5102,15,5,23,0,1,1,2
1042,0,0.69,0,15,0,94,0.84,200,5,64,1902,1542,7689,21,6,12,0,0,0,3
1092,0,0.58,0,27,0,70,1.16,114,2,62,1364,2812,2738,10,8,13,0,1,0,1
1535,0,1.76,1,28,0,244,0.48,208,6,42,1141,2808,3055,18,9,11,1,1,1,2
1471,1,3.08,1,14,0,115,0.43,151,6,62,1583,1593,4276,22,13,30,1,0,0,2
1488,0,1.25,0,10,0,170,0.74,219,4,51,440,2738,6512,9,11,22,0,1,0,3
1154,0,3.09,0,32,0,252,0.57,112,6,17,646,2038,7660,18,8,15,0,1,1,3
1195,0,2.9,0,14,0,203,0.62,125,2,4,2450,692,6112,14,13,21,1,1,1,2
517,0,1.26,0,14,0,193,0.18,139,7,63,727,640,4407,20,9,4,1,1,1,2
1523,1,2.71,0,21,1,249,0.26,155,1,28,627,534,8024,11,7,26,1,0,0,3
1479,1,2.35,0,30,0,177,1.13,183,7,57,2270,887,1904,22,5,19,1,0,1,1
2091,1,1.88,1,4,0,61,0.18,119,7,20,2470,1157,4128,19,7,11,1,0,1,1
1357,0,1.64,1,32,1,187,0.75,195,6,24,2171,505,2408,17,3,22,1,1,0,1
1295,1,2.7,1,13,0,84,0.93,88,7,53,483,1950,1787,6,4,3,1,1,1,0
615,0,2.64,0,0,1,86,0.11,136,8,35,2220,1422,3558,7,13,16,1,0,1,1
834,1,2.54,0,10,0,166,0.35,187,2,44,870,1932,6389,17,5,29,0,1,1,3
1075,1,3.2,0,15,0,82,0.51,126,5,22,266,1668,2969,14,9,24,0,0,1,0
1141,1,1.79,0,22,0,8,0.66,152,6,40,2414,1048,6801,11,4,4,0,0,1,2
1116,1,2.68,0,18,0,256,0.48,179,8,32,871,1968,5204,20,9,19,0,0,0,3
1170,0,2.83,0,4,0,147,0.81,123,6,60,1794,2869,5944,14,13,22,0,0,0,3
1807,0,1.07,0,16,0,172,0.35,235,5,33,414,1169,2380,13,8,17,1,0,0,0
723,1,0.61,0,7,0,208,0.13,217,5,7,687,1143,7142,11,4,12,0,1,0,3
1065,0,1.59,1,8,1,163,0.1,236,2,48,2319,1703,2077,22,3,22,1,0,0,1
777,1,2.81,1,23,0,157,0.48,162,3,62,1637,2476,3363,12,11,14,1,0,0,1
1023,1,1.28,1,26,0,203,0.5,138,4,57,2597,1744,6528,10,4,29,0,0,0,3
1664,1,2.39,0,5,0,77,1.14,240,8,8,665,2550,5814,17,6,26,0,1,1,2
579,0,0.52,0,19,0,213,0.15,198,7,64,2343,518,2812,6,12,28,1,1,1,1
1077,1,1.46,1,13,0,186,0.68,208,6,23,2304,583,2538,16,8,14,0,1,1,0
540,0,2.16,1,11,0,48,0.74,113,1,54,2421,1409,3838,15,12,21,0,0,0,1
2124,0,0.85,1,23,0,39,0.87,220,6,41,357,943,3941,10,12,7,1,0,0,0
1737,0,2.92,0,8,0,226,0.8,167,4,63,486,382,968,19,10,24,0,0,1,0
914,1,0.92,1,25,0,230,0.11,205,6,23,1490,896,2374,6,13,24,0,1,1,1
837,1,2.96,1,13,0,255,0.8,213,4,40,513,1046,1699,22,3,24,1,0,1,1
668,1,1.08,1,3,1,27,0.45,101,6,44,389,2785,1698,20,5,3,1,1,0,0
1304,1,3.18,1,26,0,230,0.95,100,2,11,2155,2417,3227,8,6,15,1,0,0,2
1781,0,2.13,0,28,0,222,0.31,95,2,50,1880,1261,788,14,13,10,0,1,1,1
1493,0,0.73,1,18,0,197,0.89,185,2,11,2232,2888,5713,9,9,28,1,0,0,3
1998,1,0.68,1,23,1,128,0.79,227,8,54,2449,2562,5669,16,5,18,1,1,0,3
1084,0,0.7,0,4,0,131,0.82,89,1,9,576,992,2205,11,5,20,0,0,0,0
973,0,2.09,0,11,0,111,0.29,106,3,13,2202,1601,7234,14,11,15,0,0,1,2
1313,1,2.69,0,11,1,9,0.84,160,3,33,343,2791,5072,22,12,6,1,1,0,1
843,1,1.59,1,25,1,129,0.91,146,7,13,1117,1545,2927,16,3,20,1,1,1,1
2159,0,1.7,0,11,0,62,0.64,101,3,6,942,1314,2002,20,7,20,0,1,1,0
815,1,2.09,1,24,1,53,0.47,180,8,5,799,2742,3808,16,8,13,1,0,1,0
1314,0,1.94,1,10,0,16,0.28,226,8,20,1936,2090,7886,14,5,20,0,1,1,3
1387,0,2.36,0,19,1,118,0.42,118,6,32,525,1502,539,6,10,13,1,0,1,0
597,0,1.77,0,6,0,14,0.94,85,3,4,2150,2651,666,7,11,21,1,1,0,0
1296,1,2.43,1,18,1,218,0.55,120,5,10,2302,2316,3683,15,12,12,1,1,0,2
1273,0,3.19,1,2,0,228,0.87,113,6,40,1811,1252,7571,14,11,24,0,1,1,3
941,0,1.45,0,24,0,206,0.91,157,1,22,431,1457,2672,14,12,27,1,0,1,1
717,1,0.53,1,0,0,78,0.84,101,7,49,1648,447,6252,20,7,16,0,1,1,2
576,1,0.84,0,32,0,43,0.84,141,4,54,1724,593,4922,7,6,3,0,1,0,1
514,1,1.99,1,27,0,130,0.77,103,7,3,1120,2878,2043,17,6,22,0,0,1,0
1319,1,1.43,1,19,0,173,0.67,190,5,61,1107,462,7490,18,12,29,0,0,0,3
652,1,3.04,1,30,1,7,0.32,158,7,45,1347,2563,1766,16,10,22,1,1,1,0
2131,1,2.19,0,26,1,220,1.03,96,1,53,2591,878,4399,10,6,13,1,0,0,2
916,1,1.9,0,4,0,113,1.16,91,1,32,248,1771,5602,12,10,18,0,0,1,2
1609,1,2.65,1,24,1,211,0.61,161,1,2,1441,2256,5700,6,5,13,1,1,1,3
1645,0,1.2,1,12,0,21,1.13,177,7,57,988,2977,7074,9,5,24,0,1,1,3
1342,0,2.71,1,28,0,110,1.2,112,8,37,1535,1321,5930,19,3,23,1,0,1,2
2003,1,0.51,0,28,0,118,0.63,135,8,4,249,2800,5560,16,13,20,0,1,1,2
688,0,2.17,1,31,1,14,0.9,179,3,12,2407,1537,1682,20,5,13,1,0,0,0
898,1,3.02,1,14,0,182,0.81,158,3,14,1318,2644,2867,17,11,7,0,0,0,1
929,0,2.63,0,6,0,239,0.36,103,3,25,2529,593,3174,10,4,20,0,0,1,2
730,1,2.8,1,4,1,139,0.15,146,7,29,604,1038,3362,19,3,12,1,0,1,1
1001,0,1.57,0,5,0,102,0.6,115,3,28,1617,1990,1381,17,10,28,0,1,0,0
1031,1,2.73,1,32,1,164,0.97,229,5,56,1845,2213,1242,9,4,4,1,0,1,1
1800,0,1.99,1,19,0,94,0.46,210,6,61,2119,2474,3897,6,4,26,0,1,0,2
1013,0,2.17,1,11,0,93,0.96,133,3,44,261,1279,6064,18,6,24,0,0,0,2
1991,0,0.66,0,14,1,195,0.82,121,4,41,1738,1994,7327,18,9,17,1,1,0,3
1814,1,1.04,1,5,0,152,0.87,106,6,56,588,1984,7733,7,3,30,1,0,1,3
2033,0,1.99,1,18,0,69,0.41,199,7,18,1249,2959,4206,13,4,23,0,1,0,1
678,1,0.66,1,14,1,105,0.62,228,2,37,366,634,7410,21,6,4,1,1,0,2
2174,0,2.5,0,26,0,214,0.3,127,5,42,375,363,4015,19,10,13,0,1,1,1
1544,0,2.77,1,0,0,136,0.37,184,2,19,2049,1861,4147,19,4,26,0,1,1,1
2171,1,2.98,0,30,0,21,0.2,121,1,61,1934,362,2119,12,6,24,1,0,0,0
1103,0,0.77,1,2,0,220,0.24,228,6,16,2353,845,5335,8,5,7,1,0,1,2
2121,0,3.04,1,13,0,190,0.33,131,4,5,1893,1660,2894,11,6,7,0,0,0,1
1501,1,0.68,1,11,1,70,0.74,99,3,22,1646,1037,4237,17,5,28,1,0,0,1
622,1,1.78,1,23,0,248,0.59,222,1,53,515,1034,7706,20,10,4,0,1,0,3
1197,1,2.77,1,21,0,244,0.39,232,8,25,2046,1248,4708,16,3,29,0,0,0,2
734,0,0.69,1,6,0,255,1.05,146,7,15,783,2160,2839,6,13,18,0,0,1,1
2101,1,0.55,1,16,0,98,0.68,226,8,56,491,1300,5661,16,5,25,0,1,0,3
1017,0,0.57,1,17,0,237,1.12,123,1,11,1968,2446,6129,9,13,9,1,1,1,3
878,1,1.88,0,15,0,207,0.8,127,1,12,1628,746,5171,16,11,12,0,1,0,2
1440,1,2.69,0,0,0,224,0.12,168,2,58,593,594,835,13,6,23,0,0,0,0
1223,0,0.84,1,5,0,141,1.1,178,1,22,1536,766,2248,15,6,7,1,0,0,0
664,0,0.84,0,16,0,73,1.04,145,4,2,1871,2779,1497,16,13,5,1,1,1,0
1888,0,2.04,1,8,0,59,0.8,209,6,29,1417,1063,7853,16,13,20,0,1,0,2
1938,0,1.13,0,17,1,248,0.69,208,2,48,1935,400,2904,6,9,3,1,0,0,1
1763,0,2.47,0,5,1,130,0.6,103,4,49,1431,1165,4155,22,3,29,1,1,0,2
1549,1,3.06,1,24,1,238,0.63,239,5,7,1074,2165,7435,15,12,21,1,1,1,3
1184,0,2.57,1,6,1,143,0.95,109,3,19,767,1290,8125,14,8,22,1,1,0,3
1422,0,2.87,0,21,1,138,0.66,167,4,40,849,1350,2196,12,3,17,1,1,0,0
1386,1,1.9,0,27,0,20,0.29,150,5,43,2150,551,7112,7,11,20,1,0,0,2
781,0,2.75,1,11,0,104,0.16,155,8,41,1120,2109,6094,16,3,29,0,0,0,2
639,1,0.99,0,4,0,143,0.24,105,3,23,1930,911,5228,12,7,3,1,0,1,2
930,1,0.68,0,0,0,29,0.38,138,1,56,1088,581,1798,21,3,9,0,0,0,0
1272,1,2.27,1,11,1,43,0.5,89,7,6,1480,2236,5820,17,7,22,1,0,1,2
772,0,0.64,1,3,0,152,1.08,236,5,53,1673,2832,5219,13,11,6,0,1,0,2
681,0,2.91,1,29,0,65,0.36,107,4,61,1367,1956,3939,6,4,9,0,1,0,1
1949,1,2.37,1,32,0,180,0.45,160,6,45,1996,2833,5019,15,4,3,1,0,0,3
1137,1,3.07,1,32,0,119,0.35,118,8,29,2421,1398,2130,20,13,4,0,0,1,0
1493,0,1.35,1,30,0,105,0.7,112,2,25,2274,1712,5289,13,4,15,0,0,1,3
1391,1,1.81,0,19,1,31,0.78,145,7,29,2415,1277,1688,17,4,21,1,1,0,0
1750,1,2.5,0,10,1,105,0.69,236,6,12,310,1686,2710,8,9,5,1,1,0,0
1758,0,1.16,0,14,0,140,1.15,159,5,15,2032,2713,4313,12,6,30,0,0,1,2
1003,1,1.96,1,8,0,148,1.19,234,7,42,1955,2021,1757,19,13,24,1,0,0,0
1942,0,2.28,1,27,0,70,1.02,214,3,36,1213,391,7529,13,4,21,0,0,0,2
1131,1,3.14,0,14,0,9,0.99,152,7,33,981,1875,7321,21,9,5,1,0,1,2
1920,1,2.51,1,12,0,240,0.5,225,5,31,365,1331,4155,12,13,17,1,0,1,2
1188,1,0.82,0,22,0,246,0.74,139,8,6,2220,1777,4885,19,11,28,0,0,1,3
688,0,1.78,1,12,0,232,0.49,163,4,56,2223,1815,2751,16,3,9,1,1,0,2
1792,0,2.09,0,11,1,75,0.96,191,6,62,418,1899,2140,22,5,18,1,0,1,0
551,1,0.9,0,7,0,155,0.29,176,4,17,1614,2642,7893,15,4,18,0,1,0,3
1813,1,1.67,0,2,0,37,0.34,214,4,21,1541,2621,3686,13,13,22,0,1,0,1
573,1,1.27,0,1,1,232,0.14,110,4,41,647,2924,7836,12,5,28,1,0,1,3
851,0,0.82,1,13,1,3,0.77,162,8,2,1535,1958,1027,17,3,6,1,0,1,0
1526,0,1.88,0,32,0,122,0.86,188,7,8,2156,1084,1331,22,7,4,0,1,0,0
2101,1,0.95,0,8,0,220,0.1,136,2,58,1010,845,4163,8,6,5,1,0,1,2
1194,0,2.09,1,21,0,187,0.66,220,7,12,1953,2597,6517,21,4,10,0,0,1,3
705,1,0.96,0,10,0,222,0.51,132,5,38,2530,2770,3767,22,7,12,0,1,1,2
896,0,2.45,1,9,0,128,0.97,131,1,57,1313,419,6962,19,12,27,1,0,1,3
2024,0,1.03,1,5,1,26,0.14,135,7,48,492,898,1531,15,5,17,1,1,0,0
1736,0,2.92,1,18,0,3,0.15,190,2,19,942,2141,7088,20,13,23,1,0,1,1
670,1,0.57,1,21,0,40,0.78,103,7,11,562,762,3925,10,10,19,1,0,0,0
1154,1,1.91,0,11,0,16,0.75,107,4,47,1072,454,2701,16,7,29,0,0,0,0
949,0,1.36,1,17,1,116,1.01,206,8,27,1761,2993,5424,19,10,12,1,1,0,2
802,0,1.11,1,15,1,14,0.75,117,4,62,718,577,6492,19,6,21,1,1,1,2
1939,1,1.77,1,8,0,49,1.14,101,1,42,1454,892,7643,15,5,10,0,1,1,3
1550,0,2.77,1,22,0,108,0.45,126,7,2,2596,2971,1184,12,5,9,1,0,1,1
805,1,2.97,0,18,0,189,0.54,147,6,17,864,588,5913,22,3,30,0,0,1,2
1606,0,1.32,0,2,0,173,1.18,90,3,48,2317,2464,2927,17,10,3,0,1,0,2
1203,0,0.92,1,16,0,16,0.22,215,2,46,958,1826,4371,19,3,10,0,0,0,1
604,0,2.44,1,12,0,232,0.98,103,7,48,1689,1767,4059,16,5,13,0,0,1,2
1265,1,2.07,0,26,1,142,0.11,148,7,16,610,2537,6426,20,3,6,1,1,0,2
815,0,1.04,0,10,1,90,0.64,116,3,17,872,377,3572,14,3,24,1,1,1,0
917,1,2.55,0,31,0,99,0.27,130,6,15,2288,482,2662,15,12,13,0,0,1,0
1995,0,1.9,0,20,0,218,0.76,92,2,45,1632,844,4255,19,3,15,1,0,1,3
1708,0,2.26,0,4,0,120,0.98,232,2,2,1584,1633,5648,14,9,11,1,0,0,1
728,1,1.47,1,13,0,64,0.14,231,6,53,1445,2899,7012,10,6,27,0,1,1,3
1948,1,1.69,1,29,1,110,0.28,104,7,19,818,503,550,18,4,14,1,1,1,0
1476,0,0.99,1,8,0,19,0.48,115,8,32,2433,1446,4878,12,6,25,1,0,0,1
1987,0,2.54,0,23,0,41,0.38,223,4,17,1168,1469,1069,7,4,20,0,0,1,0
1770,0,0.92,1,25,0,82,0.52,149,2,28,267,846,5274,12,6,29,0,0,0,1
1077,1,2.6,1,22,1,58,1.15,94,5,50,2380,1242,5306,6,11,19,1,0,0,2
1409,0,2.65,1,2,0,91,0.21,106,6,14,349,858,7079,20,9,30,0,0,0,2
1402,0,2.52,0,12,0,18,0.57,149,8,37,2333,687,1990,22,11,22,0,0,1,0
1724,0,0.55,0,11,0,157,0.6,172,1,5,868,1717,6615,10,10,4,0,1,1,2
922,1,1.24,0,11,0,31,0.41,183,6,13,403,2816,5802,21,13,7,0,1,1,1
1066,0,1.76,1,29,1,57,0.41,108,5,45,760,1403,5620,18,4,25,1,1,0,2
916,1,2.11,0,0,0,251,0.89,142,5,37,1784,2022,5402,22,4,4,0,1,0,3
1003,0,2.98,1,17,0,3,0.78,125,1,40,1528,2116,4733,8,7,8,0,1,0,1
774,0,1.51,0,32,1,73,0.99,168,1,16,601,2580,1001,7,8,25,1,0,0,0
562,0,2.86,1,28,1,129,0.55,135,5,14,948,2531,6757,21,11,12,1,1,1,2
2098,0,0.94,0,20,0,80,0.77,116,2,28,737,2748,3526,10,4,9,1,0,1,1
626,0,1.5,0,32,1,83,1.08,212,5,10,1782,2503,1314,16,4,8,1,0,0,0
2010,1,0.64,1,13,0,34,1.04,173,1,57,2280,2813,5220,21,11,11,0,1,0,2
505,0,2.5,1,20,0,109,1.11,158,7,18,842,2910,7787,11,9,26,1,1,1,3
1822,1,0.91,1,17,0,194,0.4,105,3,47,2353,2325,5992,7,7,15,0,1,0,3
1058,0,1.19,0,1,0,151,1.18,96,4,11,1203,1642,2401,19,5,29,0,1,0,1
1380,0,2.59,0,1,0,237,1.0,209,3,43,435,1142,6780,13,10,23,0,1,0,3
980,0,1.94,0,29,1,180,0.97,236,4,14,1001,1851,7014,6,11,10,1,1,1,2
1334,0,0.54,1,5,1,203,0.83,176,5,19,2303,2542,3050,11,3,7,1,0,1,2
1268,1,0.51,0,11,0,112,1.18,91,6,27,2148,2340,4528,15,3,29,0,0,0,2
1401,0,1.88,0,20,0,158,0.59,160,6,9,1959,1714,6938,20,11,28,0,0,0,3
1168,1,1.32,1,18,0,149,0.92,128,8,9,1181,524,1721,9,12,6,1,1,0,0
1412,1,0.99,0,16,1,209,0.87,93,2,49,2071,1048,3233,14,5,12,1,0,0,2
1904,1,2.16,0,32,0,129,0.91,107,7,23,1916,1867,4017,9,10,23,1,0,1,2
1239,0,1.12,0,25,1,105,0.93,162,5,37,2109,1354,565,10,12,30,1,1,0,0
1114,0,2.1,1,31,0,19,0.31,151,3,42,1556,1542,1794,10,4,28,0,0,1,0
724,1,1.52,0,21,0,221,0.48,172,8,41,1437,1127,5197,14,5,10,0,1,0,2
1111,0,1.0,0,32,0,113,0.53,193,6,41,2522,523,2536,17,4,28,1,0,1,0
713,0,0.87,0,19,1,205,0.92,126,2,63,2475,1569,2368,7,11,23,1,0,1,1
810,1,1.14,1,17,0,174,0.89,129,2,41,1505,1512,2786,7,11,15,0,0,1,1
2119,1,0.58,1,26,1,2,1.02,190,6,23,713,2414,1467,18,4,13,1,1,1,0
652,1,1.33,0,28,0,168,0.97,115,6,19,1205,620,5403,10,4,25,0,1,1,2
1319,0,2.94,0,2,1,126,0.76,96,1,52,1432,1619,2496,16,10,26,1,1,0,0
1919,1,2.74,0,30,0,63,0.25,218,6,28,1838,2609,5517,7,12,28,1,0,0,2
2121,0,1.5,1,22,0,69,0.8,117,5,37,992,1038,6871,16,11,15,1,1,1,3
749,1,2.05,0,29,0,164,1.08,103,8,53,347,1167,4188,21,4,10,0,0,0,2
778,1,2.03,0,23,0,23,0.81,200,6,16,2181,554,7532,13,7,27,0,0,1,2
1133,1,2.74,0,30,1,156,1.09,167,8,16,2480,1860,2019,15,3,11,1,0,0,1
1443,1,1.14,1,9,1,217,1.2,107,1,5,435,2614,7898,11,5,24,1,0,1,3
2132,0,1.3,1,6,0,24,0.5,217,7,6,991,1610,2984,10,9,17,0,0,0,0
853,0,1.31,1,6,0,4,0.9,123,3,40,1263,1438,2838,7,6,19,0,1,1,0
779,0,0.61,0,8,0,17,0.69,190,5,33,2035,2328,8035,14,9,8,1,0,1,3
930,0,1.35,0,7,0,188,0.6,186,8,20,2066,1504,4013,22,6,9,1,0,0,1
1987,1,2.87,0,14,0,218,0.36,214,7,15,1050,1388,6253,7,9,21,1,0,1,3
551,0,2.96,0,6,0,253,0.37,198,2,45,977,2367,6676,13,9,10,0,0,1,3
1146,1,0.8,1,5,0,9,0.3,194,2,7,1196,1081,3954,20,5,21,0,1,0,0
702,0,1.74,1,17,0,124,0.79,93,6,46,807,2598,2953,14,3,30,0,0,1,0
767,0,1.53,0,26,0,14,0.26,231,8,59,1270,1038,4285,18,6,5,0,0,0,1
2059,0,1.82,1,4,0,96,0.57,104,5,30,859,1690,3470,12,3,28,0,1,1,1
502,1,2.0,0,16,0,80,0.68,124,1,33,382,990,3710,16,4,7,0,1,0,0
1046,1,0.55,1,21,0,156,0.58,154,2,35,1924,2015,2334,22,6,6,0,0,0,0
2057,1,2.77,1,23,0,233,1.04,129,6,7,2098,1484,7538,16,6,26,1,0,0,3
1534,0,3.13,0,3,0,207,0.59,177,6,41,917,961,4908,19,6,8,0,1,0,3
622,0,2.26,1,24,1,18,0.19,93,8,25,1186,2314,6630,17,3,21,1,1,0,2
1290,1,2.28,1,0,0,63,1.19,155,5,31,1190,2826,5575,7,4,5,0,1,0,1
2151,1,1.93,0,7,0,72,1.03,139,4,3,292,395,3223,8,12,5,1,1,1,0
1181,0,1.4,0,10,0,65,0.83,185,1,57,1528,1842,2957,16,10,8,1,1,0,1
1399,1,0.9,1,28,0,92,0.93,166,7,23,1322,2246,8057,11,7,17,1,0,0,3
1404,0,2.08,0,6,0,156,0.24,202,8,6,2461,2249,698,14,3,11,1,1,0,0
1623,0,0.62,0,25,0,190,0.94,110,1,51,1117,911,2777,14,6,9,0,1,0,1
818,1,2.73,1,32,0,241,0.33,233,4,63,2115,626,6164,19,13,26,0,1,0,3
1928,0,1.64,1,31,0,181,0.64,146,3,34,1162,1696,4704,22,11,7,0,1,0,2
2181,0,1.62,1,9,0,78,0.3,139,6,4,677,2027,5248,22,11,5,1,1,0,1
742,1,1.38,0,3,0,48,0.93,170,7,64,1063,1096,677,7,5,6,0,0,1,0
1891,1,3.12,1,7,0,98,0.37,110,2,15,2324,1309,2194,18,7,27,1,1,0,0
1889,0,0.97,0,25,1,205,0.38,212,8,17,845,1746,5116,18,3,16,1,1,1,2
1761,0,0.91,1,6,0,255,0.22,126,2,46,2234,1526,2928,20,12,30,0,1,1,2
1130,1,0.95,1,21,1,102,0.89,229,7,22,1811,1616,4125,13,4,25,1,0,0,1
1297,1,2.28,0,12,1,46,0.43,108,6,7,1999,2148,7863,14,9,10,1,1,1,3
1927,1,3.18,1,25,0,3,0.67,219,2,45,2016,2958,5413,13,6,25,1,1,1,2
760,1,1.14,1,19,0,21,0.47,146,6,18,1460,2454,5352,12,9,15,0,0,0,1
1909,0,2.95,1,19,0,164,0.95,179,3,56,1660,342,2020,10,12,18,0,0,0,0
2066,1,1.25,0,25,1,152,0.35,221,3,11,404,1256,5085,16,6,17,1,1,1,2
1659,0,2.25,1,31,0,166,1.13,105,1,59,1890,346,7886,6,3,24,0,0,1,3
1080,0,0.61,0,12,1,8,0.45,139,6,47,1919,2661,5425,18,10,8,1,1,0,2
1451,1,1.84,0,17,1,113,0.21,232,7,17,484,2047,6542,20,8,4,1,1,0,2
585,0,2.27,0,20,0,48,0.36,108,5,38,1463,907,7843,9,4,23,0,1,0,2
2084,1,1.95,1,27,0,87,0.18,101,7,61,1441,2569,7434,9,3,29,0,0,1,3
1082,0,1.14,1,15,1,160,0.62,166,3,6,971,1829,3122,14,8,19,1,0,1,1
597,1,2.74,1,12,0,72,0.38,88,5,53,396,457,2782,20,9,6,1,0,1,0
1851,1,3.12,0,27,0,170,1.07,239,7,30,263,725,2669,7,4,6,0,0,0,1
1618,0,1.74,1,31,0,75,0.67,225,4,61,732,2489,6428,13,9,18,1,1,0,2
1559,0,2.22,0,18,0,132,0.36,114,5,15,785,1095,3405,9,7,28,1,1,1,1
592,1,2.63,0,3,1,119,0.6,111,2,47,740,1726,6829,20,4,20,1,0,1,2
1777,0,1.15,1,9,0,99,0.32,206,5,62,1670,2720,6664,20,9,11,0,1,0,3
1584,0,2.83,1,15,1,34,0.3,166,7,23,1234,1095,5626,7,10,20,1,1,0,1
1849,0,1.26,1,23,0,148,0.43,213,7,8,505,350,1441,8,4,7,1,0,0,0
1907,1,2.59,0,22,0,254,0.22,235,3,26,438,544,5979,8,10,16,0,0,0,3
860,0,0.8,1,27,1,166,0.31,147,5,39,1787,2774,2100,19,5,30,1,1,0,1
858,1,1.28,1,0,0,192,1.13,124,5,41,2446,1928,4756,21,9,20,0,1,1,3
2071,0,1.94,1,15,0,206,0.83,181,8,32,2175,1200,2265,12,11,5,0,1,0,1
1403,0,1.92,0,23,0,11,1.11,184,7,60,2029,530,988,8,13,8,0,0,0,0
1245,0,2.8,0,32,1,204,0.38,152,7,38,991,2185,5400,17,5,4,1,0,1,2
988,1,3.19,1,4,0,63,1.04,131,7,42,1902,426,3978,21,6,14,1,0,0,0
1586,0,0.79,1,29,0,171,0.5,125,3,62,433,565,5439,21,4,9,0,1,0,2
1782,0,1.23,1,0,0,252,0.26,166,4,61,644,1912,4279,13,13,30,1,0,0,3
503,1,1.47,1,6,1,230,0.99,151,4,23,569,2039,3368,19,6,11,1,0,0,1
1440,0,1.79,0,27,0,107,0.17,156,4,20,673,1847,631,22,11,3,1,1,1,0
2189,0,1.83,1,25,1,215,0.55,99,8,49,1085,2758,2633,20,13,15,1,0,0,2
977,0,2.81,0,32,0,159,1.0,222,8,35,343,1041,7275,14,8,23,1,1,0,2
977,0,2.58,1,19,0,35,0.78,195,8,30,2160,1808,6308,10,10,22,0,0,1,2
1993,1,0.55,1,20,0,63,0.67,228,5,45,1928,1140,4074,12,8,30,0,0,1,1
605,1,1.73,0,17,0,245,0.49,214,2,43,1737,1290,755,12,9,13,0,0,1,0
1176,1,2.17,0,16,1,235,0.18,181,2,59,654,723,8077,22,5,17,1,1,1,3
1279,1,1.74,0,16,0,229,1.19,132,3,25,2289,2447,6186,18,12,18,0,1,1,3
1857,0,0.85,1,9,0,99,0.29,187,6,49,255,2206,681,20,4,3,0,1,1,0
719,0,1.57,1,28,0,83,0.38,173,3,16,2587,2230,2127,19,10,3,1,0,1,0
1238,0,1.61,1,11,0,207,0.36,229,6,61,1955,701,1818,14,13,25,0,1,1,1
759,1,1.01,0,20,1,7,1.1,121,8,7,718,635,7446,19,11,13,1,1,1,2
1839,0,2.54,1,22,0,230,0.94,89,3,49,704,2416,7842,16,11,22,0,0,1,3
1575,1,1.37,0,17,0,156,0.6,104,8,8,1880,2104,3689,18,10,29,0,1,0,1
1344,0,2.09,0,20,0,163,1.15,112,5,57,2148,399,1878,11,13,9,1,0,0,1
1168,1,1.89,0,1,0,113,0.16,188,7,62,1341,2101,5445,9,12,24,0,0,1,2
760,0,2.87,1,10,0,251,1.08,107,1,53,381,2947,2605,9,6,8,0,1,1,2
2068,1,0.83,1,14,1,193,0.17,105,3,51,1405,2335,1441,10,9,23,1,1,0,1
1601,1,0.81,1,13,0,15,0.53,146,8,32,1371,1064,2501,22,7,7,0,1,1,0
1042,1,1.31,1,29,0,135,0.16,206,8,17,1008,1168,2462,22,5,11,0,0,0,0
1204,0,1.66,0,29,0,221,1.2,151,5,64,2371,2336,924,8,11,16,1,0,1,1
1735,0,1.31,1,23,0,21,1.11,127,1,35,1048,1395,5893,15,3,16,0,1,1,2
1723,1,2.56,0,11,0,189,0.74,129,1,53,815,2295,3217,21,4,3,0,1,1,2
1284,0,1.16,1,1,1,64,0.34,212,4,46,1836,2893,4739,18,4,26,1,1,1,2
1015,1,0.73,0,24,0,131,0.4,152,8,46,1699,1407,4740,16,5,3,0,1,1,2
1622,1,1.62,1,29,0,227,0.59,142,4,24,1705,1857,6430,16,8,27,0,1,1,3
1619,1,2.59,1,16,0,127,0.46,205,8,28,1430,1633,6367,11,13,8,1,1,1,2
1520,1,2.8,1,27,1,11,0.12,142,5,29,991,1683,4839,21,13,22,1,0,0,1
623,1,2.48,1,30,1,7,0.82,140,2,39,848,522,6949,7,12,22,1,0,1,2
1304,0,2.01,0,18,0,189,0.77,202,5,47,519,2965,4885,20,11,15,0,1,1,3
1544,0,2.46,0,6,0,239,1.09,136,3,14,678,1769,713,20,8,18,1,1,1,0
2116,0,2.34,1,0,1,76,0.62,164,2,16,1605,935,7104,10,11,5,1,1,0,3
1393,0,1.13,1,24,1,240,0.48,188,6,5,1198,1858,6422,14,5,28,1,1,0,3
1082,1,1.99,0,18,0,117,0.66,116,2,35,1985,1386,3774,21,10,6,0,0,1,1
1445,0,2.58,1,5,0,16,0.31,105,8,44,2138,2523,3480,14,3,21,0,1,1,1
801,0,1.36,0,1,0,137,0.79,217,7,15,1558,2357,7386,11,12,3,0,1,0,2
654,1,2.27,1,31,0,250,0.95,131,7,46,487,1344,3782,7,13,23,0,1,0,1
1653,1,1.8,0,10,0,65,0.27,138,1,2,248,2231,3370,13,11,13,0,0,0,0
2177,0,1.86,0,10,0,246,0.45,177,8,56,779,408,6137,10,4,16,0,0,1,3
1939,1,0.74,1,20,0,168,1.05,101,4,45,906,2911,3035,20,5,3,1,0,0,2
1492,0,2.3,1,12,0,102,0.66,92,6,45,413,1689,3614,20,11,9,0,0,0,1
568,1,2.84,1,30,1,178,0.69,149,2,46,2078,2074,6498,11,8,15,1,0,1,3
2180,1,0.88,1,22,0,104,0.89,236,7,24,1106,2049,2227,9,9,23,1,0,1,0
1264,1,1.49,1,11,0,23,0.74,174,3,64,1993,1159,600,10,7,19,0,0,0,0
992,1,0.63,0,8,0,224,0.18,175,6,49,733,2169,3097,12,12,10,0,1,0,1
2018,1,0.58,1,28,1,97,0.98,180,3,13,264,1386,1834,17,4,19,1,1,0,0
1769,1,3.17,1,19,0,146,1.12,219,8,60,563,2144,3290,8,7,9,0,0,1,1
1775,1,1.83,1,30,0,191,0.16,215,6,48,1350,560,1063,22,5,18,0,0,0,0
972,0,1.46,1,11,0,23,0.23,88,4,21,1372,711,5038,17,10,18,0,1,1,0
2187,1,1.24,0,0,0,186,0.87,169,4,61,1272,2796,4445,8,6,9,0,0,0,3
1270,1,3.15,1,29,0,95,0.76,170,1,17,2505,2292,2603,11,6,8,1,0,1,1
1403,1,1.18,1,7,0,140,0.52,119,3,42,1780,664,5336,17,4,17,0,0,0,1
1777,1,2.46,0,27,0,118,0.69,237,7,44,1968,893,1622,14,12,19,0,1,0,0
1622,1,1.27,1,23,0,200,0.87,125,7,62,535,1783,591,14,5,30,1,0,1,0
793,0,0.69,0,7,0,49,0.65,215,8,37,1339,335,4174,6,12,16,1,1,1,0
1014,0,2.34,1,24,0,29,0.25,100,1,64,1707,1396,1752,12,13,15,0,1,0,0
1114,0,0.5,1,2,0,106,0.2,178,3,19,1620,1195,7086,16,13,16,0,0,0,2
2111,1,2.32,0,12,0,32,0.58,199,7,52,2475,679,2835,18,6,27,0,1,0,0
1715,1,1.18,1,11,0,63,1.12,163,3,17,1363,1123,3805,13,10,11,0,1,0,0
1123,0,2.51,0,21,1,169,0.71,101,2,64,1117,1105,2771,15,12,13,1,0,0,1
1749,0,2.58,1,17,0,210,0.49,104,3,50,2469,499,3842,9,3,13,0,1,1,2
1756,1,2.46,1,20,1,178,1.1,179,8,41,1036,2018,1258,19,3,20,1,0,0,1
1170,1,0.57,0,15,0,83,0.53,219,7,6,1586,1050,7684,17,5,22,0,0,0,2
1185,1,2.4,0,24,0,209,0.66,178,1,33,306,403,1839,18,13,16,0,0,1,0
2021,0,3.17,0,5,0,105,0.23,100,7,11,630,379,3550,17,3,10,0,1,0,0
1455,0,1.16,0,23,1,48,0.91,207,5,59,375,2909,7018,22,11,22,1,1,0,3
754,0,1.24,0,1,0,194,0.87,156,7,25,1226,637,3787,20,12,10,1,0,1,1
1724,0,2.7,0,2,0,133,0.97,96,5,54,2439,2757,5893,19,12,28,0,0,1,3
1502,1,0.93,0,23,1,96,0.46,142,6,59,408,766,1037,11,8,20,1,1,0,0
1365,0,2.28,0,5,0,170,0.58,116,5,8,2543,546,2786,7,8,15,0,1,0,1
1733,1,2.54,0,25,1,186,0.29,238,6,49,2291,1782,6348,6,11,9,1,0,1,3
2042,1,0.6,0,4,0,59,1.16,226,7,21,253,2648,2535,19,9,24,0,1,0,0
1062,0,2.0,1,4,0,31,0.19,101,5,8,276,511,3691,21,11,20,0,1,0,0
1213,0,2.05,1,30,1,133,0.81,174,1,18,2366,1200,1128,17,6,27,1,0,0,0
822,1,1.32,0,5,0,15,0.88,86,1,36,1621,2338,4387,18,13,22,0,0,1,1
1600,0,2.87,1,30,0,164,0.27,156,4,55,650,500,3191,7,7,25,1,0,1,1
1185,0,0.94,0,11,0,114,0.5,109,4,45,2491,774,7120,15,5,5,0,1,1,3
1082,1,1.48,1,26,0,56,0.15,201,7,16,1565,1140,3569,16,11,3,0,0,0,0
1684,1,2.79,0,31,0,154,0.71,96,1,20,1739,2482,6865,8,9,21,0,1,0,3
1194,1,1.01,0,3,0,97,1.19,225,8,21,1841,2488,7457,18,3,3,0,0,1,3
1289,0,2.72,1,10,0,101,0.57,121,1,48,716,2221,6956,11,4,27,0,1,1,3
1248,0,0.71,0,18,0,57,1.19,126,4,34,1087,2105,6219,9,3,27,0,0,1,2
939,0,1.82,1,28,0,174,0.24,223,4,3,543,390,4997,17,9,19,0,1,1,2
713,0,0.7,0,6,0,232,0.53,225,5,6,1488,959,4192,13,12,23,1,1,0,1
1907,0,2.33,0,6,0,159,1.09,99,1,6,2571,2791,1136,15,6,14,1,1,0,1
656,1,2.63,0,12,0,62,1.06,101,7,62,1721,2248,1547,15,4,29,1,0,0,0
1052,0,2.79,1,6,1,214,0.46,218,2,33,1873,966,3432,16,12,4,1,1,1,2
1635,1,3.15,0,8,0,32,0.85,237,7,32,697,2217,5551,13,10,11,1,0,0,1
723,1,2.31,1,4,0,75,1.07,161,5,49,1519,2261,550,19,8,22,0,0,0,0
1615,1,2.58,1,27,0,10,0.94,110,8,13,2587,2311,7701,20,5,25,1,1,0,3
1746,0,1.87,1,26,0,218,0.79,108,8,3,448,2947,8137,14,10,9,0,1,0,3
1627,0,2.96,1,4,1,13,0.27,126,7,19,721,1769,1111,8,7,25,1,1,0,0
1018,1,2.24,1,17,0,141,0.18,191,4,15,1939,480,1252,10,5,15,0,1,0,0
533,0,2.89,1,21,0,50,0.78,100,4,52,264,2515,7030,19,6,27,1,0,1,2
2009,1,1.14,0,20,0,56,0.65,185,6,53,727,360,2047,10,3,10,0,1,0,0
1055,0,1.84,0,32,1,157,0.36,210,6,41,2469,2039,1895,19,8,22,1,1,1,1
1869,0,2.47,1,21,0,206,0.42,107,7,59,285,2455,1950,17,11,8,0,1,1,1
836,1,1.05,0,22,0,6,0.53,238,4,31,1253,656,5898,13,12,6,0,0,1,1
776,1,1.07,1,1,0,42,0.65,239,4,17,1018,2457,1530,8,10,22,0,1,1,0
1823,0,3.14,0,2,1,75,0.53,131,1,22,1181,2492,1924,15,12,22,1,1,0,0
2098,1,1.67,0,20,0,242,0.53,102,2,10,849,2073,3566,17,13,11,0,1,0,1
1963,0,0.99,0,29,0,16,0.23,135,7,58,890,1188,5120,8,5,19,0,1,0,1
1777,1,1.39,0,13,1,47,1.05,125,8,40,2036,861,8117,20,7,29,1,0,1,3
919,1,1.57,1,21,0,104,0.77,128,5,50,300,2210,2337,9,6,12,0,0,1,0
2053,1,2.18,1,6,0,85,0.26,229,3,19,545,740,2469,13,10,17,1,1,0,0
1636,1,2.99,0,15,0,14,0.57,109,1,47,864,2130,4672,15,12,8,0,0,0,1
792,0,3.16,0,24,0,139,0.56,134,1,22,2191,774,3720,18,12,17,0,1,1,1
720,1,2.26,1,21,0,156,0.76,207,6,30,1168,1220,5121,9,3,27,0,0,1,2
1981,0,2.39,0,3,0,47,0.77,93,6,43,322,1677,2405,11,8,20,0,0,1,0
968,0,1.37,1,29,1,177,0.81,94,3,63,1468,753,5262,19,4,6,1,1,1,3
1802,0,2.81,1,30,1,16,0.87,132,2,37,1721,2450,7620,11,6,23,1,0,0,3
735,0,1.09,0,15,0,188,0.21,235,1,46,1320,2183,5756,16,8,14,0,0,0,2
977,1,0.79,0,11,0,68,0.44,215,6,39,449,363,6158,12,9,3,0,1,1,1
982,0,3.13,0,17,0,59,0.12,229,5,28,2315,2596,1042,6,11,20,0,1,0,0
978,0,2.83,0,26,1,52,0.6,219,3,60,2266,2241,7442,14,13,11,1,0,1,3
1647,0,1.32,0,14,0,223,0.57,103,6,62,2391,2567,5914,12,6,30,1,0,1,3
2055,1,2.32,1,0,0,130,0.91,147,7,21,2515,1933,5328,10,9,30,0,0,1,2
2048,1,1.76,0,2,1,178,0.28,167,5,58,988,1999,1699,20,3,21,1,1,1,1
1761,1,1.37,1,26,0,54,0.79,110,3,30,1235,1348,4765,19,4,20,0,1,1,1
844,0,1.27,1,25,0,16,0.44,239,1,48,2505,929,5712,10,13,11,0,0,0,1
2133,0,0.87,0,25,0,11,0.52,179,7,34,1301,951,5301,14,13,4,1,0,1,1
1422,1,1.98,1,4,0,114,0.89,218,5,50,2282,1167,1464,18,13,4,0,1,0,0
1428,1,1.71,0,5,0,85,0.18,125,3,56,1769,1100,827,6,5,15,0,0,1,0
1693,1,1.88,1,13,0,197,0.48,196,1,28,2430,2343,4194,7,10,11,0,0,0,3
1808,1,1.08,1,7,1,203,0.53,101,7,46,264,1725,6021,15,5,29,1,1,0,3
2120,1,3.03,1,12,0,81,0.89,88,8,33,1907,1421,3482,21,10,11,1,0,1,1
1490,1,2.22,1,18,0,112,0.32,184,4,52,2130,2264,5793,21,8,9,1,1,1,3
1537,0,2.93,0,9,0,99,1.14,95,3,14,708,2283,7942,13,13,25,0,0,0,3
1768,0,0.8,0,4,0,174,1.2,128,5,47,1976,2826,7344,17,7,26,0,0,0,3
933,0,2.18,0,13,1,162,1.0,208,7,39,700,1149,5357,14,10,13,1,1,1,2
1023,0,2.79,1,23,0,168,0.43,162,5,30,2376,972,6105,21,10,5,1,1,0,2
1563,0,1.39,0,20,0,16,0.83,143,1,25,2385,336,1189,15,11,5,0,0,1,0
609,1,1.03,1,10,0,88,0.19,130,2,46,248,748,1166,21,3,17,0,0,1,0
1045,0,1.22,0,10,0,248,1.06,189,1,23,1437,1937,5895,12,8,27,1,0,1,3
1721,0,1.24,1,19,0,89,0.67,233,4,4,1143,2489,6664,21,7,13,1,0,1,2
2160,0,1.71,1,5,0,46,0.29,200,4,61,2342,1931,2003,18,5,3,0,0,0,1
1383,0,1.38,0,27,0,52,0.46,140,5,30,996,2978,5062,19,11,13,0,1,1,1
1179,0,1.23,0,28,0,8,0.98,150,7,12,1941,2002,2709,6,12,3,0,0,0,0
1249,0,2.25,1,0,0,201,1.06,101,1,16,515,2686,1345,19,3,14,0,0,0,0
1665,1,0.64,0,32,0,3,0.67,107,8,54,741,1039,3418,8,10,16,0,1,1,1
1426,1,1.42,0,0,0,154,0.63,126,3,22,2566,1188,3951,21,12,23,0,1,0,1
539,0,2.36,0,15,0,103,0.93,145,5,19,1148,2494,6474,9,6,4,0,0,1,2
1417,1,0.97,1,22,0,26,1.01,239,2,32,2048,2091,7152,20,9,16,1,0,1,2
1180,1,1.1,0,10,1,227,0.94,220,3,3,2525,1626,7763,16,9,7,1,1,0,3
1692,1,1.04,0,6,0,191,0.52,102,7,37,2518,2882,1314,12,3,16,0,0,1,2
1988,0,0.5,1,1,1,211,0.81,136,1,4,286,2363,7611,21,11,30,1,1,1,3
2137,1,1.78,0,24,1,240,1.04,93,4,54,789,1111,4489,12,11,23,1,1,1,3
1537,0,0.61,0,1,0,234,0.27,94,5,29,1927,1958,1823,7,5,26,0,1,1,2
1116,0,1.24,0,15,0,180,0.53,143,5,15,2428,1381,5484,7,6,4,0,1,0,2
1255,0,3.19,0,12,1,138,0.16,234,4,30,2550,1435,976,20,11,24,1,0,1,0
800,1,2.98,0,31,0,179,0.55,113,4,13,1940,2478,4057,12,11,27,0,1,1,2
2092,0,1.08,0,30,0,116,0.95,191,8,22,485,2142,6875,19,3,21,0,1,1,3
1941,0,1.34,0,26,0,48,0.32,146,2,10,1993,353,7972,6,6,24,1,0,1,2
1952,0,1.75,1,24,1,100,0.7,169,4,44,882,1861,2725,7,9,4,1,1,1,1
1058,0,2.78,0,17,0,121,0.14,220,3,63,2149,2054,1852,22,4,23,0,0,1,1
1048,1,2.67,1,11,0,13,1.09,214,7,32,1531,1689,4988,8,13,26,0,0,1,0
1957,0,0.84,1,5,0,218,1.0,214,7,8,674,1124,1720,17,5,9,0,1,1,1
1426,0,0.84,1,31,0,233,0.68,149,7,6,2232,2058,8028,11,12,16,0,0,0,3
1698,0,1.63,1,12,0,109,0.88,92,1,54,2574,2860,3029,14,3,14,0,0,1,1
1333,0,2.85,0,14,0,128,0.21,238,1,23,1435,550,1943,7,12,5,0,0,1,0
1253,0,2.88,1,4,0,216,1.03,240,4,20,2158,1936,2340,10,3,6,0,1,0,1
1575,1,0.79,0,9,0,118,0.89,218,4,8,380,2760,3391,18,10,11,0,0,1,0
1882,0,2.05,0,20,0,177,0.23,159,1,43,880,1393,6208,15,6,6,0,1,1,3
1068,0,0.92,1,14,0,133,1.18,128,8,5,540,1218,7176,14,8,17,1,0,1,2
1876,1,2.35,0,19,0,71,0.12,112,8,58,910,983,6168,22,4,4,1,0,0,2
915,1,2.97,0,6,0,204,0.79,142,4,15,1127,922,5504,12,10,3,0,0,0,2
1185,0,1.73,0,2,0,51,0.29,137,7,6,1258,1368,2586,19,9,20,1,0,1,0
2052,0,0.72,0,29,0,59,0.89,128,5,46,1001,2389,7713,18,6,10,0,1,1,3
2123,0,2.06,0,14,0,178,0.18,233,6,24,1526,807,8190,13,8,13,1,0,0,3
2071,1,1.6,1,11,1,183,0.19,187,7,45,758,939,5364,10,9,12,1,0,1,3
1037,0,2.69,1,9,0,245,0.61,119,1,4,1061,2997,6526,12,10,16,0,1,0,3
1934,0,1.42,0,21,0,183,1.19,184,2,56,2223,2989,2843,20,8,15,0,0,1,2
2092,1,2.86,1,18,0,8,0.4,194,4,21,1567,928,3947,11,3,6,0,0,1,0
2163,0,1.24,0,12,0,218,0.77,166,8,49,303,1447,6696,17,8,3,0,1,1,3
535,0,0.93,1,30,0,107,0.67,232,5,60,1015,1401,3770,8,6,15,0,0,0,1
1767,1,1.33,1,29,0,4,1.03,235,4,35,2198,1115,6343,11,7,18,1,0,0,1
2195,0,0.59,1,6,0,149,0.42,152,1,23,665,729,7116,21,7,24,1,1,0,3
1800,1,1.26,0,21,0,45,0.71,158,5,21,2416,486,7683,15,6,8,0,0,1,2
896,1,2.28,0,31,0,108,1.15,118,3,45,938,1965,2751,19,5,5,0,0,1,0
1797,0,0.88,0,16,0,122,0.47,207,3,2,1727,432,4169,10,6,19,1,0,1,1
679,1,0.8,1,0,1,20,0.58,230,8,11,1361,1984,3475,18,10,28,1,1,1,0
1317,1,0.86,0,4,0,218,1.08,187,5,42,1716,575,4374,22,5,9,1,0,1,2
1565,1,0.71,0,22,1,132,0.47,116,2,3,2122,733,6216,21,11,5,1,1,1,2
1276,0,2.86,1,29,0,248,0.52,165,1,20,591,333,2999,13,7,14,0,1,0,1
1690,0,3.05,1,4,0,120,0.43,208,4,42,1071,1386,2301,17,9,18,1,0,0,0
908,0,0.63,0,18,0,153,0.99,91,1,17,1581,1196,2576,21,4,20,0,0,1,1
1531,1,2.55,0,16,1,209,1.12,177,4,60,855,1210,6396,19,5,6,1,0,0,3
1596,0,2.49,0,9,0,56,0.79,187,4,63,1125,1152,8166,22,12,21,0,1,1,3
1578,1,3.19,0,20,0,233,0.79,168,8,4,2331,2835,1304,6,12,12,0,1,1,1
992,1,1.44,1,28,1,49,0.53,185,3,12,780,1473,8018,15,3,3,1,1,0,2
1019,1,1.27,0,7,0,255,0.11,224,3,59,687,2489,758,19,12,28,1,1,1,1
938,0,1.72,1,1,0,165,0.29,104,5,4,1617,944,4580,18,12,17,1,0,1,1
1285,0,2.81,0,11,0,134,0.26,174,6,32,475,1615,1539,8,4,11,1,0,1,0
1496,1,2.47,1,10,0,55,0.23,209,1,61,242,488,7848,15,5,25,1,1,1,3
1116,0,1.77,1,23,0,147,0.82,213,1,39,2293,1013,6364,8,4,25,0,0,0,2
1197,0,1.16,0,17,0,143,0.25,157,2,21,892,510,3247,7,12,8,0,1,1,0
987,1,2.46,0,0,0,252,0.19,240,7,2,524,375,5784,7,12,29,0,1,1,2
872,1,2.81,0,11,1,214,0.52,135,2,26,1788,808,7040,22,10,17,1,1,1,3
1618,1,1.58,0,24,0,125,0.37,153,8,36,1375,746,2182,10,5,10,0,0,1,0
1888,1,2.31,1,15,0,101,0.26,213,4,7,1314,1168,5388,13,13,15,0,0,0,2
994,0,1.58,0,18,1,100,0.26,153,8,35,1274,2313,2813,10,12,8,1,1,1,1
1963,0,1.79,1,8,0,98,0.38,138,2,27,583,716,6019,21,12,26,1,1,1,2
1471,0,1.92,0,10,0,5,0.69,171,4,22,2267,1957,4871,21,6,10,0,1,1,1
785,0,2.59,0,4,0,11,0.93,182,2,63,243,1298,6028,17,10,15,0,0,1,1
1122,1,3.14,1,2,0,193,1.04,236,7,58,1380,1399,5402,20,10,4,0,1,1,2
512,0,1.7,1,1,1,66,0.93,181,5,45,878,2792,5395,7,4,29,1,0,1,2
566,1,1.42,1,20,1,106,0.79,113,1,39,1755,1566,1161,22,9,11,1,1,0,0
1071,1,1.51,0,5,0,180,1.1,93,6,31,1536,1021,7058,13,9,21,0,1,0,3
1273,1,0.86,1,18,0,156,0.67,235,8,6,1148,958,1829,12,9,12,1,1,1,0
1856,0,1.3,1,31,0,93,0.8,150,6,21,1502,771,3523,9,6,18,0,0,0,1
728,0,0.73,0,23,0,193,0.55,116,7,2,775,2470,4437,20,10,18,1,1,0,2
1927,1,1.66,1,18,0,42,0.46,119,3,25,549,2102,7034,8,12,11,0,0,0,2
898,1,0.95,1,3,0,122,0.46,101,4,31,2377,1037,5345,20,9,15,0,1,1,2
735,0,1.44,0,16,1,28,0.26,116,7,40,1688,1636,1920,18,12,19,1,0,1,0
1690,0,2.64,1,29,1,137,0.98,206,5,24,1783,1675,2711,19,11,9,1,0,0,1
1817,1,1.16,1,12,0,26,0.16,187,5,18,2598,446,2047,6,6,6,1,1,1,0
1528,1,2.15,0,27,0,242,0.84,178,7,46,2374,2756,5051,18,11,7,0,0,1,3
696,0,2.93,1,23,0,170,1.05,86,5,11,1620,2432,6021,22,10,14,1,0,1,3
696,0,2.03,0,8,0,64,0.65,189,2,9,2110,1755,5958,12,13,8,0,0,1,2
1163,1,1.02,0,4,0,158,0.18,236,2,45,1485,2237,6273,13,6,10,0,0,1,3
1266,1,1.43,0,0,0,91,0.57,229,7,38,801,612,5902,7,4,22,0,0,0,2
2198,1,2.09,0,9,0,134,0.48,146,2,56,1710,2940,7442,14,10,21,1,1,0,3
987,0,1.87,1,10,1,44,1.18,178,6,48,2395,2036,7475,17,9,29,1,0,0,3
827,0,0.9,1,21,0,129,0.86,131,4,58,2316,2835,2621,11,9,24,0,0,0,2
2108,1,1.71,1,18,0,29,0.89,223,5,43,1432,2636,2850,18,11,14,1,1,1,1
761,1,1.97,0,15,0,41,0.67,228,2,55,2473,1886,942,7,8,29,1,0,1,0
544,1,1.22,1,23,0,150,0.88,119,3,12,706,1093,2565,17,3,28,1,0,1,0
1219,0,2.15,0,25,0,129,0.89,160,6,35,336,2159,4409,16,12,9,0,1,0,1
1182,0,0.69,0,23,0,76,0.17,121,2,61,1192,1693,5571,9,6,7,0,1,1,2
1554,0,1.41,0,29,1,17,0.34,180,3,51,723,1417,7235,11,5,27,1,1,1,2
1993,0,2.67,0,11,1,109,0.11,130,8,27,2501,2227,5074,10,11,27,1,0,0,3
2086,1,1.2,1,27,0,238,0.66,193,2,60,513,2701,7973,16,11,26,1,1,1,3
992,0,2.13,1,13,1,182,1.06,238,5,21,1502,779,4760,16,8,15,1,1,0,2
2168,1,1.61,0,6,0,16,0.77,220,2,3,2063,1802,7100,15,10,27,0,0,0,2
1576,1,1.35,0,4,0,241,0.65,113,6,52,501,2407,6719,9,3,24,0,1,0,3
618,1,2.97,1,3,1,110,1.12,105,2,27,347,1192,4275,9,6,23,1,0,1,1
2096,1,1.43,0,31,1,148,0.29,212,5,4,1547,1236,7213,19,5,19,1,0,0,3
734,0,1.14,0,5,0,2,0.18,97,4,14,2371,345,7143,13,7,10,0,1,1,1
1501,1,2.96,1,27,0,81,1.11,147,6,6,278,1186,2911,13,6,23,0,1,0,0
1845,0,2.51,0,25,0,202,1.09,240,1,64,288,1892,2155,11,3,27,0,0,1,1
924,0,2.34,1,14,1,86,0.85,154,5,55,2425,2924,1444,21,10,27,1,0,0,1
960,0,0.63,1,30,0,44,0.37,86,5,60,1662,1728,7587,10,9,19,0,1,1,3
1309,0,0.85,0,29,1,25,1.17,237,2,13,1896,1099,3908,19,7,4,1,0,1,0
2005,1,2.22,0,30,0,237,0.94,195,3,52,890,2496,4865,19,12,23,0,0,1,3
880,0,1.07,0,16,0,209,0.84,136,6,37,977,823,2611,10,6,10,0,1,0,1
1628,0,1.11,0,9,0,13,0.35,180,5,20,1351,821,3502,6,4,8,0,1,1,0
1269,0,2.6,1,1,0,237,0.66,180,5,44,745,1717,3603,10,12,5,0,1,0,1
690,0,1.27,0,27,1,211,1.0,171,8,61,1283,2506,4979,10,4,7,1,0,0,3
1709,1,0.69,0,28,0,93,1.05,234,4,31,2492,889,1856,18,3,16,1,0,1,0
1916,0,0.6,1,17,0,169,0.72,207,7,3,2008,360,6533,15,8,10,1,1,1,3
1479,1,1.7,0,2,1,67,0.68,125,8,55,2291,2260,3513,13,9,13,1,1,0,2
799,0,2.17,0,27,0,65,0.87,239,5,13,1412,1894,2356,14,6,17,0,0,1,0
764,1,2.85,1,9,0,184,0.68,235,2,13,2099,2158,624,22,12,17,0,1,1,0
1220,0,0.8,0,18,0,53,0.56,92,4,40,1234,1383,1294,21,6,14,1,1,1,0
1361,0,1.03,0,21,1,92,0.19,131,1,52,1697,637,2579,6,13,15,1,0,0,1
1439,0,1.93,0,4,0,93,0.24,180,6,51,1964,1208,6143,20,10,27,1,0,0,2
914,1,1.48,1,2,1,40,0.94,222,3,56,2187,1579,7077,12,5,10,1,0,0,3
1351,1,1.8,0,2,0,213,0.13,196,8,57,2425,1481,7827,18,7,3,0,1,0,3
1001,0,3.0,1,31,0,173,0.16,174,6,10,489,2703,2799,22,3,25,0,0,0,1
1667,1,1.97,0,31,0,221,1.1,132,4,20,2114,919,5404,14,12,5,0,0,1,2
1854,1,1.62,1,14,0,135,0.87,100,2,47,1915,1156,2572,16,10,24,0,1,0,1
1610,0,3.17,1,14,0,46,0.1,224,1,26,1979,811,1607,13,7,12,1,0,1,0
502,0,0.68,0,13,0,73,0.44,168,6,47,274,1850,4682,7,10,26,0,1,0,1
2187,1,3.02,0,11,0,92,0.94,156,7,30,1391,2478,5453,6,9,7,0,0,1,2
540,1,1.85,0,17,0,242,0.56,237,3,30,2508,2687,6355,12,9,7,1,1,1,3
2200,1,1.86,0,11,0,62,0.62,110,1,3,2365,930,1407,19,7,14,0,0,0,0
554,0,2.99,0,20,0,178,0.6,124,3,40,785,1472,6249,11,6,14,0,0,0,3
1378,0,1.87,1,12,1,33,0.32,218,7,56,1388,2295,2843,13,5,23,1,1,1,1
680,0,1.68,0,20,0,245,0.89,129,5,53,2279,442,2649,15,11,21,1,1,0,1
661,0,1.24,1,31,0,166,0.21,232,1,23,2436,2227,754,11,8,30,1,1,1,0
1662,1,2.28,0,6,0,111,0.66,218,1,44,1021,680,2082,14,8,21,0,1,1,0
1738,0,2.04,0,2,1,90,0.29,100,1,14,2135,409,4256,16,10,8,1,1,1,1
701,0,1.08,0,17,0,92,0.15,156,7,41,2210,623,1964,20,8,5,0,0,1,0
2161,0,2.42,0,3,0,59,0.26,202,7,27,594,2682,2980,18,13,10,1,0,1,0
1045,0,2.24,1,7,0,154,1.06,161,4,60,315,2145,4583,19,5,30,1,0,1,2
1041,1,1.57,0,26,0,222,0.29,118,6,46,350,2436,1261,14,3,24,0,0,0,1
1005,0,0.51,0,13,0,63,0.41,92,1,6,583,2170,7233,17,7,23,0,0,1,1
1284,1,1.71,1,18,0,192,0.25,86,5,56,1989,2454,2885,8,8,10,1,0,1,2
802,0,0.52,1,25,0,146,0.91,112,3,47,1159,1651,6343,8,12,16,0,1,0,3
1222,0,0.7,0,4,0,199,0.59,125,7,15,1859,2489,5485,21,9,22,1,0,0,3
857,0,1.66,1,15,0,198,1.14,132,4,19,452,471,6282,16,13,29,1,0,0,2
587,1,0.72,0,1,0,11,0.83,218,7,12,1661,1881,2732,7,3,19,0,1,1,0
1127,0,1.24,0,16,0,7,0.68,164,5,21,1999,2344,1833,12,8,3,1,0,0,0
1643,0,2.27,0,7,0,235,0.82,107,4,61,2544,2983,1610,22,12,26,0,1,0,3
1798,1,1.33,1,30,0,41,0.14,97,8,58,993,1282,2274,6,8,29,0,1,0,0
1101,1,3.19,0,8,0,148,1.15,105,8,36,1527,800,4696,13,6,3,0,0,1,2
1050,0,2.97,1,6,0,194,1.15,133,4,24,1380,2250,5307,20,11,13,0,0,0,2
1839,1,2.08,0,0,1,130,0.4,200,3,25,1061,513,6297,22,12,30,1,0,0,2
1658,1,3.11,1,4,0,3,0.79,92,6,62,1750,2402,7915,12,5,29,0,0,1,3
1915,0,2.84,0,7,0,4,0.32,148,2,14,1573,2207,6888,21,9,29,1,0,0,2
2041,1,1.36,0,7,0,172,0.7,154,4,49,2206,2172,3253,18,11,30,0,0,0,2
1896,0,2.52,1,24,0,230,0.95,108,7,64,307,1108,4138,12,4,3,1,0,1,3
2092,0,0.87,0,29,0,89,1.13,94,8,55,763,642,7846,19,3,7,1,1,0,3
1208,1,2.35,1,28,0,140,0.47,120,4,47,1607,1950,5973,19,11,16,0,0,0,3
1171,0,1.83,1,31,0,240,0.86,108,4,58,1594,1292,3712,10,11,19,0,1,1,2
1046,1,0.55,1,29,0,212,0.89,208,7,15,2370,1370,6912,7,4,14,1,0,0,3
900,1,1.24,0,15,1,139,0.34,228,2,63,1833,823,1557,19,9,10,1,0,0,0
1773,0,3.08,1,12,0,169,0.79,182,1,7,250,1214,5680,7,10,10,0,0,1,2
1715,0,1.35,1,21,0,247,0.82,203,1,2,1394,2550,7799,19,13,19,1,1,1,3
1863,0,0.99,0,10,0,205,0.94,203,1,14,2235,2714,4561,12,11,30,1,0,0,2
784,1,1.01,1,19,0,108,1.2,221,8,40,2301,1255,5221,17,5,26,0,0,1,1
1335,0,1.79,1,32,0,178,0.14,100,1,17,2133,700,972,16,9,7,1,1,1,0
877,0,2.78,1,6,0,85,0.32,240,3,41,1367,410,5158,6,11,7,0,1,1,1
2019,1,2.55,1,25,1,236,0.26,156,5,8,490,826,2739,6,5,10,1,1,1,1
954,1,1.68,1,30,0,25,0.27,169,5,45,743,346,8150,16,4,23,1,0,1,3
744,1,1.06,1,17,0,59,0.6,209,7,16,2239,2110,2968,14,7,3,0,0,0,0
1469,0,0.62,0,11,0,90,1.07,162,8,34,1044,2043,2923,6,10,22,0,1,1,1
1995,1,1.75,1,8,0,53,0.59,126,4,9,2042,2418,3546,22,8,19,0,0,0,1
2057,1,2.7,0,5,1,153,0.84,87,2,63,325,1211,5866,10,9,21,1,0,0,3
663,1,2.47,0,10,0,183,0.51,111,1,25,1399,2551,7815,20,10,27,0,0,1,3
1054,0,1.6,1,24,0,229,0.45,98,8,40,2483,774,3171,7,13,19,1,1,0,1
761,1,2.11,0,17,0,129,1.02,144,3,32,818,939,2116,9,9,20,1,1,1,0
1023,0,1.68,1,7,0,160,0.82,206,8,39,312,2775,6384,14,4,16,0,1,0,3
1408,1,2.06,0,17,0,154,0.49,137,3,30,920,2684,4671,14,7,21,0,1,0,2
977,0,1.9,0,26,0,2,1.11,178,7,6,388,1925,4004,16,4,13,1,0,0,0
614,0,2.34,0,0,0,182,0.65,113,6,54,1685,1954,8125,8,11,4,1,1,1,3
1367,1,1.87,1,0,0,7,0.31,177,6,42,692,2198,4318,10,13,3,0,0,0,1
589,1,3.04,0,31,0,141,0.63,233,6,18,821,2527,5264,10,11,23,0,1,0,1
885,1,1.66,1,24,1,256,0.84,134,3,7,1627,940,8050,13,5,20,1,0,1,3
500,0,0.54,0,18,0,202,0.5,160,1,57,1008,503,2116,21,10,14,1,1,0,0
647,1,1.14,0,29,0,131,1.03,235,1,22,1775,816,7445,13,3,23,1,0,0,2
1242,0,1.85,0,19,0,83,0.69,179,4,59,2437,1276,7887,22,5,16,0,0,0,3
1947,1,1.96,0,17,1,215,0.61,147,8,50,2438,951,4127,10,6,10,1,1,0,2
1817,1,1.99,1,6,0,221,1.04,103,6,62,1961,1727,3095,10,8,19,0,0,1,3
668,1,2.43,0,26,0,95,0.61,231,6,43,2527,690,1759,7,6,13,1,1,1,0
559,1,1.24,1,25,0,29,0.56,180,3,13,1977,1866,879,9,7,30,1,0,0,0
1075,1,2.3,0,9,0,150,0.21,93,4,4,400,2224,8070,11,3,23,0,0,1,3
1609,1,2.4,1,24,0,163,0.5,171,4,17,2496,585,3825,12,11,23,0,0,0,1
1770,0,1.61,1,23,0,240,0.54,236,2,29,1578,1089,5642,18,7,22,0,1,0,3
1900,0,1.59,0,3,0,228,0.3,230,5,41,253,1764,2360,13,11,22,0,0,1,1
1082,0,0.98,0,5,0,60,0.75,115,3,58,1705,497,2998,17,3,24,0,1,0,0
785,1,1.62,1,19,1,66,0.26,149,4,10,817,2104,6801,7,12,15,1,1,0,2
544,1,2.62,0,20,0,256,0.35,238,5,42,1501,2340,5553,22,9,26,0,0,1,3
749,0,2.95,1,21,0,85,0.72,207,1,7,1793,1289,2201,8,5,3,0,1,1,0
610,0,2.1,1,12,0,118,0.4,172,8,32,305,344,553,6,11,21,1,1,1,0
1964,0,1.31,1,27,1,79,0.8,132,2,6,1274,1662,6809,13,11,18,1,1,1,2
956,0,2.34,1,14,0,102,0.86,204,6,25,371,2649,1127,17,10,3,1,1,1,0
1900,0,2.5,1,6,0,145,0.43,175,7,40,506,1104,789,10,12,21,1,1,0,0
1440,1,1.4,1,3,0,76,0.2,166,2,48,738,2596,2818,8,13,3,1,1,0,0
1416,1,2.73,0,28,0,107,0.64,229,2,52,2084,2653,7648,20,4,22,0,1,0,3
1273,0,0.7,1,23,0,91,0.2,143,4,35,1215,1072,5462,20,6,17,1,0,0,2
1893,0,0.53,0,15,0,29,0.67,182,7,18,351,1926,836,18,3,20,0,1,0,0
573,1,0.83,0,6,0,202,0.9,91,6,59,2003,433,7556,9,3,20,0,0,1,3
657,1,0.92,1,3,0,229,0.78,195,4,60,1524,1797,7720,15,4,11,0,1,0,3
1220,1,2.87,1,5,0,127,0.59,170,7,62,574,2677,5864,17,10,20,0,1,1,2
1171,0,1.65,1,3,0,54,1.14,221,4,51,1567,2851,1078,13,9,9,0,0,0,0
1428,0,1.24,0,17,0,165,0.21,136,8,51,827,855,621,9,3,24,0,1,1,0
1754,0,1.66,0,6,0,138,1.07,229,7,6,1741,2102,7214,20,7,5,0,1,0,3
1499,1,1.57,1,4,1,142,0.98,174,2,38,2477,496,6830,21,4,6,1,1,0,3
937,1,1.31,0,9,1,153,0.56,117,4,27,985,1070,6897,8,5,22,1,1,0,3
1056,1,0.87,1,23,0,185,0.27,110,1,18,2000,2559,4249,17,3,4,1,0,1,2
1779,0,2.27,0,16,0,12,0.27,115,2,6,295,2040,5077,21,8,30,0,1,1,1
842,0,0.87,1,5,0,27,1.11,132,1,15,1201,1371,1842,15,3,3,0,0,0,0
1357,1,2.59,0,24,0,26,0.36,170,1,59,2338,2898,788,6,11,17,1,1,0,0
1416,1,1.04,0,16,0,41,1.06,220,1,59,416,2353,2210,17,13,30,0,0,1,0
1776,1,2.47,1,6,1,249,0.65,240,6,48,2433,383,5282,21,12,21,1,0,0,3
1715,0,2.68,1,22,0,188,0.61,190,4,8,461,534,3599,10,12,20,0,0,0,1
1290,0,0.84,1,32,0,171,0.78,161,4,45,1377,1999,5257,8,11,22,0,1,0,2
1025,0,0.73,1,17,0,180,0.34,180,7,9,667,2670,3897,10,13,22,0,0,0,1
1125,1,3.06,0,5,1,10,0.57,136,7,45,288,740,4791,19,12,7,1,0,0,1
1200,1,1.75,1,10,0,56,1.13,123,5,4,1064,1763,7819,15,5,11,0,0,0,2
872,1,2.2,0,19,0,204,0.36,168,4,19,1611,2508,5362,6,9,8,0,1,1,2
1563,0,0.56,1,32,0,120,1.11,214,6,9,1945,2631,7839,15,6,8,0,1,0,3
854,1,1.25,0,30,0,131,1.19,95,4,60,985,2037,7948,19,12,8,0,1,1,3
1603,0,1.86,0,30,0,193,0.16,102,4,37,1402,3000,5256,9,3,20,1,0,0,3
1778,1,2.89,0,27,0,21,0.68,112,3,60,670,2832,8158,15,7,29,1,1,0,3
2136,1,1.23,1,18,0,205,0.29,117,2,3,1962,2556,2424,9,7,18,0,0,0,2
702,1,2.59,1,21,0,175,0.78,108,2,48,638,2115,4509,6,12,3,0,0,1,2
1792,1,2.29,0,24,0,104,1.19,105,6,32,2272,2961,1085,12,6,22,0,0,1,1
646,1,0.81,1,23,0,129,1.09,89,7,31,663,366,1217,19,12,18,0,1,0,0
1073,0,1.29,1,21,0,20,1.12,139,4,57,1807,559,1529,17,8,24,1,1,0,0
799,0,1.14,1,4,1,54,0.33,197,1,4,1021,1688,1541,7,10,13,1,0,1,0
776,1,1.69,1,29,0,64,0.7,109,5,61,2592,2119,3662,9,8,15,1,1,0,2
798,1,2.22,0,0,0,225,0.36,135,8,3,902,2742,6045,15,7,21,1,0,0,3
574,0,1.67,0,14,1,30,1.09,236,5,24,2479,2138,8084,11,6,22,1,0,0,3
1900,1,1.16,1,14,0,76,0.31,111,1,10,2214,942,8054,11,6,9,1,0,1,3
603,0,2.38,0,32,0,35,0.27,239,1,34,1344,2755,1884,13,10,19,1,0,0,0
1177,1,2.08,1,2,1,74,0.11,164,5,39,1409,542,3861,18,6,29,1,1,0,0
1689,0,1.9,0,15,1,4,0.3,197,7,42,1075,574,3825,15,12,4,1,0,0,1
2184,1,2.0,0,11,0,71,0.31,135,1,52,1249,2250,1265,20,4,12,1,0,0,0
1952,0,1.1,1,3,0,186,0.19,135,7,49,1340,2902,817,7,5,17,0,1,0,1
733,0,2.34,1,7,0,197,1.05,146,7,61,584,1667,3223,13,3,28,1,0,1,1
2180,1,1.55,1,13,0,98,0.96,104,1,30,1002,681,7091,15,12,30,1,0,1,3
1611,1,1.48,1,30,0,182,0.38,134,2,13,2307,447,3469,18,7,19,0,1,0,1
805,0,0.9,0,12,1,159,0.96,224,1,11,2551,2946,3456,14,3,18,1,0,0,1
1263,1,2.11,1,29,1,232,0.56,85,5,19,369,1070,8166,21,3,14,1,0,1,3
2061,0,2.13,0,24,0,207,0.95,174,2,39,1969,2034,3410,20,13,15,0,1,0,2
1168,0,1.42,0,27,0,60,0.46,192,8,5,805,1196,5785,17,12,23,1,1,1,1
812,0,2.82,1,28,0,152,0.72,107,1,62,1783,895,8049,12,6,18,1,1,0,3
1988,0,2.78,0,23,0,202,0.52,102,6,64,1707,2110,1417,11,10,18,0,0,0,1
2121,1,0.79,1,24,0,79,0.31,171,7,12,2315,2301,4434,15,5,26,0,0,1,2
2159,1,2.38,0,5,0,148,0.74,119,2,51,1898,1584,3101,13,12,6,0,0,1,2
2125,0,1.56,1,23,0,104,0.93,237,3,39,2184,1680,1424,6,10,29,0,0,0,0
1984,0,3.2,0,1,0,80,0.93,114,7,32,2131,1626,884,9,7,22,0,1,0,0
1273,1,1.11,0,24,1,52,0.49,105,1,48,1768,1905,5487,20,13,19,1,1,0,2
827,1,1.26,0,21,0,11,0.67,136,4,38,1208,2482,5528,13,5,19,0,0,1,1
1549,0,1.69,0,24,0,193,0.94,136,3,22,1035,2226,4828,22,13,19,1,1,1,2
875,0,1.23,1,21,0,210,0.16,109,1,37,1058,1066,5679,10,6,18,0,1,0,2
1304,0,2.37,1,12,0,168,0.18,188,4,10,1086,982,6033,22,12,12,1,1,1,2
1615,0,1.8,0,12,0,63,0.51,139,4,18,921,2123,953,19,12,23,0,0,0,0
2110,1,1.1,1,19,0,6,0.35,167,3,63,973,2049,773,12,9,10,0,1,0,0
991,1,1.87,0,15,0,163,0.51,122,7,13,1581,1305,3089,16,4,21,1,1,0,1
928,1,2.9,1,11,0,52,0.2,100,1,39,877,2568,4878,22,11,17,1,1,1,1
1749,1,2.64,1,16,0,141,0.75,94,4,20,1063,1441,7446,16,10,13,0,0,1,3
510,0,1.85,0,17,0,249,0.84,93,2,31,1914,1220,8038,21,12,25,0,1,1,3
1463,1,1.28,1,7,0,3,0.97,220,7,17,1014,1810,6862,7,5,11,0,1,1,1
1768,1,0.99,0,21,0,149,0.82,126,5,37,491,836,2749,8,5,21,1,0,1,1
1437,1,2.87,0,10,1,255,0.54,132,6,37,279,2185,4922,6,6,10,1,0,1,3
1153,0,2.42,0,8,0,87,1.13,175,1,40,2046,2724,1403,11,7,8,1,1,1,0
1909,1,2.04,1,13,0,209,0.9,99,4,21,2478,2854,4234,19,3,19,0,1,0,3
1131,0,2.87,0,3,1,213,0.68,178,1,38,1851,1517,1270,22,4,30,1,1,1,1
1708,1,0.83,0,19,0,126,0.33,166,3,47,383,1041,8138,15,8,11,1,0,0,3
1289,1,2.34,0,24,0,80,0.81,208,8,47,1570,1604,3976,13,13,6,0,1,0,1
545,1,1.09,0,31,0,175,0.75,104,6,37,879,598,6059,21,4,6,1,1,1,2
1402,1,0.83,1,9,0,159,0.85,87,1,20,997,2110,1311,16,5,16,1,1,0,0
584,1,1.76,1,17,0,123,0.96,205,3,35,2415,1469,7829,15,12,24,1,0,1,3
2083,0,1.55,0,16,0,51,1.11,142,7,35,2186,646,4537,7,3,22,0,0,0,1
1523,1,3.04,0,24,0,191,1.14,94,2,61,1976,1785,1061,9,4,8,0,0,0,1
1132,1,1.37,0,20,0,55,0.79,171,7,25,1422,2246,3342,17,12,26,0,0,0,1
1327,0,2.7,0,26,0,36,1.16,157,3,22,1604,931,2141,17,5,7,0,1,1,0
1553,0,2.52,1,28,1,19,1.1,233,4,49,2402,1405,1041,14,6,18,1,1,0,0
942,0,2.3,0,3,0,115,0.1,232,8,42,1800,2707,750,17,3,26,1,0,1,0
990,1,2.99,0,11,0,32,0.8,169,6,28,1606,2223,5983,17,7,25,1,1,0,2
1212,1,1.6,1,21,0,87,0.3,109,3,2,469,2461,7178,7,13,22,0,1,1,2
939,1,1.55,1,17,1,63,0.42,201,1,46,2592,1525,5581,20,13,12,1,1,0,2
1789,1,0.93,0,15,0,119,0.43,116,2,48,2149,1643,5844,17,10,24,0,1,1,3
676,1,1.24,0,5,0,200,0.63,215,4,60,1101,1652,798,9,10,13,1,0,1,0
1906,1,2.88,1,18,0,116,0.11,178,2,33,830,1526,1876,9,10,12,0,0,0,0
1092,0,1.78,0,24,0,144,0.36,140,8,34,2525,706,775,22,10,17,1,1,0,0
1454,0,1.42,0,1,1,38,0.13,237,1,15,2497,429,7994,10,8,20,1,1,0,2
768,0,1.08,1,19,0,30,0.82,165,5,30,1232,2551,6178,6,5,8,0,1,0,1
1155,1,1.81,1,29,1,251,1.08,145,8,2,786,1759,7853,6,12,29,1,0,1,3
1783,0,2.43,1,18,0,160,1.2,114,3,33,2123,1747,7463,9,12,27,1,0,0,3
960,0,1.27,0,31,0,5,0.59,186,5,46,1716,1917,2237,16,4,10,1,1,1,0
725,0,2.55,0,11,1,146,0.39,127,1,51,2365,1425,4440,13,4,9,1,1,0,2
1387,1,2.2,0,0,0,4,1.04,108,6,43,1527,2710,5481,18,11,4,1,0,1,2
776,1,2.63,1,22,0,21,0.22,103,8,52,1542,1580,6207,9,3,14,1,0,1,2
1035,1,1.18,1,7,0,97,1.17,185,7,43,577,1663,5643,9,11,7,0,0,0,2
1266,0,2.2,0,0,0,169,0.89,228,2,51,1663,1744,3992,12,13,29,0,0,1,2
1459,1,0.92,1,5,0,160,0.65,124,3,29,1096,741,542,19,3,28,1,1,0,0
1587,1,1.48,0,30,0,203,0.21,118,6,39,725,784,7723,14,11,26,0,0,1,3
1650,1,2.46,0,25,1,47,0.12,180,7,42,2084,802,5802,18,4,10,1,1,0,2
1936,0,2.21,1,9,1,50,0.7,107,4,38,1056,1001,6935,7,6,22,1,0,1,3
612,0,1.01,0,19,0,137,0.56,98,8,37,741,748,2212,12,9,16,0,1,1,0
1116,1,2.82,0,11,0,223,1.03,184,2,51,2507,920,1329,13,10,10,0,1,0,1
501,0,0.64,0,5,0,186,0.81,166,6,17,2513,2836,7435,7,3,17,0,1,0,3
516,1,2.11,1,32,0,172,0.58,89,4,21,1407,1286,6701,11,4,7,0,0,0,2
861,1,3.16,0,26,0,25,0.35,122,6,34,937,2447,6952,10,6,29,0,0,0,2
1517,0,1.94,0,11,1,225,0.63,115,5,42,622,1374,3894,13,10,7,1,0,0,2
2021,1,2.66,1,11,1,253,0.28,191,4,34,1719,2531,7465,8,7,11,1,0,1,3
1815,0,2.11,0,26,0,150,0.83,188,7,14,1682,2339,2233,10,6,9,1,0,0,0
1599,1,2.61,0,15,0,87,0.77,201,7,53,1701,2573,6330,22,4,17,0,0,0,3
1823,0,2.27,1,12,1,170,0.99,100,7,36,2052,1093,4309,8,13,21,1,0,0,2
792,0,2.37,1,12,0,165,0.59,217,1,29,1351,576,1778,19,10,29,0,1,0,0
1928,0,1.12,1,14,0,238,0.41,117,4,57,1853,1146,6022,15,13,13,1,1,0,3
2014,0,2.5,0,17,1,30,1.02,239,6,29,1787,2202,3281,7,8,8,1,0,1,1
661,1,1.14,1,1,0,133,0.86,221,7,12,2118,2074,1731,12,12,3,0,1,0,0
1299,0,3.15,0,15,1,182,0.88,156,3,64,1995,2208,5957,14,10,19,1,1,0,3
1911,0,1.12,0,14,1,90,0.68,207,6,26,324,2983,6440,10,8,30,1,1,0,2
1309,0,1.14,0,9,0,216,1.06,189,5,58,1701,922,2995,10,8,4,0,0,0,2
1929,0,2.82,0,11,0,18,0.35,205,2,34,2542,1510,7938,18,8,30,0,0,0,3
2091,0,1.16,0,14,0,28,0.54,87,8,17,1562,1635,5965,6,7,10,1,0,0,1
1307,1,1.47,0,12,0,203,0.98,98,4,25,1490,720,684,21,10,28,0,0,1,0
601,1,2.43,0,29,0,34,0.25,226,5,59,1672,2095,3094,11,8,4,1,1,0,1
1078,0,0.93,0,17,0,108,0.99,206,3,61,1562,451,7996,12,13,27,0,1,1,3
866,1,0.93,1,16,0,73,0.49,181,1,10,1189,2725,1877,8,12,12,0,0,1,0
1306,1,1.81,1,8,0,177,0.24,133,4,64,2586,556,7836,20,8,10,1,0,0,3
1496,0,1.16,0,30,1,5,0.19,150,6,55,407,616,4492,9,7,8,1,0,1,1
1289,1,1.14,1,0,1,93,1.03,146,3,42,2162,785,5698,19,11,6,1,1,1,2
832,0,0.52,1,18,0,253,0.96,152,8,13,617,2711,5782,11,10,25,1,1,0,3
1012,0,1.5,1,5,1,96,0.42,183,7,38,727,2629,4442,6,5,4,1,0,0,2
1655,0,1.36,0,25,0,154,0.23,203,6,28,1672,2792,4484,12,12,15,1,1,0,2
545,0,0.58,0,12,1,253,0.37,144,7,9,1746,2553,4869,14,10,29,1,0,0,2
864,1,2.18,0,9,1,156,0.33,215,7,63,2429,2796,5442,13,9,14,1,0,0,3
2017,1,2.19,0,1,0,194,0.91,99,6,40,934,1583,6177,22,11,26,0,1,0,3
668,0,0.69,0,26,0,246,0.34,211,7,8,300,332,3876,14,5,22,1,0,1,2
1205,1,1.36,1,13,1,159,0.34,190,6,23,842,1494,3858,19,11,25,1,1,0,1
852,1,2.86,0,8,1,214,0.14,164,7,54,1524,912,6490,12,4,29,1,0,1,3
678,1,2.07,1,27,0,131,0.76,143,1,29,1083,976,6327,8,11,5,0,1,0,1
1219,1,1.61,1,0,0,209,0.86,142,3,33,835,2173,5504,14,9,11,1,1,1,2
1386,1,1.76,0,15,0,165,0.82,141,8,10,2398,767,4053,15,9,12,0,0,1,2
799,0,1.06,1,5,0,88,0.73,232,4,8,1566,1182,4925,13,11,4,0,0,0,1
632,1,2.69,0,4,0,144,1.16,89,1,63,1826,1372,4897,19,6,5,0,0,0,1
729,1,2.97,1,0,0,87,0.62,183,7,62,2009,483,3856,22,11,6,0,1,1,1
1608,1,2.96,1,6,0,103,1.05,239,6,8,1206,2200,1883,7,3,29,1,0,1,0
1963,1,1.1,1,31,0,76,0.81,169,8,36,1976,2365,4626,7,10,27,1,0,1,2
806,0,1.34,0,14,0,127,0.19,184,1,44,2515,1817,3913,10,11,19,0,0,0,1
1044,0,0.93,0,32,1,90,0.99,178,2,57,1951,396,903,15,3,26,1,1,0,0
1084,0,1.33,0,8,1,161,0.74,163,5,37,940,2430,7851,6,10,12,1,1,0,3
1113,0,1.4,0,25,0,96,0.82,183,2,56,2079,1515,5633,9,11,16,0,1,0,2
915,1,2.21,0,2,1,127,0.3,225,5,9,797,1034,1386,12,8,27,1,0,1,0
594,1,1.01,1,3,0,37,0.58,196,3,2,411,2860,2082,12,9,7,0,1,0,0
1393,1,2.98,0,0,1,100,1.07,217,2,31,1288,2624,4900,20,3,7,1,0,1,2
1107,1,0.78,0,29,0,92,0.34,171,7,18,1443,1500,7118,15,13,17,0,0,1,2
1082,1,0.52,1,22,1,247,0.1,205,1,49,1349,1508,4239,20,13,10,1,0,0,2
950,1,2.81,0,24,0,115,0.38,221,7,23,858,2764,6751,18,11,21,0,0,0,2
2080,1,2.4,0,30,1,7,0.64,118,2,27,884,832,1496,13,3,20,1,1,1,0
1538,1,1.46,1,10,0,80,1.0,219,5,35,2415,1416,4567,22,7,12,0,0,0,1
1212,1,2.11,1,23,0,188,0.81,192,8,62,928,1849,6867,20,11,6,0,1,0,3
849,0,1.1,1,16,1,44,1.11,153,1,6,2088,1249,7018,14,10,5,1,1,1,2
1862,1,0.95,0,17,0,43,0.6,205,8,36,848,1166,2356,20,12,15,1,1,0,0
2011,1,1.77,1,21,0,97,0.53,111,3,26,493,607,5664,10,9,12,0,0,1,2
554,1,1.45,0,15,0,92,0.35,193,6,4,389,1035,816,9,10,3,0,1,1,0
2081,0,2.16,0,0,1,124,0.34,174,7,53,814,1280,1597,19,6,22,1,0,0,0
