make,model,body_type,fuel_type,transmission,year,mileage,engine_size_l,horsepower,owners,accident_history,condition_score,price
Chevrolet,Malibu,sedan,gasoline,automatic,2023,22298,3.6,296,1,0,5,60334.48
Honda,Civic,sedan,gasoline,automatic,2005,165869,5.6,214,4,0,2,17481.48
Honda,Accord,sedan,gasoline,automatic,2023,44332,1.5,278,1,0,5,62160.66
Honda,Civic,sedan,gasoline,automatic,2006,246017,4.1,282,6,1,2,4572.26
Tesla,Model 3,sedan,electric,automatic,2023,18743,0.0,496,1,0,5,98499.52
Honda,Civic,sedan,gasoline,automatic,2009,147697,5.1,127,4,0,4,25697.94
Hyundai,Sonata,sedan,gasoline,automatic,2001,450633,4.1,144,6,1,1,2500.0
Tesla,Model 3,sedan,electric,automatic,2005,274569,0.0,408,4,1,1,23255.02
Ford,Escape,suv,gasoline,manual,2024,24383,4.2,187,2,0,5,65405.93
Ford,Escape,suv,gasoline,manual,2014,142510,3.3,190,4,1,3,26057.98
Hyundai,Sonata,sedan,hybrid,automatic,2010,127176,3.1,152,4,0,3,19937.27
Hyundai,Sonata,sedan,gasoline,automatic,2022,36536,3.3,195,3,0,5,53367.59
Toyota,Camry,sedan,gasoline,automatic,2020,58107,3.2,171,2,0,5,55046.89
Tesla,Model S,sedan,electric,automatic,2025,19537,0.0,411,2,0,5,89590.47
Ford,Mustang,coupe,gasoline,automatic,2000,506163,5.6,235,7,0,1,2500.0
Chevrolet,Equinox,suv,gasoline,automatic,2012,200550,2.2,322,4,0,2,22494.26
Honda,CR-V,suv,gasoline,automatic,2005,33852,1.5,129,5,0,2,22045.71
Ford,Escape,suv,gasoline,automatic,2010,97321,3.1,161,5,1,3,29860.12
Chevrolet,Equinox,suv,gasoline,automatic,2016,87297,4.9,206,2,0,5,51264.94
BMW,X5,suv,hybrid,automatic,2005,254753,4.0,394,4,0,2,38842.86
Tesla,Model Y,suv,electric,automatic,2020,51046,0.0,413,2,1,4,82561.13
BMW,3 Series,sedan,gasoline,automatic,2004,261253,3.2,396,6,0,2,26025.91
Honda,Civic,sedan,diesel,automatic,2021,64065,3.0,175,1,0,5,55110.91
Toyota,RAV4,suv,hybrid,automatic,2008,94053,5.1,207,4,1,3,33862.98
Toyota,Corolla,sedan,gasoline,automatic,2023,30299,1.8,166,2,0,5,58471.03
Ford,F-150,truck,hybrid,automatic,2019,77355,2.6,135,1,0,4,55512.75
Toyota,Corolla,sedan,gasoline,automatic,2021,82614,4.1,150,3,0,4,50668.72
Toyota,Camry,sedan,gasoline,automatic,2004,187599,2.7,204,5,1,2,2571.16
Ford,Mustang,coupe,diesel,manual,2004,254360,3.0,192,6,1,1,2500.0
Ford,Escape,suv,diesel,automatic,2021,47229,4.4,274,1,0,5,65807.49
BMW,5 Series,sedan,gasoline,automatic,2000,283258,2.2,480,6,0,1,20346.87
Honda,CR-V,suv,gasoline,automatic,2026,17789,5.7,329,1,0,5,75563.32
BMW,X5,suv,gasoline,automatic,2001,202758,3.7,443,6,1,2,25823.9
Mercedes,C-Class,sedan,gasoline,automatic,2005,221464,2.1,393,5,0,2,33806.45
Hyundai,Elantra,sedan,gasoline,automatic,2020,43284,3.0,250,2,0,5,49651.3
Toyota,RAV4,suv,hybrid,automatic,2004,199961,4.3,212,5,0,1,20083.01
Tesla,Model Y,suv,electric,automatic,2003,220089,0.0,379,6,1,2,38742.25
Ford,F-150,truck,gasoline,automatic,2002,195625,4.0,199,6,0,1,8351.95
Honda,CR-V,suv,gasoline,automatic,2020,47278,5.7,164,2,1,3,50072.66
Toyota,Camry,sedan,gasoline,automatic,2021,22449,4.0,131,1,0,5,56776.47
BMW,X5,suv,gasoline,automatic,2010,190308,1.7,497,4,0,3,53828.32
Mercedes,E-Class,sedan,hybrid,automatic,2013,164818,3.9,342,3,0,2,47903.83
Chevrolet,Malibu,sedan,hybrid,automatic,2013,165640,3.5,272,3,0,2,25771.05
Honda,Civic,sedan,hybrid,automatic,2014,90842,5.6,221,3,0,4,37571.24
Chevrolet,Equinox,suv,hybrid,automatic,2015,103579,1.6,257,4,0,2,38770.33
BMW,5 Series,sedan,gasoline,automatic,2010,189035,4.3,311,4,0,2,37946.88
Hyundai,Tucson,suv,gasoline,automatic,2009,240770,5.6,179,4,0,3,17263.97
Toyota,Corolla,sedan,hybrid,automatic,2002,168855,4.0,277,6,1,2,10196.64
Toyota,Camry,sedan,hybrid,manual,2007,210271,2.0,130,6,1,2,3780.56
Ford,F-150,truck,gasoline,automatic,2020,55221,3.2,305,1,1,4,51163.25
Toyota,RAV4,suv,gasoline,automatic,2005,359610,3.6,317,6,0,1,2500.0
Honda,Accord,sedan,gasoline,automatic,2013,188230,1.4,146,4,0,2,15739.45
Toyota,RAV4,suv,gasoline,manual,2007,228918,4.7,182,5,0,2,16079.81
Hyundai,Sonata,sedan,gasoline,automatic,2021,63881,5.7,157,2,0,5,55362.31
Toyota,RAV4,suv,diesel,automatic,2000,302152,3.1,131,7,0,1,2500.0
BMW,5 Series,sedan,gasoline,automatic,2004,299630,5.5,348,6,1,1,14722.46
Chevrolet,Malibu,sedan,gasoline,manual,2014,112788,2.8,158,3,0,3,30121.51
Ford,Escape,suv,gasoline,automatic,2007,193447,4.5,244,6,0,3,16980.09
Honda,Accord,sedan,gasoline,automatic,2007,134595,4.4,223,4,0,1,16545.27
Hyundai,Sonata,sedan,gasoline,automatic,2020,86724,4.0,147,3,1,5,41228.58
Tesla,Model Y,suv,electric,automatic,2014,63479,0.0,382,3,0,3,73107.7
Toyota,Corolla,sedan,gasoline,automatic,2024,13873,1.6,194,1,0,5,63619.76
Ford,F-150,truck,gasoline,automatic,2022,50153,4.7,243,2,0,4,66036.83
Ford,F-150,truck,gasoline,automatic,2000,261354,1.5,265,6,0,1,3973.54
Hyundai,Sonata,sedan,hybrid,automatic,2016,105057,4.4,164,1,0,3,38900.71
Ford,Mustang,coupe,gasoline,automatic,2001,268945,5.4,185,7,1,1,2500.0
Ford,Escape,suv,gasoline,automatic,2023,25501,2.4,217,1,0,5,61365.8
Ford,F-150,truck,gasoline,automatic,2008,163288,2.2,275,4,1,2,20949.49
Tesla,Model 3,sedan,electric,automatic,2015,174770,0.0,293,4,0,3,54146.94
Chevrolet,Malibu,sedan,gasoline,automatic,2022,54908,2.8,309,1,0,5,62034.71
Mercedes,C-Class,sedan,hybrid,automatic,2018,106206,3.9,353,3,1,4,61677.08
Ford,Escape,suv,hybrid,automatic,2016,65556,2.8,320,3,0,4,55999.55
Mercedes,C-Class,sedan,gasoline,automatic,2003,325158,1.7,334,6,0,1,11241.56
Chevrolet,Silverado,truck,gasoline,automatic,2021,50966,2.1,328,1,0,5,63519.77
Hyundai,Sonata,sedan,hybrid,automatic,2005,214678,2.2,137,5,0,1,2500.0
Toyota,Corolla,sedan,gasoline,manual,2019,37564,5.4,196,3,0,4,54604.32
Honda,Civic,sedan,diesel,automatic,2025,17679,5.1,164,1,0,5,63695.32
BMW,X5,suv,gasoline,manual,2013,161261,2.1,289,4,0,2,41973.26
Ford,F-150,truck,hybrid,manual,2016,121592,3.3,144,4,0,3,41770.24
Ford,F-150,truck,gasoline,automatic,2021,77374,3.1,302,2,1,5,61030.24
Honda,CR-V,suv,gasoline,automatic,2005,325482,1.4,308,5,1,2,2500.0
Hyundai,Elantra,sedan,gasoline,automatic,2017,62024,1.8,278,3,0,4,45481.94
BMW,5 Series,sedan,gasoline,automatic,2025,8227,4.1,511,1,0,5,92260.64
Toyota,Camry,sedan,gasoline,automatic,2009,156450,4.7,202,7,0,3,21394.27
BMW,3 Series,sedan,gasoline,automatic,2025,17468,3.7,472,1,0,5,92312.79
Chevrolet,Malibu,sedan,hybrid,automatic,2014,70658,2.2,279,2,0,3,47160.77
Ford,F-150,truck,hybrid,manual,2011,209616,1.4,193,5,1,3,15057.09
Ford,F-150,truck,gasoline,manual,2001,390628,3.8,223,7,0,1,2500.0
Hyundai,Tucson,suv,gasoline,manual,2011,136529,3.5,168,4,0,3,28248.17
BMW,5 Series,sedan,gasoline,automatic,2005,222853,1.5,343,5,1,2,22668.2
BMW,3 Series,sedan,gasoline,automatic,2023,36610,5.5,501,1,0,5,92935.01
Honda,Civic,sedan,gasoline,manual,2012,92506,5.1,200,3,1,4,38677.33
BMW,X5,suv,gasoline,automatic,2011,16288,5.3,287,3,0,3,68884.91
Toyota,Camry,sedan,hybrid,automatic,2023,46907,2.4,173,3,0,5,55789.31
BMW,5 Series,sedan,gasoline,automatic,2003,374626,2.2,302,6,1,1,2500.0
Tesla,Model S,sedan,electric,manual,2007,93230,0.0,456,5,1,4,59106.53
Toyota,RAV4,suv,gasoline,automatic,2015,158094,2.4,162,4,0,3,29167.55
Tesla,Model S,sedan,electric,manual,2023,27712,0.0,516,2,0,5,100612.51
Hyundai,Elantra,sedan,gasoline,automatic,2023,39629,3.4,300,2,0,5,57969.03
Toyota,Corolla,sedan,gasoline,automatic,2002,370220,4.7,292,7,0,1,2500.0
Hyundai,Elantra,sedan,gasoline,automatic,2000,283936,5.0,142,7,0,1,2500.0
Toyota,RAV4,suv,diesel,automatic,2008,241772,4.3,128,4,1,2,3364.29
Chevrolet,Silverado,truck,hybrid,automatic,2001,349525,3.3,235,7,1,1,2500.0
Honda,Civic,sedan,gasoline,automatic,2026,16087,1.7,277,1,1,5,63020.52
Honda,Accord,sedan,gasoline,automatic,2010,125890,3.6,322,5,1,3,23820.96
Ford,Mustang,coupe,gasoline,automatic,2001,270218,1.5,166,6,0,1,2500.0
Honda,CR-V,suv,gasoline,manual,2023,21085,4.1,272,1,0,5,69700.34
Toyota,Corolla,sedan,gasoline,automatic,2023,39769,5.2,315,1,0,4,58838.39
BMW,X5,suv,gasoline,manual,2022,27232,1.9,467,3,0,5,82327.86
Toyota,Camry,sedan,hybrid,automatic,2010,188270,1.5,199,5,1,1,17224.48
Ford,Mustang,coupe,gasoline,automatic,2023,40348,4.1,142,2,0,5,58290.96
Toyota,Camry,sedan,gasoline,automatic,2016,112389,3.5,215,3,0,3,41658.14
Mercedes,E-Class,sedan,gasoline,automatic,2024,24754,4.7,298,1,0,5,89079.32
Honda,CR-V,suv,hybrid,automatic,2019,33440,1.5,243,3,0,5,62364.9
Toyota,RAV4,suv,gasoline,automatic,2002,315746,3.4,162,5,0,1,2500.0
Toyota,Camry,sedan,hybrid,automatic,2011,98546,5.3,178,4,0,2,27120.85
Hyundai,Tucson,suv,gasoline,manual,2021,53896,3.7,218,1,0,4,50718.93
Honda,Accord,sedan,gasoline,automatic,2005,233032,5.4,140,5,0,1,6534.29
Hyundai,Elantra,sedan,gasoline,automatic,2025,16663,2.5,256,3,0,5,59468.0
Hyundai,Tucson,suv,hybrid,manual,2002,264259,5.1,202,6,0,1,8371.5
Toyota,Camry,sedan,gasoline,automatic,2022,51331,2.7,151,2,0,4,45946.1
Toyota,RAV4,suv,gasoline,automatic,2009,321020,5.7,261,5,0,1,8655.4
Toyota,Camry,sedan,gasoline,automatic,2000,272892,3.3,182,7,0,1,2500.0
Toyota,Camry,sedan,gasoline,manual,2000,310020,2.3,255,7,1,2,2500.0
Honda,CR-V,suv,hybrid,automatic,2025,21984,5.6,180,1,0,5,78701.08
Honda,Accord,sedan,gasoline,automatic,2014,119385,3.2,235,4,0,3,38646.75
Toyota,RAV4,suv,hybrid,automatic,2003,327559,1.6,147,5,1,1,2500.0
Hyundai,Elantra,sedan,gasoline,manual,2023,38160,5.6,158,2,0,5,51974.38
Hyundai,Elantra,sedan,gasoline,automatic,2008,177845,2.2,300,6,0,3,19068.11
Hyundai,Sonata,sedan,gasoline,automatic,2025,15620,2.4,151,1,0,5,56467.64
Hyundai,Elantra,sedan,gasoline,manual,2009,156907,3.3,172,4,0,3,20103.4
BMW,3 Series,sedan,hybrid,automatic,2005,72625,5.3,385,7,1,3,48797.54
Toyota,Corolla,sedan,gasoline,automatic,2007,255729,4.2,143,6,1,2,2500.0
Toyota,RAV4,suv,gasoline,automatic,2015,109151,3.0,167,4,1,3,28746.2
Ford,Mustang,coupe,gasoline,automatic,2000,118235,4.6,325,6,0,1,18760.25
Toyota,Corolla,sedan,gasoline,automatic,2024,26842,4.0,295,2,0,5,69932.33
Ford,Mustang,coupe,gasoline,automatic,2001,341170,2.5,264,7,0,1,2500.0
Honda,Accord,sedan,gasoline,automatic,2016,75536,1.6,287,3,0,5,47254.59
Honda,Accord,sedan,diesel,automatic,2017,117546,5.6,226,3,0,4,41685.5
Ford,Mustang,coupe,gasoline,automatic,2015,100767,2.0,172,3,0,3,30465.66
Chevrolet,Malibu,sedan,gasoline,automatic,2023,35451,4.7,268,1,0,5,56782.0
Toyota,Corolla,sedan,gasoline,automatic,2013,188551,5.6,231,3,0,3,25711.35
BMW,3 Series,sedan,gasoline,automatic,2010,156827,3.9,360,6,1,3,40471.0
Hyundai,Sonata,sedan,gasoline,manual,2011,120410,3.6,327,4,1,3,25394.33
Hyundai,Tucson,suv,gasoline,automatic,2023,39354,2.4,181,1,0,5,59497.35
Honda,Accord,sedan,hybrid,manual,2019,90192,3.7,187,2,1,5,49190.4
Ford,F-150,truck,gasoline,automatic,2013,164907,4.0,128,2,0,4,35252.79
Hyundai,Tucson,suv,gasoline,automatic,2018,111741,2.2,250,4,0,3,37836.48
Hyundai,Elantra,sedan,gasoline,manual,2011,131360,1.8,279,4,1,4,23165.15
Honda,CR-V,suv,gasoline,automatic,2026,6239,3.6,151,1,0,5,69426.52
BMW,5 Series,sedan,gasoline,automatic,2001,455301,2.8,321,6,0,1,2500.0
Toyota,Corolla,sedan,gasoline,automatic,2006,178822,4.9,292,6,0,1,18955.34
Chevrolet,Malibu,sedan,gasoline,automatic,2001,285816,3.3,154,6,1,1,2500.0
Tesla,Model 3,sedan,electric,automatic,2006,219218,0.0,288,5,1,2,34128.59
Hyundai,Tucson,suv,hybrid,automatic,2007,205354,5.2,278,4,1,2,20620.18
Honda,CR-V,suv,hybrid,automatic,2018,132991,1.4,206,2,0,3,44141.12
Toyota,Corolla,sedan,gasoline,automatic,2003,408123,2.0,165,5,1,1,2500.0
Honda,Accord,sedan,hybrid,automatic,2019,41740,3.4,267,2,0,4,60167.29
BMW,X5,suv,gasoline,automatic,2007,168343,1.5,371,4,0,2,43916.46
Ford,Mustang,coupe,gasoline,manual,2008,137082,3.2,161,5,0,2,14989.56
Toyota,RAV4,suv,gasoline,manual,2016,83705,4.8,185,4,1,4,40648.81
Ford,F-150,truck,hybrid,automatic,2003,373036,2.4,312,6,0,1,2500.0
Ford,Escape,suv,gasoline,automatic,2006,179028,1.5,197,6,1,2,4663.64
Toyota,RAV4,suv,diesel,automatic,2023,33611,1.5,326,2,0,5,65067.17
Hyundai,Elantra,sedan,gasoline,automatic,2006,145207,1.8,306,4,0,1,14000.33
Hyundai,Elantra,sedan,diesel,automatic,2002,338154,3.7,217,5,0,1,2500.0
Tesla,Model Y,suv,electric,automatic,2026,7661,0.0,401,1,0,5,99379.24
Honda,Accord,sedan,diesel,manual,2016,115974,2.4,196,5,0,3,33082.04
Chevrolet,Silverado,truck,gasoline,automatic,2006,324783,5.5,297,3,0,1,11256.93
Toyota,RAV4,suv,hybrid,automatic,2003,238507,1.8,325,6,1,3,16150.07
Ford,Escape,suv,gasoline,automatic,2023,27044,3.9,194,2,0,5,64193.92
BMW,5 Series,sedan,gasoline,automatic,2026,16444,2.0,370,1,0,5,81034.27
Honda,CR-V,suv,gasoline,automatic,2016,42968,4.4,124,3,0,4,43846.95
Honda,Accord,sedan,hybrid,automatic,2015,169332,4.7,181,4,0,3,35221.65
Chevrolet,Silverado,truck,gasoline,automatic,2014,169780,3.1,126,2,0,4,37746.32
Mercedes,GLC,suv,hybrid,automatic,2014,113582,3.9,377,4,1,5,63247.57
Toyota,Corolla,sedan,gasoline,automatic,2001,111705,2.8,210,7,0,3,20409.98
Hyundai,Elantra,sedan,gasoline,automatic,2011,191196,2.1,248,4,1,2,12113.51
Honda,Civic,sedan,gasoline,automatic,2001,338758,3.7,230,5,0,1,2500.0
Ford,F-150,truck,gasoline,automatic,2002,298883,5.7,140,5,0,1,2500.0
BMW,5 Series,sedan,gasoline,automatic,2019,110152,2.6,260,1,0,5,63715.43
Toyota,Camry,sedan,gasoline,automatic,2016,134337,2.2,314,3,1,2,30078.35
Toyota,RAV4,suv,gasoline,automatic,2023,24746,5.5,288,1,0,5,70387.62
Toyota,Corolla,sedan,gasoline,automatic,2006,137420,1.9,218,4,0,2,16716.13
Mercedes,E-Class,sedan,gasoline,manual,2002,104631,3.3,263,5,0,2,37958.65
Ford,F-150,truck,gasoline,automatic,2026,15275,5.0,179,1,0,5,79071.97
Mercedes,C-Class,sedan,diesel,automatic,2025,11699,2.0,358,2,0,5,83971.69
Honda,Civic,sedan,gasoline,automatic,2013,206827,2.3,249,5,0,3,18961.8
Ford,Escape,suv,gasoline,automatic,2020,65940,3.9,227,3,0,5,55389.62
Toyota,RAV4,suv,gasoline,manual,2020,81058,3.2,234,3,0,4,57475.65
Hyundai,Sonata,sedan,gasoline,automatic,2024,24616,3.2,264,1,0,5,64779.16
Ford,Escape,suv,diesel,automatic,2002,118608,4.9,164,5,1,2,15919.12
Ford,Escape,suv,diesel,automatic,2001,255727,2.2,248,5,1,1,2500.0
Hyundai,Elantra,sedan,gasoline,automatic,2005,287414,2.0,169,6,1,1,2500.0
Toyota,Camry,sedan,gasoline,automatic,2017,161011,2.1,227,5,1,3,28872.23
Ford,Mustang,coupe,gasoline,automatic,2023,38557,3.9,199,2,0,5,64411.02
Tesla,Model Y,suv,electric,automatic,2017,131417,0.0,360,3,1,3,65013.91
Honda,Accord,sedan,hybrid,automatic,2011,67448,5.4,261,3,0,4,44740.93
Chevrolet,Malibu,sedan,gasoline,automatic,2022,26966,4.4,127,2,0,5,58416.47
Chevrolet,Equinox,suv,gasoline,automatic,2005,135972,4.0,137,4,1,1,7777.86
Ford,Escape,suv,gasoline,automatic,2001,406282,3.2,254,7,0,1,2500.0
Hyundai,Tucson,suv,hybrid,automatic,2015,89912,4.2,268,3,1,4,46903.72
Mercedes,GLC,suv,gasoline,automatic,2011,236943,4.7,465,4,1,2,45100.08
Ford,F-150,truck,gasoline,automatic,2016,106865,2.0,229,3,0,4,45163.4
BMW,5 Series,sedan,gasoline,automatic,2010,312879,2.2,271,4,1,2,16941.47
Toyota,Camry,sedan,gasoline,manual,2010,139044,4.0,212,4,1,3,21510.65
Ford,F-150,truck,gasoline,manual,2010,155642,4.5,266,6,1,2,22159.61
Ford,Mustang,coupe,gasoline,automatic,2009,160712,2.2,306,5,1,2,15698.97
Toyota,RAV4,suv,gasoline,automatic,2007,269463,4.3,175,4,1,2,10857.69
Ford,F-150,truck,gasoline,automatic,2016,189484,1.4,260,3,0,5,40839.04
Chevrolet,Malibu,sedan,gasoline,automatic,2025,14281,1.9,267,2,0,5,64666.74
Mercedes,E-Class,sedan,gasoline,automatic,2003,234070,3.5,292,6,1,2,23981.86
Toyota,Camry,sedan,gasoline,manual,2000,277108,2.9,167,7,0,1,2500.0
Ford,F-150,truck,hybrid,manual,2015,129429,1.9,246,2,0,4,50628.86
Mercedes,E-Class,sedan,gasoline,automatic,2010,140098,3.6,420,3,0,3,53156.41
BMW,X5,suv,gasoline,automatic,2000,263381,5.5,289,6,0,1,21991.35
Toyota,Camry,sedan,diesel,automatic,2012,148390,2.3,283,4,0,4,34411.16
Hyundai,Elantra,sedan,hybrid,automatic,2001,149500,3.5,130,5,1,1,10421.11
Ford,F-150,truck,gasoline,automatic,2012,158762,4.8,162,4,0,3,26918.95
Ford,Mustang,coupe,gasoline,manual,2024,29350,2.9,167,2,0,5,59523.0
Chevrolet,Silverado,truck,gasoline,manual,2025,11114,2.1,305,1,0,5,72057.75
Mercedes,E-Class,sedan,gasoline,automatic,2019,72486,3.2,429,2,1,4,64773.09
Hyundai,Elantra,sedan,hybrid,automatic,2004,263553,4.1,184,6,1,1,2500.0
Toyota,Corolla,sedan,gasoline,automatic,2016,67855,5.4,145,3,0,5,50443.05
Honda,CR-V,suv,gasoline,automatic,2004,313192,5.1,279,3,0,1,2500.0
Toyota,RAV4,suv,gasoline,automatic,2023,52091,2.4,293,2,0,4,59401.82
BMW,X5,suv,gasoline,automatic,2004,381262,2.3,449,5,0,1,12588.32
Toyota,RAV4,suv,gasoline,automatic,2017,105184,3.2,263,3,0,4,46912.65
Tesla,Model S,sedan,electric,automatic,2018,100055,0.0,369,3,0,4,70520.38
Ford,F-150,truck,gasoline,manual,2001,398631,1.9,226,5,0,1,2500.0
Toyota,Camry,sedan,gasoline,automatic,2018,76796,3.0,283,3,0,4,50457.1
Toyota,Corolla,sedan,gasoline,automatic,2004,198466,3.2,249,5,0,1,10069.81
Tesla,Model Y,suv,electric,automatic,2001,429455,0.0,423,5,0,1,16551.37
BMW,X5,suv,gasoline,automatic,2002,372025,2.9,506,5,1,2,17471.29
Honda,Accord,sedan,gasoline,manual,2025,14913,3.7,311,1,0,5,65671.04
Honda,CR-V,suv,gasoline,manual,2018,58367,2.0,228,3,0,4,48068.14
BMW,X5,suv,gasoline,automatic,2026,13540,3.4,513,2,0,5,94788.16
Toyota,Camry,sedan,gasoline,automatic,2003,248348,2.6,135,5,0,2,2500.0
Mercedes,GLC,suv,diesel,automatic,2025,15442,2.4,353,1,0,5,94215.83
Ford,Mustang,coupe,diesel,automatic,2002,214231,1.6,328,7,0,2,11432.55
Honda,Accord,sedan,gasoline,automatic,2000,304403,4.6,144,6,1,1,2500.0
Honda,Civic,sedan,hybrid,automatic,2010,286213,3.6,214,5,1,2,2500.0
Toyota,Corolla,sedan,gasoline,automatic,2022,37090,1.9,269,2,0,5,56190.11
Hyundai,Tucson,suv,gasoline,manual,2011,145530,3.4,249,4,1,4,31880.5
Tesla,Model Y,suv,electric,automatic,2012,150410,0.0,400,3,1,2,56413.21
Toyota,Camry,sedan,gasoline,automatic,2005,261623,4.0,304,6,0,1,6057.6
BMW,X5,suv,gasoline,automatic,2015,82293,2.3,369,3,0,4,62026.22
Toyota,Camry,sedan,hybrid,automatic,2004,90993,5.7,121,7,1,2,15549.7
Ford,Mustang,coupe,gasoline,automatic,2005,162778,5.0,180,5,0,1,14330.54
Toyota,Corolla,sedan,gasoline,automatic,2009,221535,4.7,257,5,0,3,17841.51
Honda,CR-V,suv,gasoline,automatic,2005,194547,4.4,142,6,1,2,13042.29
Toyota,Camry,sedan,hybrid,automatic,2013,142748,3.6,243,4,0,4,38224.9
BMW,3 Series,sedan,gasoline,automatic,2013,151577,4.4,340,2,0,4,55214.75
BMW,X5,suv,diesel,automatic,2015,138158,4.3,416,3,1,4,60299.14
Tesla,Model S,sedan,electric,automatic,2007,177034,0.0,483,5,0,2,49628.77
Honda,Civic,sedan,gasoline,manual,2003,340105,3.2,167,6,1,1,2500.0
Ford,F-150,truck,gasoline,automatic,2000,407530,3.9,255,6,0,1,2500.0
BMW,5 Series,sedan,gasoline,automatic,2002,273060,5.3,308,5,0,1,11363.85
Mercedes,E-Class,sedan,gasoline,automatic,2015,55186,2.9,384,4,0,4,67943.24
Honda,CR-V,suv,gasoline,automatic,2007,167611,2.6,122,5,1,2,12512.12
BMW,5 Series,sedan,gasoline,automatic,2018,66867,4.6,316,4,0,5,71937.79
Ford,Escape,suv,gasoline,manual,2002,245276,4.6,233,4,0,1,9870.93
Tesla,Model Y,suv,electric,manual,2024,18713,0.0,498,1,0,5,104898.03
Chevrolet,Equinox,suv,gasoline,automatic,2010,216291,3.3,137,3,0,2,16956.48
Mercedes,E-Class,sedan,gasoline,automatic,2005,237216,5.0,282,7,0,1,23626.38
Hyundai,Elantra,sedan,gasoline,automatic,2001,438227,5.3,271,5,0,1,2500.0
Tesla,Model Y,suv,electric,automatic,2004,266565,0.0,501,6,0,1,39235.17
Mercedes,GLC,suv,gasoline,manual,2013,230622,2.4,463,3,0,3,52450.81
Ford,F-150,truck,gasoline,automatic,2017,101566,3.0,323,3,1,3,43671.19
Mercedes,C-Class,sedan,hybrid,automatic,2006,212549,3.0,402,5,1,1,31357.26
Chevrolet,Silverado,truck,gasoline,automatic,2011,88749,4.7,268,2,0,2,43510.95
Ford,F-150,truck,gasoline,automatic,2008,346798,2.9,222,5,1,2,2500.0
Toyota,Corolla,sedan,hybrid,automatic,2001,279678,2.1,142,6,0,1,2500.0
Tesla,Model 3,sedan,electric,automatic,2016,131883,0.0,441,3,0,3,64475.03
BMW,3 Series,sedan,gasoline,manual,2003,215620,1.5,465,6,0,3,32194.4
Toyota,RAV4,suv,gasoline,automatic,2000,164727,5.3,185,7,0,2,13892.06
Ford,F-150,truck,gasoline,automatic,2023,15196,5.5,277,1,0,5,73505.01
Honda,CR-V,suv,gasoline,automatic,2010,182855,1.8,207,4,1,2,13659.06
Honda,CR-V,suv,gasoline,automatic,2017,73290,2.5,298,3,0,4,51204.88
Tesla,Model 3,sedan,electric,automatic,2026,5221,0.0,323,3,0,5,96535.3
Honda,Civic,sedan,gasoline,automatic,2000,255567,4.0,161,7,1,1,2500.0
Honda,Accord,sedan,gasoline,automatic,2005,222560,4.6,201,5,1,1,2968.15
Tesla,Model 3,sedan,electric,automatic,2001,262749,0.0,477,6,0,1,31708.56
Honda,CR-V,suv,hybrid,automatic,2001,184916,5.3,301,5,1,1,16636.14
Tesla,Model S,sedan,electric,automatic,2009,337516,0.0,358,5,1,1,24902.33
Toyota,Corolla,sedan,gasoline,automatic,2001,375419,2.2,289,6,0,1,2500.0
Honda,CR-V,suv,gasoline,automatic,2023,31928,1.9,308,1,0,5,71033.83
BMW,5 Series,sedan,gasoline,automatic,2003,440542,3.3,470,6,1,1,2500.0
Mercedes,GLC,suv,gasoline,automatic,2016,130210,2.1,279,4,0,3,53641.75
BMW,X5,suv,gasoline,automatic,2000,474054,2.2,512,6,0,1,3469.24
Toyota,Corolla,sedan,hybrid,automatic,2003,282442,5.3,173,5,0,1,2500.0
Mercedes,C-Class,sedan,hybrid,automatic,2019,85837,4.5,277,1,0,5,73512.85
Ford,F-150,truck,hybrid,automatic,2025,17132,3.8,154,1,0,5,74611.3
BMW,3 Series,sedan,hybrid,automatic,2021,52411,3.9,306,3,0,5,78339.78
Ford,Escape,suv,gasoline,automatic,2005,286395,5.4,304,5,0,1,7845.95
Hyundai,Sonata,sedan,gasoline,automatic,2008,279526,3.9,319,4,1,1,4843.41
Tesla,Model 3,sedan,electric,automatic,2007,218749,0.0,273,4,1,3,38531.76
Toyota,Corolla,sedan,gasoline,automatic,2003,205413,3.5,257,6,0,3,10880.97
Hyundai,Sonata,sedan,gasoline,automatic,2017,102689,2.0,198,2,0,3,33209.89
Tesla,Model S,sedan,electric,automatic,2022,51326,0.0,328,2,0,5,79856.32
Ford,Escape,suv,gasoline,automatic,2015,93530,4.3,301,3,0,5,54526.9
Ford,F-150,truck,gasoline,automatic,2024,33251,4.4,329,3,0,5,66637.66
Hyundai,Sonata,sedan,gasoline,automatic,2014,140230,2.0,317,4,0,4,36489.58
Ford,F-150,truck,hybrid,manual,2001,215936,4.0,202,6,0,1,4742.09
Toyota,Camry,sedan,gasoline,automatic,2007,266795,4.4,194,5,1,2,2500.0
Ford,Mustang,coupe,gasoline,manual,2021,48840,1.5,327,2,0,5,59287.9
BMW,5 Series,sedan,gasoline,automatic,2007,293678,2.0,326,5,0,1,14887.95
Hyundai,Tucson,suv,gasoline,automatic,2004,330066,3.3,284,6,1,1,2500.0
Ford,Mustang,coupe,gasoline,automatic,2021,80133,3.7,324,3,0,4,52483.29
Toyota,Camry,sedan,gasoline,automatic,2025,17502,3.0,314,2,1,5,72135.98
Chevrolet,Silverado,truck,gasoline,automatic,2008,251477,3.4,302,4,1,2,6650.72
BMW,X5,suv,gasoline,automatic,2010,117421,3.6,498,5,0,3,62171.37
Chevrolet,Silverado,truck,hybrid,automatic,2007,178113,1.5,167,5,1,2,13484.12
Toyota,Corolla,sedan,hybrid,automatic,2021,34466,5.1,144,2,0,5,57690.62
Hyundai,Elantra,sedan,hybrid,automatic,2026,5382,4.6,265,2,1,5,66270.31
Ford,Mustang,coupe,gasoline,automatic,2012,147943,2.2,225,4,1,3,21324.62
Ford,F-150,truck,gasoline,automatic,2015,57963,2.6,307,4,1,4,45670.31
Hyundai,Elantra,sedan,gasoline,automatic,2024,19811,2.7,143,1,0,5,61297.21
Ford,Mustang,coupe,gasoline,automatic,2017,120711,3.7,224,4,0,4,43916.57
Toyota,Corolla,sedan,gasoline,automatic,2023,36231,1.8,259,2,0,5,62079.42
Hyundai,Sonata,sedan,gasoline,automatic,2015,177825,4.6,239,3,0,2,31584.09
Ford,Escape,suv,gasoline,automatic,2010,261149,5.1,128,4,1,2,7236.14
Tesla,Model 3,sedan,electric,automatic,2024,14574,0.0,366,1,0,5,100545.87
Honda,Civic,sedan,gasoline,automatic,2006,220714,2.3,183,4,0,3,6265.21
Chevrolet,Malibu,sedan,gasoline,automatic,2005,186418,3.8,294,5,0,3,16952.9
Tesla,Model S,sedan,electric,manual,2011,137249,0.0,395,4,0,4,66687.07
BMW,X5,suv,hybrid,manual,2017,114119,2.1,307,2,1,4,58066.97
Ford,Escape,suv,gasoline,automatic,2005,232189,3.6,227,6,1,1,2500.0
Hyundai,Sonata,sedan,diesel,automatic,2006,207164,5.3,271,6,0,1,11880.52
Ford,Mustang,coupe,gasoline,automatic,2012,158394,4.6,322,4,0,3,34952.69
Honda,CR-V,suv,gasoline,automatic,2004,211522,5.5,243,5,0,2,12236.8
Toyota,Camry,sedan,diesel,automatic,2022,50992,4.4,184,2,0,5,58057.39
Ford,F-150,truck,gasoline,automatic,2010,231982,2.1,134,3,1,2,9756.92
Honda,CR-V,suv,hybrid,automatic,2018,57727,4.6,193,3,1,3,46993.31
Toyota,Corolla,sedan,hybrid,automatic,2003,333048,1.4,284,5,0,1,2500.0
BMW,5 Series,sedan,gasoline,automatic,2019,97320,4.3,306,3,1,4,54343.33
Tesla,Model Y,suv,electric,automatic,2013,157882,0.0,407,3,0,4,75929.99
Toyota,Corolla,sedan,diesel,automatic,2003,191471,5.7,290,5,1,2,13310.44
Tesla,Model S,sedan,electric,automatic,2003,391956,0.0,404,5,1,1,14399.37
Toyota,Camry,sedan,gasoline,automatic,2006,259245,5.2,125,6,1,2,2500.0
Hyundai,Sonata,sedan,hybrid,manual,2003,105363,2.8,190,7,1,2,11779.79
Tesla,Model 3,sedan,electric,automatic,2006,240367,0.0,275,6,0,1,35410.16
Hyundai,Elantra,sedan,gasoline,automatic,2017,90573,3.3,263,2,0,5,49391.27
Chevrolet,Silverado,truck,diesel,automatic,2011,138705,2.8,153,4,1,2,23142.39
BMW,5 Series,sedan,hybrid,automatic,2018,107264,2.3,358,2,0,5,74721.88
Tesla,Model Y,suv,electric,automatic,2015,98783,0.0,348,5,0,3,67052.14
Hyundai,Sonata,sedan,gasoline,automatic,2011,192050,5.0,320,5,0,2,19252.38
Tesla,Model S,sedan,electric,automatic,2007,157212,0.0,489,4,1,3,49424.2
Honda,Accord,sedan,gasoline,automatic,2000,236388,3.7,295,7,0,1,2549.66
Tesla,Model Y,suv,electric,automatic,2008,220722,0.0,399,4,0,2,55880.44
Mercedes,C-Class,sedan,hybrid,automatic,2015,108832,3.1,307,3,1,3,61378.75
Chevrolet,Equinox,suv,gasoline,automatic,2011,102895,3.2,236,5,1,4,34684.56
Toyota,Corolla,sedan,gasoline,automatic,2024,20834,4.0,137,2,0,5,57262.45
BMW,5 Series,sedan,gasoline,automatic,2008,158215,2.1,350,5,1,2,29045.21
Tesla,Model 3,sedan,electric,automatic,2017,55143,0.0,391,4,1,4,73765.65
Ford,F-150,truck,gasoline,automatic,2007,228880,1.7,211,6,0,3,13667.35
Tesla,Model S,sedan,electric,automatic,2026,4211,0.0,305,1,1,5,89757.24
Toyota,RAV4,suv,gasoline,automatic,2015,137146,5.0,247,4,0,4,41104.77
Toyota,Corolla,sedan,gasoline,automatic,2012,143523,1.9,308,5,1,2,23635.68
BMW,3 Series,sedan,gasoline,automatic,2008,226461,5.0,479,4,1,2,34676.03
Mercedes,C-Class,sedan,diesel,automatic,2026,8811,3.1,450,2,0,4,82811.63
Hyundai,Sonata,sedan,hybrid,automatic,2019,44193,3.7,214,4,0,5,55515.18
Toyota,Corolla,sedan,gasoline,automatic,2012,211541,2.6,301,6,0,2,16068.42
Toyota,Camry,sedan,gasoline,manual,2016,108064,2.5,187,4,1,3,27949.3
Honda,Accord,sedan,gasoline,automatic,2007,113721,3.8,315,4,0,3,29475.29
Tesla,Model S,sedan,electric,automatic,2014,92798,0.0,410,3,1,4,66410.01
Toyota,Corolla,sedan,gasoline,automatic,2015,161497,3.1,167,4,0,2,20695.14
Hyundai,Sonata,sedan,gasoline,automatic,2024,20112,4.3,212,1,0,5,60212.6
Chevrolet,Silverado,truck,gasoline,automatic,2002,145545,2.2,231,5,0,2,18660.45
Chevrolet,Equinox,suv,gasoline,automatic,2019,124603,4.8,120,1,0,4,49692.57
Mercedes,GLC,suv,gasoline,manual,2023,33399,3.7,512,2,0,5,95811.62
Hyundai,Elantra,sedan,gasoline,automatic,2016,160887,5.0,258,3,0,4,37458.7
Ford,Escape,suv,diesel,manual,2024,11950,3.6,131,1,0,5,68023.13
Mercedes,GLC,suv,gasoline,automatic,2003,194785,5.4,275,6,0,1,30758.93
Mercedes,C-Class,sedan,gasoline,automatic,2019,93094,4.5,512,3,0,5,79493.69
Ford,Mustang,coupe,gasoline,automatic,2018,92504,4.0,196,4,0,4,41225.66
Hyundai,Elantra,sedan,gasoline,automatic,2025,14307,3.2,261,1,0,5,61602.2
BMW,3 Series,sedan,gasoline,automatic,2025,12300,5.2,284,2,0,5,82467.03
Tesla,Model 3,sedan,electric,automatic,2017,98399,0.0,265,1,0,5,79749.8
Honda,CR-V,suv,gasoline,automatic,2019,59701,4.4,159,2,0,5,57927.48
Honda,Accord,sedan,gasoline,automatic,2005,205714,3.5,229,5,0,1,5370.25
Chevrolet,Silverado,truck,gasoline,automatic,2005,237651,1.7,328,4,1,2,13661.34
Hyundai,Tucson,suv,gasoline,automatic,2022,55251,3.1,300,1,0,4,59312.57
Ford,Escape,suv,gasoline,automatic,2009,140149,2.8,320,6,0,3,33779.62
Toyota,RAV4,suv,hybrid,automatic,2015,164212,4.0,142,2,1,3,36613.59
BMW,5 Series,sedan,hybrid,automatic,2025,17592,5.6,317,1,0,4,86945.87
Mercedes,E-Class,sedan,hybrid,automatic,2023,22253,5.5,436,3,0,4,87815.18
Ford,F-150,truck,gasoline,automatic,2008,187149,1.6,146,4,0,2,21085.17
Mercedes,E-Class,sedan,gasoline,automatic,2010,192534,2.8,515,3,0,2,49168.75
Toyota,RAV4,suv,gasoline,automatic,2002,280606,4.4,242,5,1,1,2500.0
Toyota,Corolla,sedan,gasoline,automatic,2013,119436,4.3,271,3,1,4,29606.85
Chevrolet,Equinox,suv,gasoline,automatic,2014,132657,3.0,292,3,0,3,40594.13
Tesla,Model Y,suv,electric,manual,2007,315824,0.0,321,6,1,1,20113.01
Toyota,RAV4,suv,gasoline,automatic,2017,116697,2.3,316,3,0,4,39900.57
Toyota,RAV4,suv,gasoline,automatic,2026,2556,3.6,256,1,0,5,79752.1
Ford,Escape,suv,hybrid,automatic,2008,160563,3.7,213,7,1,3,17954.0
Mercedes,E-Class,sedan,hybrid,automatic,2012,226373,4.4,275,4,0,3,41643.25
Toyota,Camry,sedan,gasoline,manual,2020,80392,2.7,214,3,0,4,45905.2
Toyota,Corolla,sedan,hybrid,automatic,2008,154492,3.0,235,5,0,2,20870.61
Chevrolet,Malibu,sedan,gasoline,automatic,2022,50313,3.9,274,2,0,5,59263.25
Chevrolet,Equinox,suv,gasoline,automatic,2001,158382,3.0,243,7,0,1,7870.65
Honda,Civic,sedan,gasoline,automatic,2022,54454,3.4,163,1,0,5,53843.36
Ford,Mustang,coupe,hybrid,automatic,2016,115071,2.1,281,2,0,5,52436.65
BMW,X5,suv,gasoline,automatic,2001,240086,5.6,297,6,0,1,24777.02
Chevrolet,Equinox,suv,gasoline,automatic,2008,182303,3.0,315,4,0,3,27955.69
Chevrolet,Malibu,sedan,gasoline,manual,2014,227878,2.2,151,3,0,3,18893.28
BMW,3 Series,sedan,gasoline,automatic,2023,28321,4.7,352,1,0,5,81575.07
Ford,Mustang,coupe,gasoline,automatic,2005,212187,3.0,306,5,1,1,6001.59
Toyota,RAV4,suv,gasoline,automatic,2005,241059,1.6,308,6,0,1,2828.21
Honda,CR-V,suv,hybrid,automatic,2026,11408,3.1,275,1,0,5,78761.64
Honda,CR-V,suv,gasoline,automatic,2011,214015,4.1,324,4,1,3,27663.77
Tesla,Model Y,suv,electric,automatic,2012,233556,0.0,449,4,0,3,58988.06
Tesla,Model Y,suv,electric,automatic,2011,139027,0.0,446,5,0,3,63561.56
Chevrolet,Silverado,truck,gasoline,automatic,2020,57670,3.6,143,3,1,4,48892.88
BMW,3 Series,sedan,gasoline,automatic,2014,164480,5.6,485,2,1,3,56433.49
Chevrolet,Malibu,sedan,gasoline,automatic,2008,312759,3.9,127,4,1,1,2500.0
Mercedes,C-Class,sedan,gasoline,automatic,2005,328542,2.8,451,5,0,1,24965.19
Toyota,Corolla,sedan,gasoline,automatic,2007,235233,3.0,235,5,0,1,4479.59
Mercedes,E-Class,sedan,gasoline,automatic,2002,305855,3.8,303,6,1,1,13820.04
Honda,Accord,sedan,gasoline,manual,2003,22931,5.2,298,5,0,3,36727.4
Hyundai,Sonata,sedan,gasoline,automatic,2002,201632,2.3,284,6,1,2,3094.28
Honda,Accord,sedan,hybrid,automatic,2011,266954,3.6,164,4,0,2,12125.16
Hyundai,Sonata,sedan,diesel,automatic,2008,224372,1.4,318,4,0,1,9424.98
Tesla,Model Y,suv,electric,automatic,2005,320457,0.0,380,5,0,1,31007.33
Mercedes,C-Class,sedan,gasoline,automatic,2012,50638,1.7,294,4,1,4,52367.49
Honda,CR-V,suv,gasoline,automatic,2015,97925,3.6,164,4,0,4,37304.22
Ford,F-150,truck,gasoline,automatic,2017,68076,4.3,295,3,0,4,51589.65
Chevrolet,Malibu,sedan,hybrid,automatic,2018,136989,2.0,314,4,1,5,38704.81
Tesla,Model 3,sedan,electric,automatic,2010,85880,0.0,352,4,0,3,65010.4
BMW,5 Series,sedan,hybrid,automatic,2023,43975,2.0,378,2,0,5,81204.43
Toyota,Corolla,sedan,hybrid,automatic,2011,137000,2.0,147,5,0,3,24809.08
Chevrolet,Malibu,sedan,gasoline,automatic,2024,26661,3.1,175,2,0,5,62293.69
BMW,3 Series,sedan,gasoline,manual,2011,143353,3.3,387,4,0,2,47513.87
Mercedes,E-Class,sedan,gasoline,manual,2019,90642,2.8,286,1,0,5,73931.06
Honda,Civic,sedan,gasoline,automatic,2018,73978,2.1,168,2,0,4,42143.72
Toyota,Camry,sedan,hybrid,automatic,2007,238707,3.3,121,5,0,2,5934.58
Ford,F-150,truck,gasoline,manual,2010,254005,5.1,233,4,1,1,9627.48
Hyundai,Sonata,sedan,gasoline,automatic,2021,91673,4.1,316,2,0,5,51393.74
Toyota,Corolla,sedan,gasoline,manual,2016,145208,2.4,157,2,0,3,30090.57
Toyota,Corolla,sedan,hybrid,automatic,2002,116758,3.9,284,5,1,2,15615.07
Tesla,Model S,sedan,electric,automatic,2002,363556,0.0,430,5,1,1,8504.86
BMW,3 Series,sedan,gasoline,manual,2015,54381,3.7,470,4,0,4,68532.79
Hyundai,Elantra,sedan,hybrid,automatic,2007,214303,3.4,122,5,1,3,7388.06
BMW,3 Series,sedan,gasoline,automatic,2023,34887,3.7,504,1,1,5,88954.99
Ford,Escape,suv,hybrid,automatic,2001,232011,1.6,324,5,0,2,9993.6
Tesla,Model Y,suv,electric,automatic,2016,102826,0.0,329,3,1,3,70839.15
Honda,CR-V,suv,gasoline,automatic,2018,131589,4.0,196,3,0,4,46213.44
BMW,X5,suv,hybrid,automatic,2013,201411,4.0,284,4,1,3,38448.28
Mercedes,GLC,suv,gasoline,automatic,2008,305849,3.2,264,5,1,1,21132.64
Chevrolet,Equinox,suv,gasoline,automatic,2026,5323,3.7,173,1,1,5,63182.47
Mercedes,E-Class,sedan,gasoline,automatic,2015,85861,5.0,463,2,1,5,73554.28
Hyundai,Sonata,sedan,hybrid,automatic,2019,93791,1.8,285,1,0,3,49469.05
BMW,X5,suv,gasoline,automatic,2009,85692,3.9,273,4,0,3,46746.05
Honda,CR-V,suv,hybrid,automatic,2002,244690,3.5,203,5,0,1,4747.63
Honda,CR-V,suv,gasoline,automatic,2014,96364,4.4,229,4,1,4,38511.21
Mercedes,C-Class,sedan,hybrid,manual,2014,106357,3.5,456,2,0,3,64872.23
BMW,X5,suv,gasoline,automatic,2011,209043,4.0,493,5,1,2,40658.36
Honda,Civic,sedan,gasoline,manual,2024,16552,1.5,326,2,0,4,60773.03
Hyundai,Tucson,suv,gasoline,automatic,2009,168257,4.7,132,5,0,2,19641.38
Toyota,RAV4,suv,gasoline,automatic,2012,122339,1.7,230,5,0,3,30464.57
Toyota,Corolla,sedan,hybrid,automatic,2025,18217,3.3,202,1,0,5,67020.9
Ford,F-150,truck,gasoline,automatic,2017,65598,5.4,212,3,0,3,50738.6
Chevrolet,Malibu,sedan,hybrid,automatic,2022,39092,4.9,321,1,0,4,63981.22
Honda,CR-V,suv,gasoline,automatic,2016,58294,4.5,264,3,0,4,59083.8
Chevrolet,Malibu,sedan,hybrid,automatic,2019,49945,2.5,250,3,0,5,48769.3
Chevrolet,Malibu,sedan,gasoline,automatic,2024,32040,5.1,257,2,0,5,61927.18
Hyundai,Elantra,sedan,gasoline,automatic,2014,74730,2.9,124,4,1,3,25615.68
Honda,Civic,sedan,gasoline,automatic,2002,222268,3.3,158,5,1,1,2500.0
Ford,Escape,suv,gasoline,automatic,2010,193806,4.4,241,5,1,3,18602.86
Honda,CR-V,suv,hybrid,automatic,2022,25554,4.8,189,1,0,5,69275.95
Ford,F-150,truck,gasoline,automatic,2025,10085,3.1,261,1,0,5,71721.77
Honda,CR-V,suv,hybrid,automatic,2015,115531,5.2,207,4,0,4,48300.0
BMW,3 Series,sedan,gasoline,automatic,2016,158753,5.5,388,3,0,4,62438.59
Toyota,RAV4,suv,gasoline,automatic,2013,258214,4.5,304,5,1,3,13092.26
Hyundai,Tucson,suv,gasoline,automatic,2010,223976,3.6,180,4,0,2,17203.16
Toyota,Camry,sedan,gasoline,automatic,2010,174498,2.8,167,5,1,3,16055.21
Ford,Escape,suv,hybrid,automatic,2024,30351,3.3,290,2,0,5,74963.61
Mercedes,E-Class,sedan,diesel,automatic,2023,27735,4.3,363,3,0,5,88950.53
Hyundai,Tucson,suv,gasoline,automatic,2017,94333,2.7,170,2,0,4,43905.12
Ford,Escape,suv,gasoline,automatic,2018,58653,3.5,178,2,0,4,46042.05
Chevrolet,Equinox,suv,gasoline,automatic,2014,121297,3.3,177,4,0,4,37139.74
Ford,Mustang,coupe,gasoline,automatic,2001,265379,3.7,126,6,0,2,2500.0
Hyundai,Elantra,sedan,hybrid,automatic,2021,60554,1.5,329,1,1,5,57473.94
Tesla,Model Y,suv,electric,automatic,2023,16732,0.0,381,2,0,5,94024.84
Hyundai,Tucson,suv,gasoline,automatic,2017,56028,4.7,134,3,1,4,41014.47
BMW,5 Series,sedan,gasoline,automatic,2009,144538,2.3,331,6,1,2,33150.4
Toyota,RAV4,suv,gasoline,automatic,2024,21830,2.0,327,1,0,5,70344.36
Hyundai,Elantra,sedan,gasoline,automatic,2009,202275,4.8,202,6,0,3,17635.78
Hyundai,Sonata,sedan,hybrid,automatic,2023,33721,3.3,129,2,0,5,60620.69
Toyota,Camry,sedan,gasoline,automatic,2015,111107,4.2,293,2,0,5,44377.26
Hyundai,Sonata,sedan,gasoline,automatic,2001,407386,2.2,163,6,0,1,2500.0
Ford,F-150,truck,gasoline,manual,2019,95475,2.0,308,3,0,5,53270.1
Mercedes,GLC,suv,gasoline,manual,2002,350000,1.5,452,7,0,1,12394.97
Mercedes,E-Class,sedan,gasoline,automatic,2000,172225,4.0,345,6,1,1,23848.49
Hyundai,Tucson,suv,hybrid,automatic,2008,272577,3.8,161,6,0,1,4194.06
Hyundai,Sonata,sedan,hybrid,automatic,2026,6658,5.7,190,1,0,5,67749.25
Ford,Mustang,coupe,hybrid,automatic,2026,15432,4.4,121,1,0,5,70851.24
Ford,Escape,suv,gasoline,automatic,2000,291936,2.6,306,6,1,1,2500.0
Honda,Accord,sedan,gasoline,automatic,2006,291315,1.4,254,5,0,2,5208.23
Mercedes,GLC,suv,gasoline,automatic,2006,110456,1.8,515,4,1,3,53050.37
Chevrolet,Malibu,sedan,gasoline,automatic,2011,184735,4.1,125,4,1,2,8354.55
Tesla,Model 3,sedan,electric,manual,2023,22119,0.0,297,3,0,5,85689.67
Ford,Mustang,coupe,gasoline,automatic,2007,197120,1.8,247,5,1,3,6533.84
Ford,F-150,truck,gasoline,manual,2007,248127,2.7,147,5,1,2,2500.0
Ford,Escape,suv,diesel,automatic,2026,17172,2.9,298,2,0,5,72378.49
Mercedes,E-Class,sedan,gasoline,automatic,2010,125757,5.3,352,6,0,3,49813.66
Honda,CR-V,suv,gasoline,automatic,2015,159911,5.0,271,3,0,2,36052.64
Honda,CR-V,suv,gasoline,automatic,2006,326055,2.7,239,4,0,1,2500.0
Honda,Accord,sedan,gasoline,automatic,2020,55241,3.8,258,1,0,4,59384.73
Honda,Accord,sedan,diesel,automatic,2023,45117,2.0,298,1,0,5,61213.21
Tesla,Model 3,sedan,electric,automatic,2024,23132,0.0,274,1,0,5,86465.64
Hyundai,Sonata,sedan,gasoline,automatic,2022,41002,4.2,123,2,0,5,51449.36
Ford,Escape,suv,gasoline,automatic,2002,456661,3.7,260,5,1,1,2500.0
Toyota,RAV4,suv,hybrid,automatic,2015,115761,5.2,303,4,0,4,51417.33
Honda,Accord,sedan,gasoline,automatic,2013,79412,1.5,195,3,0,4,33298.48
Chevrolet,Silverado,truck,hybrid,automatic,2018,92439,3.1,156,2,0,5,51133.84
Toyota,Camry,sedan,gasoline,automatic,2021,40002,5.1,153,1,0,5,54805.75
Hyundai,Elantra,sedan,gasoline,automatic,2006,232588,2.9,233,5,1,2,2500.0
Honda,Accord,sedan,gasoline,automatic,2003,215004,4.1,249,6,1,1,2500.0
Honda,Civic,sedan,gasoline,automatic,2014,111895,1.5,124,5,0,4,29714.65
Honda,Civic,sedan,hybrid,automatic,2003,180832,5.3,121,6,0,1,10478.47
Tesla,Model S,sedan,electric,automatic,2002,219023,0.0,340,7,1,1,23969.43
Hyundai,Sonata,sedan,hybrid,automatic,2022,51023,4.7,213,1,0,5,60594.16
Chevrolet,Silverado,truck,gasoline,automatic,2003,393192,5.4,245,6,1,1,2500.0
Honda,Accord,sedan,gasoline,automatic,2021,66374,2.1,133,3,0,5,44320.59
Honda,Civic,sedan,gasoline,automatic,2006,166167,1.6,188,6,0,3,10516.93
Ford,Mustang,coupe,gasoline,automatic,2023,45216,3.9,220,1,0,4,58420.61
Toyota,Camry,sedan,gasoline,automatic,2011,118092,5.5,177,4,0,3,30063.52
Tesla,Model 3,sedan,electric,manual,2025,6879,0.0,403,1,0,5,95723.92
Ford,Escape,suv,gasoline,automatic,2024,16862,3.0,178,2,0,5,65284.06
Mercedes,C-Class,sedan,hybrid,automatic,2005,263058,1.4,398,5,1,1,23681.1
Hyundai,Tucson,suv,gasoline,automatic,2014,148280,4.0,216,3,0,3,34410.36
Mercedes,C-Class,sedan,gasoline,automatic,2026,7446,4.1,508,1,0,4,96098.97
Toyota,Corolla,sedan,gasoline,automatic,2001,230088,2.0,200,5,1,1,2500.0
Honda,Civic,sedan,diesel,automatic,2024,33074,2.6,223,1,0,5,65450.9
Ford,Mustang,coupe,gasoline,automatic,2025,21150,3.8,134,1,0,5,66078.35
Hyundai,Elantra,sedan,gasoline,automatic,2024,30654,3.5,265,1,0,5,60287.18
Honda,Civic,sedan,diesel,automatic,2011,193585,1.8,133,5,1,2,11631.71
Chevrolet,Equinox,suv,gasoline,manual,2002,308408,3.8,279,7,1,1,2500.0
Toyota,RAV4,suv,hybrid,automatic,2006,216084,2.4,294,6,1,2,10772.15
Honda,Accord,sedan,hybrid,automatic,2021,30911,2.3,143,1,1,5,50701.45
Tesla,Model 3,sedan,electric,automatic,2002,203215,0.0,489,5,0,1,43711.67
Tesla,Model S,sedan,electric,automatic,2024,15931,0.0,444,2,0,5,98110.18
BMW,5 Series,sedan,gasoline,automatic,2022,58035,5.3,372,2,0,4,76198.51
Ford,F-150,truck,gasoline,automatic,2014,184455,2.6,260,2,0,3,31980.02
Mercedes,GLC,suv,gasoline,automatic,2015,99970,5.6,368,3,1,3,58099.53
Tesla,Model S,sedan,electric,automatic,2014,176665,0.0,334,3,0,4,54548.16
Toyota,RAV4,suv,hybrid,automatic,2010,187144,4.6,328,4,0,3,39312.2
Honda,Civic,sedan,gasoline,automatic,2008,240491,4.1,290,6,1,1,4458.54
Chevrolet,Equinox,suv,gasoline,automatic,2011,146098,3.6,142,4,0,3,27219.82
Honda,Civic,sedan,gasoline,automatic,2021,44554,2.8,237,3,1,5,49290.66
Ford,F-150,truck,diesel,automatic,2022,24717,3.6,258,2,0,5,68531.72
BMW,X5,suv,gasoline,automatic,2013,151126,2.8,304,4,1,3,48780.9
Tesla,Model S,sedan,electric,automatic,2005,233859,0.0,494,5,0,2,42730.45
Ford,Mustang,coupe,gasoline,automatic,2009,137712,1.9,325,6,0,3,23621.27
Honda,Accord,sedan,hybrid,automatic,2006,266268,5.0,201,7,0,4,6970.49
Mercedes,E-Class,sedan,gasoline,automatic,2020,59553,3.4,472,1,0,4,73437.57
Chevrolet,Silverado,truck,gasoline,automatic,2002,318900,2.9,190,7,0,1,2500.0
Ford,Mustang,coupe,gasoline,automatic,2004,433084,4.6,237,5,0,1,2500.0
BMW,3 Series,sedan,gasoline,automatic,2019,74300,2.3,341,2,0,5,71032.55
Chevrolet,Malibu,sedan,diesel,automatic,2010,85411,3.6,160,5,1,4,28034.2
BMW,X5,suv,hybrid,automatic,2004,309466,5.0,272,5,0,1,22995.39
BMW,5 Series,sedan,gasoline,automatic,2016,112154,4.4,472,5,0,3,59756.16
Chevrolet,Malibu,sedan,hybrid,automatic,2013,127792,2.5,169,4,0,4,28841.35
Ford,Escape,suv,gasoline,automatic,2012,159760,3.9,190,3,0,2,29526.39
Chevrolet,Malibu,sedan,gasoline,automatic,2002,391973,3.5,294,7,1,1,2500.0
Honda,Civic,sedan,gasoline,automatic,2002,177205,1.7,194,5,0,1,5403.59
Chevrolet,Equinox,suv,gasoline,manual,2002,300234,1.4,179,5,1,2,2500.0
BMW,5 Series,sedan,gasoline,automatic,2005,233024,5.7,434,5,0,2,37028.26
Hyundai,Elantra,sedan,hybrid,automatic,2025,14515,2.8,234,1,0,5,75714.86
Chevrolet,Silverado,truck,diesel,automatic,2014,109325,4.3,309,4,0,3,39643.28
Toyota,RAV4,suv,gasoline,automatic,2013,86371,2.7,256,5,1,3,33608.77
Chevrolet,Malibu,sedan,gasoline,automatic,2026,13534,2.2,159,1,0,5,59753.23
Mercedes,GLC,suv,hybrid,automatic,2018,118447,2.9,505,3,0,4,76163.52
Toyota,RAV4,suv,gasoline,automatic,2014,181496,3.9,178,5,0,3,31182.84
Honda,Civic,sedan,gasoline,automatic,2012,153772,1.9,222,4,0,3,25209.81
Ford,F-150,truck,gasoline,automatic,2025,18780,1.4,161,1,0,4,61506.27
Hyundai,Tucson,suv,gasoline,manual,2008,121531,5.2,261,4,0,2,24827.91
Honda,Civic,sedan,diesel,automatic,2023,31853,3.9,147,2,0,5,64474.43
Honda,CR-V,suv,hybrid,automatic,2018,77388,2.1,259,5,0,5,55102.99
Honda,Civic,sedan,gasoline,automatic,2002,153901,4.1,321,5,1,1,6460.53
Chevrolet,Silverado,truck,hybrid,automatic,2023,45580,4.8,153,2,1,4,61800.23
Mercedes,C-Class,sedan,hybrid,automatic,2003,185998,4.9,307,7,0,1,31590.71
Toyota,Camry,sedan,gasoline,automatic,2017,82003,5.4,167,4,0,4,37466.9
Toyota,Corolla,sedan,gasoline,automatic,2013,143315,3.8,256,4,0,3,29342.77
Honda,Civic,sedan,gasoline,automatic,2026,7093,5.2,232,1,0,5,69519.71
Ford,Mustang,coupe,gasoline,automatic,2011,199512,4.0,223,4,0,3,24342.32
Hyundai,Sonata,sedan,hybrid,automatic,2000,452691,1.4,279,7,0,1,2500.0
BMW,X5,suv,gasoline,automatic,2018,54919,2.7,355,1,1,5,73233.44
Honda,Accord,sedan,hybrid,automatic,2022,46230,5.0,272,2,1,4,52378.28
Hyundai,Sonata,sedan,gasoline,automatic,2009,154725,5.0,125,4,0,3,22503.6
Mercedes,GLC,suv,hybrid,manual,2007,201510,1.4,373,5,1,2,38814.79
Mercedes,E-Class,sedan,gasoline,automatic,2012,120358,1.7,371,2,0,3,51433.62
Honda,Civic,sedan,gasoline,manual,2004,211349,2.4,207,6,1,2,2500.0
Honda,Accord,sedan,hybrid,automatic,2020,73343,1.8,225,3,0,5,54976.99
Honda,Accord,sedan,hybrid,automatic,2020,68555,2.6,261,2,0,4,57985.11
Hyundai,Sonata,sedan,gasoline,automatic,2014,108962,3.7,180,2,0,3,33238.85
Honda,Accord,sedan,gasoline,automatic,2005,214555,2.5,134,4,0,2,3447.38
Mercedes,GLC,suv,gasoline,automatic,2019,41594,4.4,356,2,0,5,77274.24
BMW,3 Series,sedan,gasoline,automatic,2012,152489,3.2,459,3,0,3,58541.2
Mercedes,E-Class,sedan,gasoline,automatic,2012,118653,5.7,269,3,0,2,51570.54
Toyota,RAV4,suv,gasoline,automatic,2010,170412,3.3,189,5,1,3,15088.96
Chevrolet,Silverado,truck,gasoline,automatic,2002,327705,3.2,141,7,1,1,2500.0
Toyota,Corolla,sedan,gasoline,automatic,2015,113148,5.3,222,2,0,4,47847.18
Chevrolet,Malibu,sedan,gasoline,automatic,2023,28529,4.4,296,1,0,4,59399.93
Chevrolet,Silverado,truck,gasoline,automatic,2009,179174,4.2,197,5,1,3,17790.08
Chevrolet,Malibu,sedan,gasoline,automatic,2025,11607,3.5,126,1,0,5,63457.81
Ford,F-150,truck,gasoline,automatic,2019,110675,2.9,162,3,0,5,45107.15
Chevrolet,Silverado,truck,gasoline,automatic,2022,54255,5.0,174,2,0,4,58215.92
Mercedes,E-Class,sedan,gasoline,automatic,2022,61271,4.8,422,2,0,5,87253.58
BMW,5 Series,sedan,gasoline,automatic,2026,15004,5.0,357,1,0,5,84819.15
BMW,3 Series,sedan,gasoline,automatic,2024,19282,4.3,313,2,0,5,82155.36
Honda,Civic,sedan,gasoline,automatic,2010,165951,2.7,318,4,1,2,16059.11
Honda,Accord,sedan,gasoline,automatic,2000,291444,2.5,253,6,0,1,2500.0
Toyota,RAV4,suv,gasoline,automatic,2007,89654,5.0,155,6,0,3,29741.89
Honda,Civic,sedan,gasoline,automatic,2026,16429,3.2,191,4,0,5,58813.17
Toyota,RAV4,suv,gasoline,automatic,2022,26172,1.6,123,1,0,5,63370.61
Toyota,RAV4,suv,gasoline,automatic,2016,84857,5.1,311,2,1,3,49201.96
Mercedes,C-Class,sedan,gasoline,automatic,2008,216989,1.5,443,6,1,2,32059.89
Ford,F-150,truck,gasoline,automatic,2004,237170,3.3,142,6,0,1,3514.93
Ford,F-150,truck,gasoline,automatic,2019,101801,2.2,214,3,1,5,49910.89
Honda,Accord,sedan,gasoline,manual,2025,14233,4.8,199,1,0,5,67681.43
Chevrolet,Malibu,sedan,gasoline,automatic,2016,136005,4.4,214,3,0,3,29226.46
Honda,CR-V,suv,gasoline,automatic,2024,35596,2.2,278,2,0,5,63997.5
BMW,5 Series,sedan,gasoline,manual,2013,107640,5.5,506,4,0,2,59684.57
Hyundai,Tucson,suv,hybrid,automatic,2001,314807,3.7,235,5,0,2,2500.0
Tesla,Model Y,suv,electric,automatic,2009,230745,0.0,518,5,1,2,47168.76
Toyota,Corolla,sedan,gasoline,automatic,2006,227916,1.5,207,5,0,1,2500.0
Toyota,RAV4,suv,gasoline,manual,2012,153109,1.9,139,4,1,3,23202.64
Toyota,RAV4,suv,hybrid,automatic,2022,32619,1.9,294,1,0,5,64055.12
Honda,Civic,sedan,gasoline,automatic,2011,116491,3.1,212,4,0,3,27552.12
BMW,X5,suv,diesel,automatic,2015,139901,3.3,291,3,0,4,58478.93
Chevrolet,Silverado,truck,gasoline,automatic,2013,163542,3.7,212,4,1,3,24453.67
Chevrolet,Silverado,truck,gasoline,manual,2000,225030,1.6,136,6,0,1,2500.0
BMW,X5,suv,gasoline,automatic,2001,356968,2.9,485,6,0,1,16773.48
Tesla,Model Y,suv,electric,automatic,2008,184776,0.0,335,7,0,3,51446.94
Honda,Accord,sedan,hybrid,automatic,2002,321901,5.0,286,7,0,1,2500.0
Toyota,Camry,sedan,gasoline,automatic,2014,171332,5.0,149,3,0,3,30269.12
Mercedes,GLC,suv,gasoline,automatic,2022,46334,3.4,302,2,0,5,78580.28
Honda,Accord,sedan,hybrid,automatic,2002,248979,4.9,230,5,0,1,3499.74
Toyota,Corolla,sedan,gasoline,automatic,2024,40785,2.0,193,2,0,5,61519.85
Hyundai,Tucson,suv,gasoline,automatic,2002,448246,4.4,201,6,0,1,2500.0
BMW,5 Series,sedan,gasoline,automatic,2017,101475,1.4,437,2,0,5,67738.58
Ford,Mustang,coupe,gasoline,automatic,2019,76966,2.2,325,3,0,5,56645.98
Ford,Escape,suv,gasoline,automatic,2001,330089,3.5,245,7,1,1,2500.0
Hyundai,Sonata,sedan,gasoline,automatic,2020,84811,1.9,232,1,0,4,45931.75
Ford,F-150,truck,gasoline,automatic,2003,275881,5.2,239,5,1,1,2500.0
Tesla,Model 3,sedan,electric,automatic,2015,169897,0.0,422,3,0,4,70591.9
Chevrolet,Equinox,suv,gasoline,automatic,2009,245141,4.3,306,5,0,1,13356.85
Toyota,Corolla,sedan,hybrid,automatic,2003,226957,3.3,236,6,0,2,12662.98
Mercedes,C-Class,sedan,gasoline,automatic,2021,30139,4.1,341,2,0,5,80655.62
Toyota,Corolla,sedan,gasoline,automatic,2018,96574,1.7,269,2,0,4,47562.35
Toyota,Camry,sedan,hybrid,automatic,2010,283114,2.1,143,4,1,2,2500.0
Ford,Mustang,coupe,gasoline,automatic,2000,161518,2.7,134,6,1,1,2500.0
Honda,CR-V,suv,gasoline,automatic,2007,175639,3.1,294,5,1,3,23608.72
Mercedes,E-Class,sedan,gasoline,automatic,2004,188140,5.1,384,5,0,2,39465.17
Honda,Accord,sedan,gasoline,automatic,2023,23008,3.4,293,1,0,5,63688.14
Mercedes,C-Class,sedan,gasoline,automatic,2018,31598,3.9,363,1,1,4,74398.62
Ford,F-150,truck,gasoline,manual,2014,143258,2.2,312,4,0,4,44078.17
Ford,Mustang,coupe,hybrid,automatic,2011,164037,4.4,206,4,1,2,21935.23
Toyota,RAV4,suv,gasoline,automatic,2008,165602,4.3,125,4,0,2,20244.08
Ford,Escape,suv,gasoline,automatic,2008,214904,5.0,138,5,1,3,12946.18
BMW,X5,suv,gasoline,automatic,2007,200247,4.6,386,5,0,2,38646.62
BMW,5 Series,sedan,hybrid,automatic,2022,35018,2.7,405,1,0,5,82740.92
Hyundai,Elantra,sedan,gasoline,automatic,2026,4888,3.8,216,1,0,5,65137.12
Toyota,Camry,sedan,hybrid,automatic,2025,12434,5.7,263,1,0,5,69493.72
Toyota,RAV4,suv,hybrid,automatic,2020,62605,1.5,186,2,0,4,62102.02
Hyundai,Sonata,sedan,gasoline,automatic,2007,282304,3.5,324,4,1,2,2500.0
Toyota,RAV4,suv,diesel,automatic,2008,344393,3.9,260,4,0,1,3630.41
Toyota,RAV4,suv,gasoline,automatic,2023,47560,2.9,243,2,0,5,56769.87
Toyota,Corolla,sedan,gasoline,automatic,2014,229129,3.5,254,5,0,3,24853.03
Toyota,RAV4,suv,gasoline,automatic,2001,334748,2.0,275,6,0,1,2500.0
Ford,F-150,truck,gasoline,automatic,2014,137769,2.2,248,3,0,3,33769.0
Toyota,Camry,sedan,gasoline,automatic,2005,285444,1.8,127,5,0,2,2500.0
Honda,Civic,sedan,gasoline,manual,2006,293569,4.4,278,5,0,1,5256.75
Ford,Escape,suv,hybrid,automatic,2009,37536,3.4,147,6,0,4,45196.04
Ford,F-150,truck,gasoline,automatic,2015,175224,3.7,255,5,0,4,40237.93
Mercedes,C-Class,sedan,hybrid,automatic,2014,103229,3.2,319,4,1,3,54072.76
Chevrolet,Equinox,suv,gasoline,manual,2013,123322,4.3,299,4,0,3,37915.76
Honda,Accord,sedan,gasoline,automatic,2022,42776,5.1,264,2,0,5,64645.93
Tesla,Model Y,suv,electric,automatic,2025,18838,0.0,441,3,0,5,105885.12
Chevrolet,Malibu,sedan,gasoline,automatic,2005,338424,2.5,239,5,0,2,2500.0
Toyota,Corolla,sedan,gasoline,automatic,2000,456484,3.4,227,7,0,1,2500.0
Honda,CR-V,suv,hybrid,automatic,2005,45193,1.6,193,5,0,2,28753.09
Mercedes,E-Class,sedan,gasoline,automatic,2025,7873,2.8,471,2,0,5,90708.21
Ford,Mustang,coupe,hybrid,automatic,2024,13885,1.6,251,1,0,5,70472.68
Honda,Civic,sedan,diesel,automatic,2013,130112,5.2,126,4,0,3,30586.06
Honda,Civic,sedan,gasoline,manual,2000,142490,1.9,288,5,1,1,5592.87
Hyundai,Elantra,sedan,gasoline,manual,2005,152697,3.7,162,5,0,3,9213.42
Hyundai,Sonata,sedan,gasoline,automatic,2024,24576,3.5,258,2,0,5,64015.74
Honda,Accord,sedan,hybrid,automatic,2001,276888,4.2,145,7,0,1,2500.0
Tesla,Model S,sedan,electric,automatic,2023,43910,0.0,481,2,0,5,90085.96
Toyota,Camry,sedan,gasoline,automatic,2017,89589,2.4,228,2,0,4,47934.97
BMW,5 Series,sedan,gasoline,automatic,2001,373659,2.3,298,6,0,1,2500.0
Tesla,Model S,sedan,electric,automatic,2006,310947,0.0,403,5,1,1,21476.8
Toyota,RAV4,suv,gasoline,automatic,2012,92482,2.7,324,5,0,3,41163.53
Tesla,Model S,sedan,electric,automatic,2002,267503,0.0,318,5,1,1,19890.46
BMW,3 Series,sedan,hybrid,automatic,2005,142263,2.2,288,5,1,1,32228.39
BMW,5 Series,sedan,gasoline,manual,2020,89886,5.5,465,3,0,5,76470.28
Toyota,Corolla,sedan,gasoline,automatic,2001,418845,2.1,267,6,1,1,2500.0
Hyundai,Sonata,sedan,hybrid,automatic,2000,234079,2.8,312,7,0,1,5495.5
Tesla,Model S,sedan,electric,automatic,2010,161488,0.0,480,4,0,3,58766.09
Hyundai,Sonata,sedan,gasoline,automatic,2022,54917,1.7,193,1,1,4,46070.25
Toyota,RAV4,suv,gasoline,automatic,2010,157551,5.2,286,4,1,3,32213.16
Hyundai,Sonata,sedan,gasoline,automatic,2010,82034,1.8,133,4,0,3,22043.68
Ford,Escape,suv,gasoline,automatic,2012,155014,1.9,238,3,0,4,36314.41
BMW,3 Series,sedan,gasoline,manual,2006,116530,5.2,269,4,0,3,43429.66
Toyota,Corolla,sedan,hybrid,automatic,2023,30984,3.0,130,3,0,5,58475.79
Honda,Accord,sedan,diesel,automatic,2012,172796,5.4,236,5,0,2,25438.23
Mercedes,C-Class,sedan,gasoline,manual,2013,191964,5.1,448,4,1,3,42237.24
BMW,X5,suv,gasoline,automatic,2014,104887,3.8,368,5,0,4,61400.03
Toyota,Corolla,sedan,gasoline,automatic,2024,21858,4.9,297,1,1,5,63012.27
BMW,5 Series,sedan,gasoline,automatic,2025,12822,5.1,439,1,0,5,89332.14
Ford,F-150,truck,gasoline,automatic,2006,189247,3.7,149,4,0,2,23402.83
BMW,5 Series,sedan,gasoline,automatic,2008,161557,5.2,482,5,0,2,47467.91
Chevrolet,Equinox,suv,gasoline,automatic,2023,19326,3.8,182,3,0,4,56744.14
Honda,Accord,sedan,hybrid,manual,2023,32246,1.6,324,2,0,5,66550.01
Ford,Mustang,coupe,diesel,automatic,2018,82347,4.2,251,2,0,4,48948.32
Mercedes,E-Class,sedan,gasoline,manual,2014,117613,5.6,281,3,0,5,55501.45
Hyundai,Sonata,sedan,gasoline,automatic,2021,37877,4.1,164,2,0,5,50716.67
Chevrolet,Equinox,suv,gasoline,automatic,2010,197931,3.1,198,4,0,2,23732.04
Tesla,Model S,sedan,electric,automatic,2014,136487,0.0,260,3,0,4,52811.0
Toyota,Camry,sedan,gasoline,automatic,2018,80443,1.7,144,4,0,5,47250.11
BMW,5 Series,sedan,gasoline,manual,2013,255327,2.1,345,5,1,3,40282.2
Hyundai,Tucson,suv,gasoline,automatic,2024,25524,4.4,307,1,0,5,63707.37
Toyota,Corolla,sedan,gasoline,automatic,2011,99787,3.7,321,5,0,2,33351.43
BMW,5 Series,sedan,gasoline,automatic,2014,110698,3.5,373,4,0,3,50047.61
Mercedes,GLC,suv,gasoline,automatic,2012,176610,1.7,350,4,0,2,49994.45
Tesla,Model Y,suv,electric,automatic,2005,183542,0.0,340,5,1,2,41370.37
Honda,Accord,sedan,gasoline,automatic,2024,16882,3.6,316,1,1,5,62511.58
Toyota,Camry,sedan,gasoline,manual,2015,85770,1.6,294,3,1,4,42499.29
Toyota,Camry,sedan,gasoline,automatic,2005,327833,3.3,226,7,0,2,2500.0
Honda,CR-V,suv,gasoline,manual,2016,131078,1.7,226,3,0,4,41865.66
Ford,Mustang,coupe,gasoline,automatic,2003,125418,4.3,222,6,0,3,21620.99
Ford,Escape,suv,gasoline,automatic,2026,4334,3.7,327,1,0,5,74444.99
Chevrolet,Malibu,sedan,gasoline,automatic,2026,21332,2.4,223,2,0,5,62874.71
Honda,Civic,sedan,gasoline,automatic,2015,68683,2.4,239,2,1,5,36959.2
Chevrolet,Silverado,truck,gasoline,automatic,2010,158358,4.6,229,4,0,2,29634.78
Toyota,Corolla,sedan,gasoline,automatic,2006,201215,3.5,147,4,1,2,9623.4
Tesla,Model S,sedan,electric,automatic,2013,147687,0.0,326,5,0,3,48626.02
Ford,Mustang,coupe,gasoline,automatic,2008,212699,1.9,123,5,0,2,15260.75
Honda,CR-V,suv,gasoline,automatic,2017,118109,3.4,185,3,0,4,47727.69
Honda,Accord,sedan,gasoline,automatic,2025,15680,2.6,147,3,1,5,62480.12
BMW,X5,suv,hybrid,automatic,2002,150134,4.5,457,5,1,2,37900.27
Toyota,RAV4,suv,hybrid,automatic,2017,124308,2.7,201,3,1,3,33484.1
Toyota,RAV4,suv,hybrid,automatic,2001,354973,5.5,124,5,1,1,2500.0
Honda,Accord,sedan,gasoline,automatic,2006,215697,4.0,313,5,1,2,12110.44
BMW,3 Series,sedan,hybrid,automatic,2025,14043,2.7,418,2,0,5,90617.45
Toyota,RAV4,suv,gasoline,automatic,2011,237633,1.4,262,4,1,2,11702.35
Chevrolet,Silverado,truck,gasoline,automatic,2026,13498,2.6,328,1,0,5,71200.79
Honda,Civic,sedan,gasoline,automatic,2014,72913,3.7,314,3,0,3,40325.01
Ford,F-150,truck,hybrid,automatic,2000,342622,4.3,308,5,0,1,2912.55
Toyota,RAV4,suv,hybrid,automatic,2023,13674,3.6,169,1,0,5,70308.31
Ford,Mustang,coupe,gasoline,automatic,2004,173951,2.0,224,5,1,2,7160.9
Hyundai,Tucson,suv,gasoline,automatic,2001,379247,4.2,145,6,1,1,2500.0
Hyundai,Tucson,suv,hybrid,automatic,2011,194345,2.8,273,3,0,4,35488.51
Toyota,Corolla,sedan,gasoline,automatic,2026,14244,2.4,133,1,1,5,58804.91
Toyota,Camry,sedan,hybrid,automatic,2013,178786,3.1,327,6,0,4,32236.53
Hyundai,Elantra,sedan,gasoline,automatic,2009,301656,3.1,255,4,0,3,8201.94
BMW,3 Series,sedan,gasoline,automatic,2014,152032,5.2,483,4,0,4,62040.66
Ford,Escape,suv,diesel,automatic,2020,126214,2.1,154,2,1,5,39304.33
Toyota,Camry,sedan,gasoline,automatic,2005,231001,5.0,246,5,1,2,2500.0
Honda,Accord,sedan,gasoline,automatic,2004,179252,1.8,293,5,0,2,17629.29
Mercedes,GLC,suv,gasoline,automatic,2026,13005,5.7,374,1,0,5,93544.71
Toyota,RAV4,suv,gasoline,manual,2022,29779,2.0,176,2,0,4,57982.42
Mercedes,C-Class,sedan,hybrid,automatic,2010,142696,2.8,325,6,0,4,53233.03
Ford,Escape,suv,gasoline,automatic,2019,33922,5.4,237,3,0,4,57192.56
Honda,Accord,sedan,gasoline,automatic,2015,127702,2.0,327,3,0,4,42311.53
Tesla,Model 3,sedan,electric,automatic,2013,188720,0.0,471,4,1,3,58333.09
Ford,Mustang,coupe,gasoline,automatic,2019,80985,5.4,211,3,1,5,49068.91
Mercedes,C-Class,sedan,diesel,automatic,2012,244422,4.4,304,3,0,2,42721.08
Ford,F-150,truck,gasoline,automatic,2001,335551,3.5,145,6,0,1,2500.0
Mercedes,E-Class,sedan,gasoline,automatic,2000,322905,2.1,327,7,0,1,7283.31
Chevrolet,Malibu,sedan,gasoline,automatic,2020,53762,2.1,237,3,0,4,47502.55
Ford,F-150,truck,hybrid,manual,2014,207053,1.5,241,2,0,3,32261.65
Honda,Accord,sedan,hybrid,automatic,2020,37566,2.3,274,3,0,5,58455.14
Chevrolet,Malibu,sedan,gasoline,automatic,2026,9682,3.7,243,1,0,5,58454.89
Mercedes,C-Class,sedan,gasoline,automatic,2013,65435,5.4,506,5,0,3,67917.34
Honda,Civic,sedan,gasoline,automatic,2003,309237,1.7,165,5,0,1,2500.0
Mercedes,E-Class,sedan,gasoline,automatic,2026,11395,4.6,459,2,0,4,92554.07
Toyota,Corolla,sedan,hybrid,automatic,2009,98577,3.8,139,4,0,2,23613.69
Chevrolet,Silverado,truck,hybrid,manual,2015,126938,2.2,230,3,0,3,41198.87
BMW,X5,suv,gasoline,automatic,2003,408381,2.8,449,6,1,1,8970.86
Chevrolet,Malibu,sedan,gasoline,automatic,2020,37687,3.1,281,3,0,4,56123.84
Mercedes,E-Class,sedan,diesel,automatic,2025,10348,3.4,443,1,0,5,95876.23
Honda,Accord,sedan,gasoline,automatic,2001,323294,4.5,140,6,0,1,2500.0
Ford,Escape,suv,gasoline,automatic,2018,82555,2.8,243,3,0,4,44896.2
Tesla,Model 3,sedan,electric,automatic,2014,116482,0.0,482,4,0,3,67643.2
Ford,Escape,suv,hybrid,automatic,2010,134165,1.6,164,5,1,2,15739.84
Toyota,Camry,sedan,hybrid,automatic,2004,245431,2.5,156,5,0,3,3580.03
Honda,CR-V,suv,gasoline,automatic,2024,24846,5.2,217,1,0,5,73301.42
Chevrolet,Malibu,sedan,hybrid,manual,2003,327684,5.0,128,6,1,1,2500.0
Tesla,Model 3,sedan,electric,automatic,2004,198281,0.0,347,5,1,1,38442.35
BMW,3 Series,sedan,gasoline,automatic,2026,2020,3.8,317,2,0,5,88965.15
Honda,CR-V,suv,gasoline,automatic,2005,334820,2.7,247,5,1,1,2500.0
Honda,CR-V,suv,hybrid,manual,2024,23794,1.6,149,1,0,5,60759.69
Toyota,RAV4,suv,hybrid,manual,2013,141079,1.7,198,3,1,3,32687.4
BMW,5 Series,sedan,gasoline,automatic,2008,209337,2.8,447,6,1,1,27316.07
Honda,Accord,sedan,gasoline,automatic,2015,161611,3.1,234,4,0,4,36574.48
Ford,Mustang,coupe,gasoline,automatic,2024,31031,3.7,306,1,0,4,59782.07
Toyota,Camry,sedan,gasoline,automatic,2023,34569,5.3,316,3,0,5,64859.5
Honda,Civic,sedan,gasoline,automatic,2014,168716,5.5,256,3,0,4,37309.36
Ford,Mustang,coupe,gasoline,automatic,2014,127350,4.3,231,4,0,3,33672.09
Toyota,Camry,sedan,gasoline,automatic,2015,122962,4.3,185,4,0,4,34118.38
Ford,Mustang,coupe,hybrid,automatic,2021,49292,2.5,154,2,0,4,55196.51
Toyota,RAV4,suv,gasoline,automatic,2013,164601,5.2,145,4,0,4,39971.43
BMW,5 Series,sedan,gasoline,automatic,2023,25295,4.1,445,2,0,5,83374.58
Tesla,Model S,sedan,electric,automatic,2002,365132,0.0,504,5,1,1,15318.63
Chevrolet,Silverado,truck,gasoline,automatic,2000,153935,2.6,279,6,0,2,9389.33
Honda,Accord,sedan,hybrid,manual,2017,41992,3.6,327,4,1,5,52337.61
Tesla,Model Y,suv,electric,automatic,2010,121530,0.0,412,4,0,3,63236.13
Chevrolet,Equinox,suv,gasoline,automatic,2002,177754,3.7,281,6,0,2,11996.64
Honda,Accord,sedan,gasoline,automatic,2009,295968,2.5,185,4,0,1,3341.62
Hyundai,Tucson,suv,gasoline,automatic,2016,113812,1.5,308,4,1,5,41429.82
Mercedes,C-Class,sedan,gasoline,automatic,2010,199364,4.3,467,5,0,2,43102.86
BMW,3 Series,sedan,diesel,automatic,2006,296406,4.1,278,5,0,3,20548.22
Chevrolet,Silverado,truck,gasoline,manual,2008,126582,4.9,207,4,0,2,35698.26
Ford,Mustang,coupe,gasoline,automatic,2006,324354,1.9,294,5,0,1,2757.34
Hyundai,Tucson,suv,diesel,automatic,2010,95998,2.5,292,5,0,3,35051.34
BMW,5 Series,sedan,gasoline,automatic,2001,455587,3.6,479,6,0,1,2500.0
Ford,F-150,truck,gasoline,automatic,2016,72645,3.4,247,4,0,4,55414.88
Mercedes,E-Class,sedan,gasoline,automatic,2005,195142,2.4,490,7,1,1,23534.7
Chevrolet,Silverado,truck,gasoline,manual,2022,52689,4.4,236,1,0,5,65309.02
Hyundai,Sonata,sedan,gasoline,automatic,2015,132998,1.6,313,3,0,4,35497.12
Honda,Accord,sedan,gasoline,automatic,2008,254955,5.2,292,5,1,3,10467.08
Toyota,Camry,sedan,hybrid,automatic,2012,229149,4.7,158,3,1,3,10958.1
Toyota,Corolla,sedan,diesel,automatic,2014,74943,3.2,150,3,1,4,38957.86
Tesla,Model S,sedan,electric,automatic,2002,353566,0.0,345,6,1,1,10552.29
Tesla,Model 3,sedan,electric,automatic,2018,80244,0.0,303,3,0,5,78908.25
Toyota,RAV4,suv,gasoline,automatic,2021,33067,4.2,321,2,0,5,66118.55
Toyota,Corolla,sedan,gasoline,automatic,2014,171674,2.9,206,3,0,3,25861.2
Tesla,Model Y,suv,electric,manual,2011,92973,0.0,388,4,0,2,66935.37
Ford,Escape,suv,gasoline,automatic,2026,3583,4.0,168,1,0,5,66083.46
Ford,Escape,suv,gasoline,automatic,2022,38417,4.2,240,1,1,5,53880.86
Toyota,Corolla,sedan,diesel,manual,2001,102225,5.6,315,5,1,1,17142.94
Tesla,Model Y,suv,electric,automatic,2014,102361,0.0,306,4,0,2,65527.48
Toyota,Corolla,sedan,gasoline,automatic,2018,137620,2.1,213,2,0,3,37245.41
Hyundai,Tucson,suv,hybrid,automatic,2006,316997,3.0,167,4,1,1,2500.0
Mercedes,C-Class,sedan,gasoline,automatic,2020,120707,3.7,373,3,0,4,71410.03
Mercedes,C-Class,sedan,gasoline,automatic,2020,29844,3.7,514,2,0,5,82633.69
Honda,Civic,sedan,hybrid,manual,2025,12714,4.5,155,2,0,5,64425.68
Hyundai,Tucson,suv,hybrid,automatic,2024,15376,3.4,252,1,0,5,64381.66
Mercedes,C-Class,sedan,gasoline,automatic,2026,5812,1.7,478,3,0,5,92268.02
Toyota,Corolla,sedan,gasoline,automatic,2010,115243,4.4,262,5,0,4,31510.68
Mercedes,E-Class,sedan,gasoline,automatic,2025,14213,2.1,373,1,0,5,84291.56
Toyota,RAV4,suv,gasoline,automatic,2019,25040,5.2,324,4,1,5,65815.21
Honda,Civic,sedan,hybrid,automatic,2004,354712,5.5,235,4,0,1,2500.0
Hyundai,Elantra,sedan,gasoline,automatic,2000,392332,4.0,284,7,0,1,2500.0
Ford,Mustang,coupe,diesel,automatic,2012,169416,4.8,148,4,0,3,27274.72
Honda,CR-V,suv,gasoline,automatic,2022,51834,1.8,228,2,0,5,54806.06
Hyundai,Elantra,sedan,gasoline,automatic,2025,15478,3.2,120,2,0,5,60763.39
Tesla,Model 3,sedan,electric,automatic,2016,149341,0.0,473,4,0,4,67367.21
Honda,Accord,sedan,gasoline,manual,2001,304029,4.5,274,6,0,1,2500.0
Tesla,Model 3,sedan,electric,automatic,2013,167063,0.0,392,4,1,3,56059.53
Ford,Escape,suv,gasoline,automatic,2002,210626,2.1,149,7,0,1,2500.0
BMW,X5,suv,gasoline,automatic,2011,118258,4.4,489,4,0,3,59141.55
Chevrolet,Malibu,sedan,hybrid,automatic,2019,46179,4.9,122,3,0,4,52602.6
Honda,Civic,sedan,gasoline,automatic,2006,130836,4.1,255,6,0,2,22387.42
Toyota,Corolla,sedan,hybrid,automatic,2005,254667,3.2,134,6,0,1,2500.0
Chevrolet,Silverado,truck,gasoline,automatic,2002,213512,5.4,251,5,0,1,12303.6
Hyundai,Elantra,sedan,gasoline,automatic,2012,222867,3.0,173,4,0,2,12086.23
Honda,CR-V,suv,hybrid,automatic,2017,61939,2.8,122,4,1,3,43842.67
Toyota,Corolla,sedan,gasoline,automatic,2019,91038,3.0,202,3,0,4,48402.89
Hyundai,Tucson,suv,gasoline,automatic,2014,140232,5.4,133,2,0,4,37538.66
Chevrolet,Silverado,truck,gasoline,manual,2024,17306,2.6,213,3,0,4,60742.44
Tesla,Model S,sedan,electric,automatic,2003,255839,0.0,438,6,0,1,34887.68
Toyota,Camry,sedan,hybrid,manual,2011,202407,2.5,198,4,0,2,22874.83
Toyota,RAV4,suv,gasoline,automatic,2019,119684,5.6,309,3,0,5,61551.21
Ford,Escape,suv,gasoline,automatic,2011,70822,2.3,270,3,1,4,38232.86
Ford,Mustang,coupe,hybrid,automatic,2016,146221,4.8,143,3,1,5,43189.77
BMW,3 Series,sedan,hybrid,automatic,2014,153252,5.2,372,4,0,3,56782.76
Hyundai,Tucson,suv,gasoline,automatic,2007,193037,4.9,228,7,0,2,11616.99
Tesla,Model Y,suv,electric,automatic,2020,43660,0.0,435,3,1,4,85224.16
Hyundai,Sonata,sedan,gasoline,automatic,2015,112438,5.7,246,2,0,4,41295.17
Honda,Civic,sedan,gasoline,automatic,2004,280412,4.8,250,4,0,2,6850.22
Ford,Escape,suv,gasoline,automatic,2011,114128,2.3,233,5,0,3,31914.48
Ford,Mustang,coupe,hybrid,automatic,2020,46778,2.3,258,4,0,5,58233.64
Chevrolet,Silverado,truck,diesel,automatic,2018,105224,1.4,237,3,0,4,51055.51
Honda,CR-V,suv,gasoline,automatic,2017,111102,2.3,277,2,0,5,53926.98
BMW,3 Series,sedan,hybrid,automatic,2018,54883,5.1,323,2,1,3,69160.48
BMW,5 Series,sedan,gasoline,automatic,2005,210021,4.3,434,4,0,1,33724.47
Ford,Mustang,coupe,gasoline,automatic,2010,231955,1.6,124,4,1,3,4722.8
Toyota,Camry,sedan,gasoline,manual,2018,84760,2.8,131,3,0,3,41496.66
Chevrolet,Equinox,suv,gasoline,automatic,2021,79124,1.6,162,2,0,5,52406.16
Hyundai,Sonata,sedan,gasoline,automatic,2017,130285,2.7,224,3,0,3,32903.48
Honda,Accord,sedan,hybrid,automatic,2016,107785,1.9,292,1,0,4,49968.12
Ford,Mustang,coupe,gasoline,manual,2013,141640,3.2,325,4,1,4,30529.63
Honda,Civic,sedan,gasoline,automatic,2010,213556,2.8,296,5,0,3,19396.58
BMW,3 Series,sedan,gasoline,automatic,2010,198807,1.6,321,5,0,3,31232.72
Toyota,Camry,sedan,gasoline,automatic,2010,173064,4.0,160,3,1,2,16879.06
Toyota,Corolla,sedan,gasoline,automatic,2009,216092,2.4,273,5,0,2,20275.03
Toyota,Camry,sedan,gasoline,automatic,2000,312376,1.4,321,6,0,1,2500.0
Tesla,Model S,sedan,electric,automatic,2017,94729,0.0,300,3,1,4,69231.31
BMW,3 Series,sedan,gasoline,automatic,2011,159675,2.3,312,4,1,1,32124.66
Mercedes,GLC,suv,hybrid,automatic,2003,175944,4.6,497,6,0,1,42512.83
Toyota,Corolla,sedan,diesel,automatic,2026,6652,2.6,209,2,0,5,63095.25
Tesla,Model 3,sedan,electric,automatic,2020,69324,0.0,496,3,1,4,79014.55
Tesla,Model S,sedan,electric,automatic,2009,314945,0.0,265,5,0,1,29780.15
Toyota,RAV4,suv,gasoline,automatic,2006,45807,2.7,178,6,1,3,27500.92
Toyota,RAV4,suv,gasoline,automatic,2004,176670,5.7,269,4,1,2,18247.87
Honda,Civic,sedan,gasoline,automatic,2002,237824,5.0,201,6,1,1,2500.0
BMW,5 Series,sedan,gasoline,automatic,2002,410607,4.1,478,7,0,1,4060.23
Tesla,Model 3,sedan,electric,automatic,2024,20744,0.0,305,1,0,5,88037.37
Hyundai,Tucson,suv,hybrid,automatic,2016,126160,2.2,161,4,0,3,41709.41
BMW,3 Series,sedan,gasoline,automatic,2015,70029,1.8,352,4,0,4,61909.32
Chevrolet,Silverado,truck,gasoline,automatic,2023,28850,2.2,289,2,1,5,61300.34
Mercedes,GLC,suv,gasoline,automatic,2025,12984,2.5,469,2,1,5,83165.68
Ford,Mustang,coupe,hybrid,automatic,2009,249087,2.3,306,5,0,2,10412.08
Ford,Escape,suv,hybrid,automatic,2016,120188,1.6,225,4,0,3,41612.35
Honda,Civic,sedan,gasoline,automatic,2022,62374,3.7,261,3,1,4,47114.85
Toyota,Camry,sedan,gasoline,automatic,2002,392651,1.5,257,5,1,1,2500.0
Ford,Escape,suv,gasoline,automatic,2008,145106,4.4,244,5,0,2,24328.39
Honda,CR-V,suv,gasoline,automatic,2015,135226,4.6,240,4,1,4,36953.59
Toyota,Corolla,sedan,diesel,automatic,2010,239440,4.6,245,3,0,2,19117.53
Honda,CR-V,suv,gasoline,automatic,2023,19778,1.5,130,2,0,5,56522.23
Ford,Mustang,coupe,gasoline,automatic,2022,47544,2.3,284,2,0,5,60412.95
Ford,Mustang,coupe,gasoline,automatic,2000,253138,3.1,270,6,0,1,2500.0
Toyota,Corolla,sedan,gasoline,automatic,2004,176971,3.1,265,5,0,3,15349.55
Toyota,RAV4,suv,hybrid,automatic,2025,16993,2.0,177,1,0,5,68659.11
Hyundai,Sonata,sedan,hybrid,manual,2015,137461,5.6,162,3,0,3,33190.81
Ford,F-150,truck,gasoline,automatic,2004,296700,3.1,177,5,1,1,2500.0
Ford,Escape,suv,gasoline,automatic,2022,43915,3.3,226,3,0,5,63201.85
Honda,Accord,sedan,hybrid,automatic,2016,86245,5.4,238,4,0,4,44626.65
Chevrolet,Malibu,sedan,gasoline,manual,2000,344201,1.5,151,5,0,1,2500.0
Ford,Mustang,coupe,gasoline,manual,2016,53394,4.4,230,3,0,4,50109.31
Toyota,RAV4,suv,gasoline,automatic,2009,160933,5.0,296,3,1,3,27376.5
Tesla,Model 3,sedan,electric,automatic,2012,124839,0.0,361,5,1,3,48194.79
Hyundai,Tucson,suv,gasoline,automatic,2009,146986,4.1,239,5,1,4,23638.27
Toyota,Camry,sedan,gasoline,automatic,2019,62706,5.0,222,3,1,4,42729.45
Hyundai,Tucson,suv,gasoline,automatic,2003,279993,2.4,328,4,1,1,2500.0
Toyota,Camry,sedan,hybrid,automatic,2009,256137,5.4,180,5,0,3,20436.54
Ford,Escape,suv,hybrid,automatic,2016,134831,3.4,228,2,0,4,46728.17
Toyota,Corolla,sedan,hybrid,automatic,2015,116823,5.7,122,4,0,3,37046.97
Mercedes,C-Class,sedan,gasoline,automatic,2001,373024,1.6,301,5,0,1,2500.0
Honda,Accord,sedan,gasoline,automatic,2013,185521,4.7,284,4,0,2,30762.27
Mercedes,C-Class,sedan,gasoline,automatic,2010,186512,1.4,399,5,0,3,43646.71
Toyota,Camry,sedan,gasoline,automatic,2022,64879,4.3,208,3,0,4,49364.67
Honda,CR-V,suv,gasoline,automatic,2002,184624,3.3,215,5,1,1,2995.61
Toyota,Camry,sedan,hybrid,automatic,2010,173962,3.8,165,4,0,3,20234.22
BMW,5 Series,sedan,hybrid,automatic,2003,377822,4.5,497,6,1,1,16189.04
Mercedes,GLC,suv,gasoline,automatic,2011,258394,5.0,385,3,1,2,42600.68
Toyota,Camry,sedan,gasoline,automatic,2005,389629,1.6,284,6,1,1,2500.0
Ford,Escape,suv,gasoline,automatic,2012,136277,5.6,170,3,1,4,29308.68
Ford,F-150,truck,diesel,automatic,2004,77070,2.8,144,6,0,2,18301.56
Honda,Accord,sedan,gasoline,automatic,2004,130851,3.7,276,6,1,3,13542.48
Honda,Civic,sedan,hybrid,automatic,2026,2726,2.6,209,2,0,5,65466.82
Mercedes,GLC,suv,hybrid,automatic,2004,332256,4.9,430,5,1,2,19848.19
BMW,5 Series,sedan,hybrid,automatic,2009,149259,4.2,438,4,1,1,46391.52
Toyota,Corolla,sedan,gasoline,automatic,2003,354757,1.6,228,5,1,1,2500.0
Honda,Accord,sedan,gasoline,automatic,2005,76468,2.2,239,6,0,3,32932.26
Chevrolet,Silverado,truck,gasoline,automatic,2004,167039,3.2,242,6,1,2,9919.83
Ford,Mustang,coupe,gasoline,automatic,2016,123597,4.0,304,3,1,4,32923.1
Honda,Civic,sedan,hybrid,automatic,2023,28221,4.2,320,2,0,5,66250.43
Tesla,Model Y,suv,electric,manual,2023,37914,0.0,347,2,0,5,96102.66
Ford,F-150,truck,gasoline,automatic,2001,390775,5.7,123,6,1,1,2500.0
Mercedes,GLC,suv,gasoline,automatic,2017,89462,3.1,369,3,0,4,71556.38
BMW,X5,suv,gasoline,automatic,2024,31679,2.8,335,1,0,5,85789.39
Chevrolet,Silverado,truck,gasoline,automatic,2005,210834,5.6,249,6,0,2,14967.13
Toyota,Camry,sedan,gasoline,automatic,2014,202010,5.0,271,3,1,2,19911.26
Ford,Escape,suv,gasoline,automatic,2026,9458,1.7,121,1,1,5,60602.38
Toyota,Camry,sedan,hybrid,manual,2024,26510,1.5,317,1,1,5,61918.53
Hyundai,Sonata,sedan,gasoline,automatic,2009,204388,3.6,158,4,0,2,12562.12
Toyota,Camry,sedan,gasoline,automatic,2017,89420,5.4,259,2,0,4,46311.93
Toyota,RAV4,suv,gasoline,automatic,2006,341270,5.7,286,5,1,1,2500.0
Mercedes,C-Class,sedan,gasoline,manual,2001,383814,4.1,380,7,1,1,4905.9
Ford,Mustang,coupe,gasoline,manual,2007,285621,5.2,285,5,1,1,4902.66
Toyota,RAV4,suv,gasoline,automatic,2006,198790,2.5,172,4,0,3,15689.38
Honda,Civic,sedan,gasoline,automatic,2000,358245,1.9,178,6,0,1,2500.0
Honda,Civic,sedan,gasoline,automatic,2014,123409,2.3,273,3,0,3,35122.41
Chevrolet,Equinox,suv,gasoline,automatic,2019,47167,5.5,197,4,0,4,57213.77
Toyota,Corolla,sedan,gasoline,automatic,2025,7082,3.9,174,2,0,5,67157.81
BMW,3 Series,sedan,gasoline,automatic,2006,227891,1.5,509,6,0,2,34320.46
Ford,Escape,suv,gasoline,automatic,2024,16882,5.7,264,1,0,5,67710.0
Mercedes,C-Class,sedan,hybrid,automatic,2015,116281,3.6,318,3,0,4,63946.93
Honda,Civic,sedan,gasoline,automatic,2010,271189,1.5,322,5,0,2,6793.33
BMW,X5,suv,gasoline,automatic,2023,46127,2.8,348,2,0,5,83741.77
Toyota,RAV4,suv,gasoline,automatic,2012,202962,5.3,268,6,0,2,21458.34
Mercedes,C-Class,sedan,hybrid,automatic,2000,160917,4.3,458,7,1,1,27625.91
Chevrolet,Equinox,suv,gasoline,automatic,2022,48078,1.6,200,3,1,4,49649.31
BMW,X5,suv,hybrid,automatic,2003,341851,2.3,383,6,1,2,15356.87
BMW,5 Series,sedan,gasoline,manual,2009,125476,2.4,279,4,0,2,36432.86
Toyota,Camry,sedan,gasoline,automatic,2008,162758,2.2,135,6,1,1,5263.7
Mercedes,E-Class,sedan,diesel,manual,2002,367756,4.0,376,6,0,1,16286.4
Toyota,Camry,sedan,gasoline,automatic,2013,104633,4.2,167,4,1,4,27257.16
Toyota,Camry,sedan,hybrid,automatic,2020,84729,2.0,303,3,0,4,51040.23
Hyundai,Sonata,sedan,gasoline,automatic,2020,16277,1.4,199,3,0,4,40954.88
Chevrolet,Malibu,sedan,gasoline,automatic,2015,149187,2.9,256,4,0,2,26867.49
Honda,Accord,sedan,hybrid,automatic,2025,14187,1.9,174,1,0,4,64605.73
Hyundai,Elantra,sedan,gasoline,automatic,2010,244196,3.4,308,5,1,2,6948.18
Mercedes,C-Class,sedan,diesel,automatic,2015,74708,4.5,396,3,0,4,71367.5
Mercedes,E-Class,sedan,gasoline,automatic,2002,250659,2.5,352,6,0,1,18928.17
Hyundai,Tucson,suv,gasoline,automatic,2022,37453,4.2,190,2,0,4,62010.14
Toyota,Corolla,sedan,gasoline,automatic,2001,304720,2.9,193,6,0,1,2500.0
Mercedes,E-Class,sedan,gasoline,automatic,2008,202190,3.4,347,5,0,2,35329.15
Toyota,RAV4,suv,gasoline,automatic,2025,12837,3.0,240,1,0,5,71223.95
Toyota,Corolla,sedan,hybrid,automatic,2009,205213,5.4,174,5,0,3,21586.78
Tesla,Model Y,suv,electric,automatic,2007,198455,0.0,508,6,1,2,50319.34
Toyota,RAV4,suv,gasoline,automatic,2018,72580,3.9,261,3,0,4,51176.73
Chevrolet,Equinox,suv,gasoline,automatic,2004,284361,2.6,150,6,0,1,2500.0
Honda,CR-V,suv,gasoline,manual,2003,277727,3.6,234,5,0,2,9270.72
Ford,Mustang,coupe,gasoline,automatic,2025,13816,3.4,214,2,1,5,62640.69
BMW,5 Series,sedan,hybrid,automatic,2016,114772,1.9,459,3,1,4,59197.8
Honda,CR-V,suv,gasoline,automatic,2019,77190,2.7,239,4,0,4,50544.62
Honda,Civic,sedan,gasoline,automatic,2007,183356,5.3,213,5,0,3,20017.38
Honda,CR-V,suv,gasoline,automatic,2001,333745,3.6,308,5,1,1,2500.0
Toyota,Camry,sedan,hybrid,automatic,2002,204688,5.4,241,5,0,2,12164.05
Honda,Civic,sedan,hybrid,automatic,2008,218826,4.1,221,4,0,1,14297.4
Chevrolet,Malibu,sedan,diesel,manual,2008,224039,5.0,123,5,0,2,2500.0
Mercedes,GLC,suv,gasoline,automatic,2009,249034,3.2,428,6,0,2,44156.28
Hyundai,Elantra,sedan,gasoline,manual,2010,144838,4.4,211,3,1,3,22180.82
Honda,Accord,sedan,gasoline,automatic,2022,53935,2.6,217,1,0,5,55115.5
Hyundai,Sonata,sedan,gasoline,manual,2016,118084,5.7,215,2,0,4,48505.97
Hyundai,Tucson,suv,gasoline,manual,2016,115405,2.7,165,4,0,3,34014.6
Ford,Escape,suv,gasoline,manual,2012,195407,5.4,280,3,0,3,29482.69
Ford,Escape,suv,gasoline,automatic,2000,167434,4.3,134,7,1,1,2500.0
Ford,Escape,suv,hybrid,automatic,2018,63590,1.5,321,3,1,5,56328.13
Hyundai,Sonata,sedan,gasoline,automatic,2023,20815,5.7,324,3,0,5,65128.42
Chevrolet,Malibu,sedan,gasoline,automatic,2022,44919,1.9,308,2,0,5,59279.6
Honda,CR-V,suv,hybrid,automatic,2017,114505,3.7,208,4,0,5,49848.37
Honda,Civic,sedan,gasoline,automatic,2019,104134,3.4,175,2,0,4,41469.71
Tesla,Model S,sedan,electric,automatic,2026,2423,0.0,518,1,0,5,99511.11
BMW,5 Series,sedan,hybrid,automatic,2017,68116,3.1,410,2,0,5,72444.49
Honda,CR-V,suv,gasoline,automatic,2008,157642,2.5,207,5,0,2,23703.7
Toyota,Corolla,sedan,gasoline,automatic,2023,28301,3.2,276,3,1,5,59464.39
Honda,Civic,sedan,gasoline,manual,2021,79752,2.6,280,1,0,4,51690.87
Honda,Civic,sedan,gasoline,automatic,2017,120923,3.7,311,3,0,4,45646.3
Hyundai,Elantra,sedan,gasoline,automatic,2026,2080,2.7,135,2,0,5,61178.83
BMW,5 Series,sedan,hybrid,automatic,2012,107847,4.4,330,3,0,4,56519.2
Hyundai,Sonata,sedan,gasoline,automatic,2001,455096,3.6,301,7,1,1,2500.0
Hyundai,Tucson,suv,hybrid,automatic,2015,187116,5.1,272,3,0,2,31979.21
Tesla,Model 3,sedan,electric,automatic,2007,193927,0.0,307,5,1,2,31651.73
Tesla,Model S,sedan,electric,automatic,2023,36473,0.0,297,1,0,5,91951.89
BMW,X5,suv,gasoline,automatic,2009,155604,4.8,288,6,0,1,35000.15
Toyota,RAV4,suv,gasoline,automatic,2023,28544,2.9,222,1,0,5,66444.51
BMW,3 Series,sedan,gasoline,manual,2017,104014,2.9,268,2,0,4,60927.27
Honda,Accord,sedan,gasoline,manual,2010,192989,4.0,239,3,0,3,27324.93
Mercedes,GLC,suv,hybrid,automatic,2001,372444,5.3,327,5,0,1,18670.03
Tesla,Model S,sedan,electric,automatic,2011,252726,0.0,432,5,0,3,49360.84
Chevrolet,Silverado,truck,gasoline,automatic,2007,215939,3.5,248,6,0,2,14842.63
Toyota,Corolla,sedan,gasoline,automatic,2015,118578,2.9,280,5,1,3,32080.9
Hyundai,Elantra,sedan,hybrid,automatic,2022,66821,5.1,120,2,0,5,53852.3
Toyota,RAV4,suv,hybrid,automatic,2006,333302,3.2,208,5,1,1,2500.0
Tesla,Model 3,sedan,electric,automatic,2000,438753,0.0,362,7,1,1,2500.0
Ford,F-150,truck,diesel,automatic,2011,251671,3.3,178,3,0,1,18587.45
Hyundai,Elantra,sedan,gasoline,automatic,2017,94207,3.3,196,3,0,4,30807.31
Mercedes,GLC,suv,gasoline,automatic,2009,203000,1.8,511,5,0,3,52616.13
Toyota,Corolla,sedan,gasoline,automatic,2009,225405,3.6,257,5,1,2,3566.53
Toyota,Corolla,sedan,diesel,automatic,2020,54365,1.7,325,3,0,4,56854.57
Chevrolet,Silverado,truck,gasoline,automatic,2013,95903,4.3,269,3,0,4,48762.61
Mercedes,C-Class,sedan,gasoline,automatic,2003,238127,4.1,472,7,0,1,23212.07
Tesla,Model Y,suv,electric,automatic,2019,104216,0.0,481,2,0,5,89063.74
Honda,CR-V,suv,hybrid,automatic,2012,285701,3.8,173,3,0,2,12891.97
Honda,CR-V,suv,gasoline,automatic,2017,130024,5.6,158,1,0,4,49432.53
Hyundai,Tucson,suv,hybrid,automatic,2026,11461,1.8,128,1,0,5,74268.07
Tesla,Model Y,suv,electric,automatic,2001,368383,0.0,452,6,1,1,21948.84
Ford,Escape,suv,gasoline,automatic,2004,268626,4.6,137,5,0,1,4470.81
Toyota,RAV4,suv,gasoline,manual,2016,79194,2.2,224,4,0,4,49497.91
Ford,Mustang,coupe,gasoline,automatic,2005,292215,3.0,186,6,1,2,2500.0
Toyota,Camry,sedan,diesel,automatic,2003,243787,2.0,213,7,0,1,2500.0
BMW,3 Series,sedan,hybrid,automatic,2023,46577,5.1,438,1,0,5,94018.34
Tesla,Model 3,sedan,electric,manual,2022,61660,0.0,281,3,0,4,79458.02
Tesla,Model S,sedan,electric,manual,2009,212969,0.0,489,4,0,2,48375.13
Ford,F-150,truck,gasoline,manual,2016,134964,4.3,171,4,0,4,39791.27
Ford,F-150,truck,gasoline,automatic,2014,112619,4.3,205,5,0,3,44958.77
Honda,CR-V,suv,gasoline,automatic,2023,53775,4.9,247,2,0,4,61009.48
Chevrolet,Silverado,truck,gasoline,automatic,2013,31648,3.5,182,3,0,4,49923.7
Mercedes,C-Class,sedan,gasoline,automatic,2009,23281,3.6,400,6,1,4,59995.29
Mercedes,E-Class,sedan,gasoline,automatic,2002,376732,4.5,386,7,0,1,11110.4
Mercedes,GLC,suv,gasoline,manual,2003,354387,3.8,316,6,0,1,19769.84
Tesla,Model 3,sedan,electric,automatic,2023,29678,0.0,413,2,0,5,92485.31
Ford,Mustang,coupe,gasoline,automatic,2016,127340,4.0,150,3,0,3,40736.3
Chevrolet,Malibu,sedan,gasoline,manual,2002,384870,4.1,168,6,0,1,2500.0
Ford,Escape,suv,gasoline,automatic,2013,230507,4.3,120,4,0,3,19308.75
Ford,Mustang,coupe,diesel,automatic,2016,170680,5.5,310,3,1,4,42218.3
Ford,Escape,suv,gasoline,automatic,2021,79092,5.6,326,3,1,4,56355.04
Toyota,Corolla,sedan,gasoline,automatic,2025,13158,1.6,202,2,0,5,64039.85
Ford,Mustang,coupe,gasoline,automatic,2006,166537,3.2,138,6,0,2,15300.24
Toyota,Camry,sedan,hybrid,automatic,2008,101560,3.4,327,6,1,2,25980.29
Toyota,Camry,sedan,gasoline,manual,2008,324947,3.3,144,5,1,1,2500.0
Honda,Accord,sedan,gasoline,automatic,2024,24565,1.7,149,1,0,5,57391.46
Honda,CR-V,suv,gasoline,manual,2020,73076,2.2,264,2,0,4,54996.56
Ford,F-150,truck,gasoline,manual,2020,123730,1.4,249,1,0,3,52447.33
Toyota,Corolla,sedan,gasoline,automatic,2017,80591,1.6,304,2,0,5,52478.81
Hyundai,Elantra,sedan,hybrid,automatic,2017,93524,4.5,221,2,0,3,41909.88
Honda,CR-V,suv,gasoline,automatic,2015,164121,4.4,306,4,0,3,37163.67
Mercedes,GLC,suv,gasoline,automatic,2000,446765,4.5,455,6,0,1,12237.33
Mercedes,C-Class,sedan,gasoline,manual,2001,366853,2.4,488,7,0,1,11586.06
Ford,Mustang,coupe,gasoline,automatic,2007,295804,1.9,182,5,1,3,2500.0
Tesla,Model S,sedan,electric,automatic,2012,230304,0.0,509,4,0,2,45220.49
Ford,Escape,suv,gasoline,automatic,2006,267473,5.6,243,7,0,1,5549.85
Toyota,Corolla,sedan,hybrid,manual,2012,205269,5.5,266,4,1,2,23920.09
Hyundai,Tucson,suv,hybrid,automatic,2015,120410,4.1,238,4,0,4,40971.06
Toyota,Camry,sedan,hybrid,automatic,2020,55290,5.0,164,2,0,5,53102.87
Toyota,RAV4,suv,gasoline,automatic,2025,15742,2.7,316,3,0,5,76627.28
Ford,Mustang,coupe,hybrid,automatic,2015,104982,4.1,147,4,0,4,38158.99
Hyundai,Sonata,sedan,hybrid,automatic,2019,20808,2.3,196,4,1,4,41784.85
Honda,Civic,sedan,gasoline,automatic,2008,198712,5.3,261,5,1,1,8466.5
Mercedes,C-Class,sedan,gasoline,automatic,2020,88011,3.9,403,1,0,5,80627.15
BMW,X5,suv,gasoline,automatic,2007,286202,3.7,354,5,1,2,24714.54
Toyota,Camry,sedan,hybrid,manual,2013,155794,4.8,229,3,0,3,36431.99
Chevrolet,Silverado,truck,diesel,automatic,2026,19279,4.2,186,1,1,5,60738.98
Ford,Mustang,coupe,hybrid,manual,2019,78258,2.4,324,3,0,5,56298.87
Ford,F-150,truck,gasoline,automatic,2001,338454,1.9,301,6,0,1,2500.0
Honda,CR-V,suv,gasoline,automatic,2021,39483,2.5,206,4,0,5,60179.97
Toyota,RAV4,suv,gasoline,automatic,2018,126803,3.9,308,4,0,3,48562.21
Hyundai,Sonata,sedan,hybrid,automatic,2019,53907,5.5,251,2,0,5,63929.16
Chevrolet,Malibu,sedan,gasoline,automatic,2025,18373,1.6,207,1,0,5,63414.93
Honda,CR-V,suv,hybrid,automatic,2014,111572,3.9,237,4,1,3,33383.93
Chevrolet,Equinox,suv,gasoline,manual,2012,212491,4.3,145,4,0,3,17944.36
Honda,Accord,sedan,hybrid,automatic,2024,15653,1.7,213,1,0,5,59633.97
Toyota,Camry,sedan,gasoline,automatic,2026,6591,2.4,277,1,0,5,64961.03
Toyota,RAV4,suv,gasoline,automatic,2012,129528,4.0,293,3,1,4,35442.83
Hyundai,Sonata,sedan,gasoline,automatic,2018,67404,4.6,315,3,0,4,47704.46
Hyundai,Elantra,sedan,hybrid,automatic,2023,19022,5.0,236,2,0,5,64230.56
Chevrolet,Malibu,sedan,hybrid,automatic,2007,137761,5.4,259,6,1,3,16753.12
Toyota,RAV4,suv,gasoline,automatic,2016,146011,3.8,196,4,0,3,33198.66
Tesla,Model S,sedan,electric,automatic,2001,395844,0.0,357,6,0,1,13267.67
Hyundai,Sonata,sedan,hybrid,automatic,2012,296242,1.6,218,4,0,2,9736.93
Mercedes,C-Class,sedan,hybrid,manual,2023,41988,4.8,425,2,0,5,92302.0
Honda,Accord,sedan,gasoline,automatic,2002,260553,5.2,212,7,0,1,2500.0
Honda,Accord,sedan,gasoline,automatic,2006,422101,2.1,208,7,0,1,2500.0
Honda,CR-V,suv,gasoline,automatic,2024,23145,3.9,258,2,0,5,69587.02
Ford,F-150,truck,gasoline,automatic,2023,24777,4.3,153,2,0,5,62664.62
Toyota,RAV4,suv,diesel,manual,2025,15231,2.4,151,1,0,5,64163.82
Ford,Mustang,coupe,gasoline,automatic,2008,106854,3.8,268,5,0,2,28536.24
Tesla,Model Y,suv,electric,automatic,2019,108084,0.0,305,2,1,5,75503.74
Mercedes,C-Class,sedan,gasoline,automatic,2013,109008,5.7,359,4,1,4,56991.5
Hyundai,Sonata,sedan,gasoline,manual,2021,53314,4.9,307,2,0,4,66955.91
Honda,Accord,sedan,hybrid,automatic,2016,62712,2.1,187,3,0,3,45302.82
Honda,CR-V,suv,gasoline,manual,2025,13080,4.5,151,1,0,5,65470.66
Toyota,Camry,sedan,gasoline,automatic,2022,36330,3.6,304,2,0,4,61858.71
Chevrolet,Equinox,suv,gasoline,automatic,2025,18903,3.9,216,2,1,5,67681.54
Ford,F-150,truck,hybrid,automatic,2010,202164,2.4,278,4,1,2,19744.43
Tesla,Model 3,sedan,electric,automatic,2008,187796,0.0,343,5,1,1,33868.73
Tesla,Model S,sedan,electric,automatic,2009,147256,0.0,485,5,0,3,58989.96
Hyundai,Sonata,sedan,gasoline,automatic,2004,230046,4.8,284,6,0,2,9773.11
Ford,Escape,suv,gasoline,automatic,2001,281868,2.1,123,7,1,1,2500.0
Chevrolet,Equinox,suv,gasoline,automatic,2020,69096,1.5,231,2,0,4,54123.57
Mercedes,GLC,suv,gasoline,automatic,2024,23773,1.8,441,2,0,5,90796.71
Ford,Escape,suv,diesel,automatic,2013,151103,5.4,244,4,0,4,40034.85
Chevrolet,Malibu,sedan,gasoline,automatic,2006,94805,4.7,295,7,1,2,25465.89
Mercedes,C-Class,sedan,hybrid,automatic,2022,48390,1.8,318,3,0,5,81702.4
Ford,F-150,truck,gasoline,automatic,2011,161225,5.2,272,4,0,3,32794.99
Chevrolet,Equinox,suv,gasoline,automatic,2014,213547,5.4,274,3,0,2,27779.1
Ford,Mustang,coupe,gasoline,automatic,2003,184598,4.6,179,6,0,2,10318.81
Honda,CR-V,suv,hybrid,automatic,2000,252480,3.1,295,6,0,1,6705.96
Hyundai,Sonata,sedan,gasoline,automatic,2000,441301,2.3,259,7,0,1,2500.0
Toyota,RAV4,suv,gasoline,automatic,2014,219143,3.6,216,5,1,3,22890.48
BMW,X5,suv,gasoline,automatic,2018,57709,3.6,367,3,1,5,73610.25
Mercedes,E-Class,sedan,gasoline,automatic,2016,36717,1.4,392,3,1,4,64862.03
Honda,Civic,sedan,gasoline,automatic,2008,172882,4.7,294,5,0,2,28265.33
Honda,Accord,sedan,gasoline,automatic,2002,262486,4.1,282,5,1,1,2500.0
Hyundai,Sonata,sedan,gasoline,automatic,2009,235233,4.5,218,6,0,1,2687.1
Honda,CR-V,suv,gasoline,automatic,2008,294342,2.5,234,3,0,2,11397.59
Toyota,Corolla,sedan,gasoline,automatic,2007,273791,5.2,249,5,0,2,7738.17
Hyundai,Sonata,sedan,gasoline,automatic,2011,242300,5.2,183,5,0,2,11296.92
Honda,Civic,sedan,gasoline,automatic,2014,146316,3.9,205,5,0,4,27568.89
Mercedes,GLC,suv,diesel,automatic,2018,112319,5.3,384,1,1,4,69090.96
Toyota,RAV4,suv,gasoline,automatic,2001,283546,5.1,247,7,0,2,2500.0
Ford,Mustang,coupe,gasoline,automatic,2025,20872,3.9,301,1,0,5,66319.31
BMW,X5,suv,gasoline,manual,2006,94756,3.0,275,5,1,3,43348.52
Chevrolet,Malibu,sedan,gasoline,automatic,2001,319765,1.8,168,7,1,1,2500.0
BMW,5 Series,sedan,hybrid,automatic,2004,177747,3.9,426,5,1,2,41494.61
Mercedes,GLC,suv,gasoline,automatic,2006,161932,2.5,288,4,0,2,37508.93
BMW,5 Series,sedan,gasoline,automatic,2007,276323,3.1,286,6,0,1,24578.98
BMW,5 Series,sedan,hybrid,automatic,2010,249246,4.3,288,4,1,3,32529.16
Honda,Accord,sedan,gasoline,automatic,2004,210680,2.6,176,7,1,1,2500.0
Honda,Accord,sedan,gasoline,automatic,2009,176205,5.4,301,4,1,2,23025.44
Honda,Accord,sedan,gasoline,automatic,2001,270120,2.3,151,7,1,1,2500.0
Toyota,Corolla,sedan,gasoline,automatic,2024,17071,1.9,271,1,0,5,59952.49
Honda,Accord,sedan,hybrid,automatic,2003,364787,5.4,239,6,1,2,2500.0
Mercedes,C-Class,sedan,gasoline,automatic,2013,113418,2.8,513,4,1,3,57327.22
Ford,F-150,truck,hybrid,automatic,2014,170263,5.1,125,4,0,3,31482.96
Hyundai,Sonata,sedan,gasoline,automatic,2005,281860,4.4,130,5,0,2,2500.0
Toyota,Corolla,sedan,hybrid,automatic,2011,231803,3.8,247,3,0,3,24019.16
Toyota,Corolla,sedan,gasoline,automatic,2002,189731,3.4,198,6,1,1,2500.0
Mercedes,GLC,suv,gasoline,automatic,2010,292683,2.5,483,3,1,2,30333.12
Mercedes,E-Class,sedan,gasoline,automatic,2014,140695,2.3,442,4,0,4,59930.85
BMW,3 Series,sedan,gasoline,automatic,2013,76064,4.5,469,4,0,4,65940.81
Honda,Civic,sedan,gasoline,automatic,2012,132390,2.2,227,4,1,4,23256.25
Hyundai,Sonata,sedan,gasoline,automatic,2021,74169,4.4,288,3,0,4,53547.31
Hyundai,Sonata,sedan,diesel,automatic,2022,56801,3.8,293,2,0,5,59151.73
Mercedes,C-Class,sedan,gasoline,automatic,2020,92107,4.4,292,4,1,4,58853.85
Hyundai,Sonata,sedan,gasoline,automatic,2001,261340,5.0,165,6,1,1,2500.0
Toyota,Corolla,sedan,gasoline,automatic,2014,115728,2.2,212,3,0,4,33634.23
Tesla,Model S,sedan,electric,automatic,2002,243279,0.0,489,7,0,1,36163.07
Chevrolet,Silverado,truck,gasoline,automatic,2015,150077,5.6,202,3,0,5,43466.59
Ford,Escape,suv,gasoline,manual,2000,238678,3.9,309,5,1,1,2500.0
Toyota,RAV4,suv,gasoline,automatic,2021,87135,2.4,208,3,0,5,50532.18
BMW,X5,suv,gasoline,automatic,2017,122539,5.2,400,3,0,4,68678.97
Ford,Escape,suv,gasoline,manual,2005,282599,5.5,201,5,0,1,3372.4
Ford,Mustang,coupe,hybrid,automatic,2022,49321,5.7,305,1,0,5,70255.16
BMW,5 Series,sedan,hybrid,automatic,2004,165909,2.7,414,6,1,2,33383.17
Honda,CR-V,suv,diesel,automatic,2013,185581,3.6,302,4,0,3,31316.28
Hyundai,Elantra,sedan,gasoline,automatic,2017,103231,4.3,224,3,1,4,33918.91
Mercedes,GLC,suv,gasoline,automatic,2008,304939,2.0,514,4,1,1,33268.13
Hyundai,Sonata,sedan,gasoline,automatic,2011,221187,5.5,320,5,1,2,12670.72
Toyota,Corolla,sedan,diesel,manual,2009,204591,5.6,329,6,1,2,13512.86
Tesla,Model 3,sedan,electric,automatic,2019,103980,0.0,270,1,0,5,76259.15
Chevrolet,Equinox,suv,gasoline,manual,2011,220884,1.5,261,4,0,2,18877.8
BMW,3 Series,sedan,gasoline,manual,2005,300638,5.5,354,6,1,2,14514.21
Honda,Civic,sedan,gasoline,automatic,2026,13032,2.7,239,1,0,5,70688.51
BMW,X5,suv,hybrid,automatic,2002,204940,1.6,481,6,1,1,25501.63
Honda,Accord,sedan,gasoline,automatic,2022,62133,5.6,121,2,0,5,52557.17
Tesla,Model Y,suv,electric,automatic,2022,40309,0.0,274,2,0,5,90469.93
Mercedes,C-Class,sedan,hybrid,automatic,2013,225807,3.5,386,3,0,2,45067.65
Chevrolet,Malibu,sedan,gasoline,automatic,2013,86831,5.3,301,5,0,4,41183.97
Tesla,Model Y,suv,electric,automatic,2003,339258,0.0,413,5,0,1,32057.82
Chevrolet,Equinox,suv,gasoline,automatic,2005,245057,4.7,227,5,0,1,2500.0
Chevrolet,Malibu,sedan,hybrid,automatic,2000,288714,1.6,227,7,0,1,2500.0
Ford,Escape,suv,gasoline,manual,2022,46424,4.2,257,1,0,5,68255.88
Mercedes,GLC,suv,gasoline,automatic,2010,91157,4.9,324,4,0,3,61246.58
Chevrolet,Silverado,truck,gasoline,automatic,2024,26306,1.6,162,1,0,5,63097.33
Honda,CR-V,suv,hybrid,automatic,2026,15803,5.5,174,1,0,5,77109.88
Toyota,RAV4,suv,gasoline,manual,2009,249209,2.1,152,4,0,2,13178.17
Tesla,Model 3,sedan,electric,automatic,2003,335300,0.0,294,5,0,1,18422.37
BMW,5 Series,sedan,gasoline,automatic,2010,185207,4.5,395,4,1,2,33938.76
Mercedes,E-Class,sedan,gasoline,automatic,2009,304245,3.6,376,2,0,3,37835.76
Honda,Civic,sedan,gasoline,automatic,2004,191510,5.5,269,5,0,1,8950.07
Honda,CR-V,suv,gasoline,automatic,2015,47130,4.4,177,4,0,4,45590.55
Toyota,RAV4,suv,gasoline,automatic,2000,322182,3.0,244,5,0,1,2500.0
Hyundai,Tucson,suv,gasoline,automatic,2013,125021,2.0,239,3,1,4,34858.94
Ford,Mustang,coupe,gasoline,automatic,2017,119961,3.3,229,2,0,4,42490.09
Tesla,Model 3,sedan,electric,manual,2001,182186,0.0,261,7,0,1,28068.7
Toyota,Corolla,sedan,gasoline,automatic,2011,185453,2.9,199,3,1,3,19208.12
Hyundai,Tucson,suv,gasoline,automatic,2004,367348,3.1,201,4,0,1,2500.0
Ford,Mustang,coupe,gasoline,automatic,2009,279355,4.9,130,5,0,1,2500.0
Mercedes,GLC,suv,gasoline,automatic,2025,15220,5.2,518,2,0,5,101796.07
BMW,5 Series,sedan,gasoline,automatic,2022,19132,3.6,353,2,1,5,74726.56
Chevrolet,Silverado,truck,gasoline,automatic,2007,155060,4.9,318,6,1,3,20854.88
Ford,F-150,truck,hybrid,manual,2026,13000,3.1,149,2,0,5,69247.9
BMW,5 Series,sedan,gasoline,automatic,2006,265087,3.8,295,5,0,1,21826.46
Honda,Accord,sedan,gasoline,automatic,2025,13934,2.4,285,2,0,5,62919.4
Ford,Escape,suv,gasoline,automatic,2009,114901,3.9,208,5,1,3,28261.77
Honda,Accord,sedan,hybrid,automatic,2020,63976,3.4,175,3,1,4,49269.07
Ford,F-150,truck,hybrid,automatic,2009,263581,5.1,281,4,0,2,14107.84
BMW,3 Series,sedan,gasoline,automatic,2015,149249,5.2,468,3,0,4,62873.03
Chevrolet,Equinox,suv,gasoline,automatic,2021,79081,4.6,148,3,0,5,53832.7
BMW,3 Series,sedan,gasoline,automatic,2012,153707,3.0,321,4,0,3,44496.75
Honda,Accord,sedan,gasoline,automatic,2023,37043,3.7,132,2,1,5,56035.7
Honda,Civic,sedan,gasoline,automatic,2012,235960,5.5,238,3,0,3,26388.54
Toyota,Corolla,sedan,diesel,automatic,2004,208904,3.5,219,7,1,1,2500.0
Honda,Civic,sedan,gasoline,automatic,2011,28223,3.2,173,5,0,4,37090.48
Chevrolet,Equinox,suv,gasoline,automatic,2007,358768,1.5,327,4,1,2,2500.0
BMW,X5,suv,gasoline,manual,2004,256755,5.6,300,5,1,2,23368.55
Ford,F-150,truck,gasoline,automatic,2015,96738,2.2,253,3,0,4,42854.48
Honda,Accord,sedan,hybrid,automatic,2021,57639,5.2,122,1,1,4,52157.41
Toyota,Corolla,sedan,gasoline,automatic,2011,133831,3.6,289,4,1,3,31556.03
Honda,CR-V,suv,gasoline,automatic,2000,239516,4.7,303,6,0,2,13501.79
Tesla,Model 3,sedan,electric,automatic,2017,126729,0.0,381,3,0,4,75465.28
BMW,3 Series,sedan,gasoline,automatic,2026,20089,5.5,431,1,0,5,96087.6
BMW,5 Series,sedan,gasoline,automatic,2015,155335,4.7,468,3,0,4,55547.56
Toyota,Camry,sedan,gasoline,automatic,2020,45452,3.0,277,4,0,4,44402.32
Honda,Accord,sedan,gasoline,manual,2025,10005,3.7,223,2,1,5,62511.55
BMW,X5,suv,gasoline,automatic,2025,11623,2.8,396,2,0,5,88282.44
Honda,Civic,sedan,gasoline,automatic,2009,20150,2.8,298,5,0,4,48625.6
Honda,CR-V,suv,gasoline,automatic,2004,183942,3.6,178,5,0,1,13961.01
Tesla,Model 3,sedan,electric,automatic,2010,277960,0.0,460,4,0,1,40585.61
Honda,CR-V,suv,gasoline,manual,2008,202244,5.0,215,4,1,2,14918.11
Toyota,Camry,sedan,gasoline,automatic,2014,123176,3.5,266,2,0,4,44620.87
Mercedes,GLC,suv,gasoline,automatic,2006,208870,4.2,403,5,0,1,36448.79
Hyundai,Tucson,suv,gasoline,automatic,2005,239623,4.7,291,5,1,2,10251.45
Mercedes,C-Class,sedan,gasoline,automatic,2007,246007,5.4,318,4,0,3,31464.97
BMW,3 Series,sedan,hybrid,automatic,2012,212449,4.9,399,3,1,4,46824.38
BMW,X5,suv,hybrid,automatic,2001,193490,1.8,318,5,0,3,34545.47
Honda,CR-V,suv,gasoline,automatic,2022,43532,3.6,206,1,0,4,58429.77
Ford,F-150,truck,gasoline,manual,2008,157646,2.5,234,5,1,3,17075.4
Hyundai,Tucson,suv,gasoline,automatic,2006,234082,2.8,231,5,1,2,5630.06
Hyundai,Tucson,suv,diesel,automatic,2024,26347,4.4,317,2,0,4,64845.35
Tesla,Model S,sedan,electric,automatic,2012,210462,0.0,422,5,0,3,54690.0
Ford,Escape,suv,gasoline,automatic,2019,74616,1.8,245,3,0,5,47282.61
Hyundai,Elantra,sedan,gasoline,automatic,2011,296291,3.2,175,3,1,3,2500.0
Hyundai,Tucson,suv,gasoline,automatic,2026,19437,2.9,231,1,1,5,64908.46
Toyota,Corolla,sedan,gasoline,automatic,2016,128603,4.4,299,3,0,3,35352.46
Chevrolet,Equinox,suv,gasoline,automatic,2008,187445,4.4,157,6,1,2,11989.05
Honda,Accord,sedan,gasoline,automatic,2009,227279,2.4,253,5,0,2,12940.49
BMW,3 Series,sedan,gasoline,automatic,2004,202756,3.2,293,5,0,1,26169.86
Ford,Mustang,coupe,gasoline,automatic,2008,110011,5.2,306,5,1,2,24839.55
BMW,3 Series,sedan,gasoline,automatic,2013,184663,2.0,473,3,0,3,52809.99
BMW,5 Series,sedan,gasoline,manual,2007,239574,5.4,281,5,0,2,24117.72
Honda,CR-V,suv,gasoline,automatic,2009,142957,2.6,230,6,0,2,19316.21
Honda,Civic,sedan,gasoline,automatic,2014,190142,4.0,191,4,1,4,26185.83
Toyota,Corolla,sedan,gasoline,automatic,2025,20576,3.9,233,1,0,5,65919.1
Honda,CR-V,suv,gasoline,automatic,2007,165173,5.1,302,4,0,2,24600.74
Tesla,Model Y,suv,electric,automatic,2002,228391,0.0,417,5,1,2,34963.71
Ford,Escape,suv,hybrid,automatic,2004,172020,1.5,250,4,0,3,20757.7
Toyota,Corolla,sedan,gasoline,automatic,2003,140868,5.7,254,7,0,2,15878.36
Tesla,Model Y,suv,electric,manual,2013,169877,0.0,442,5,0,4,72282.46
Honda,Accord,sedan,gasoline,automatic,2013,202825,3.6,252,4,1,3,16851.19
Honda,CR-V,suv,gasoline,automatic,2013,169860,4.3,304,4,0,3,28449.41
Toyota,Corolla,sedan,diesel,automatic,2004,294338,4.6,233,6,1,1,2500.0
Chevrolet,Malibu,sedan,gasoline,automatic,2007,309336,3.6,198,6,1,1,2500.0
Honda,Accord,sedan,gasoline,automatic,2007,65108,2.9,264,5,1,2,21825.71
Toyota,Camry,sedan,gasoline,automatic,2002,222247,4.0,256,6,1,1,2500.0
Honda,Accord,sedan,gasoline,automatic,2013,135069,1.8,200,4,0,3,33363.69
Honda,CR-V,suv,diesel,automatic,2025,21184,3.8,295,1,0,5,74481.61
Toyota,RAV4,suv,gasoline,automatic,2017,141695,5.7,307,2,0,3,49002.55
Toyota,Corolla,sedan,gasoline,automatic,2000,308919,3.9,297,7,0,2,2500.0
Ford,F-150,truck,gasoline,automatic,2021,75113,5.1,146,1,0,4,53855.78
BMW,5 Series,sedan,gasoline,manual,2016,77544,2.4,287,4,0,4,66272.19
Mercedes,C-Class,sedan,gasoline,automatic,2003,248857,4.7,350,7,0,2,24206.69
BMW,3 Series,sedan,gasoline,automatic,2017,97844,3.2,502,3,0,3,64841.72
Chevrolet,Equinox,suv,hybrid,automatic,2007,151894,2.9,160,5,1,2,13381.23
Honda,Accord,sedan,hybrid,automatic,2021,58161,5.2,221,3,0,5,59769.21
Toyota,Corolla,sedan,gasoline,automatic,2015,146669,2.5,214,3,1,4,29500.54
BMW,X5,suv,gasoline,automatic,2010,148970,5.5,315,5,0,3,48327.46
Hyundai,Tucson,suv,gasoline,automatic,2023,59621,2.9,217,1,0,5,56227.14
Ford,Mustang,coupe,gasoline,manual,2001,392100,5.6,222,6,1,1,2500.0
Ford,Escape,suv,hybrid,automatic,2020,49376,3.4,193,4,0,5,59956.85
Ford,Escape,suv,gasoline,automatic,2007,248384,4.9,246,5,0,1,7299.96
BMW,3 Series,sedan,hybrid,manual,2019,80927,5.0,379,4,0,5,70365.14
Tesla,Model 3,sedan,electric,automatic,2002,223760,0.0,466,6,0,1,36609.62
Chevrolet,Malibu,sedan,gasoline,automatic,2012,165802,2.3,174,5,0,3,14689.59
Mercedes,C-Class,sedan,hybrid,automatic,2021,82121,1.5,496,4,0,5,80837.0
Ford,F-150,truck,gasoline,automatic,2018,90156,3.8,164,3,0,4,47110.45
BMW,X5,suv,gasoline,automatic,2008,210924,5.5,381,5,0,4,52794.0
BMW,3 Series,sedan,gasoline,automatic,2010,218760,4.3,337,4,0,2,32957.07
BMW,5 Series,sedan,hybrid,automatic,2006,293691,1.8,410,5,1,1,14303.75
Honda,Civic,sedan,gasoline,automatic,2025,11894,2.9,261,2,1,5,59329.69
Ford,Escape,suv,gasoline,automatic,2005,384935,5.5,328,5,1,1,2500.0
Mercedes,C-Class,sedan,hybrid,automatic,2026,14089,2.7,386,2,0,5,88218.66
Honda,Accord,sedan,gasoline,automatic,2010,98846,4.6,256,3,1,4,33300.85
Toyota,Corolla,sedan,gasoline,automatic,2016,128567,2.1,163,2,1,4,29042.71
Honda,CR-V,suv,gasoline,automatic,2000,268029,1.4,289,7,1,1,2500.0
Hyundai,Tucson,suv,hybrid,automatic,2025,7195,2.4,270,2,0,5,70437.91
Honda,Civic,sedan,gasoline,automatic,2015,135011,4.1,189,4,0,5,36236.81
Ford,Mustang,coupe,diesel,automatic,2002,353242,2.9,328,5,1,1,2500.0
Honda,Accord,sedan,gasoline,automatic,2014,113207,3.2,121,4,0,3,31070.7
Ford,Mustang,coupe,gasoline,automatic,2014,165216,4.5,191,4,0,3,29879.59
Chevrolet,Malibu,sedan,gasoline,automatic,2019,53865,3.6,220,2,1,4,41508.65
Toyota,RAV4,suv,gasoline,automatic,2016,131773,4.9,213,3,0,4,44012.74
Ford,F-150,truck,diesel,automatic,2009,208244,3.7,250,5,1,1,19993.61
Toyota,RAV4,suv,gasoline,automatic,2020,104673,5.4,297,1,1,5,50088.81
Tesla,Model S,sedan,electric,automatic,2023,35531,0.0,429,1,1,5,87690.86
Honda,CR-V,suv,hybrid,automatic,2002,215062,5.2,161,5,0,1,5239.02
Hyundai,Sonata,sedan,gasoline,automatic,2012,169838,1.8,179,3,0,2,17540.67
Toyota,RAV4,suv,gasoline,automatic,2009,227420,2.5,189,5,0,3,14778.25
Ford,Escape,suv,gasoline,automatic,2016,98736,3.4,282,2,0,4,50256.69
Hyundai,Sonata,sedan,gasoline,automatic,2007,121158,5.0,120,5,1,2,15946.64
Toyota,Corolla,sedan,hybrid,manual,2014,210901,3.6,281,4,0,2,25641.74
Ford,Escape,suv,diesel,automatic,2008,241888,1.7,177,5,0,1,9204.14
Ford,Mustang,coupe,hybrid,automatic,2009,265644,5.0,135,4,1,2,6538.28
Tesla,Model 3,sedan,electric,automatic,2026,16756,0.0,424,1,0,5,96972.85
Toyota,Camry,sedan,gasoline,automatic,2013,188768,5.1,290,3,0,3,27595.56
Tesla,Model 3,sedan,electric,automatic,2024,12387,0.0,424,1,0,5,102615.94
Toyota,RAV4,suv,gasoline,automatic,2011,143307,4.8,227,3,0,3,35282.51
BMW,5 Series,sedan,gasoline,automatic,2013,149879,5.0,286,3,1,3,43999.6
Mercedes,C-Class,sedan,gasoline,automatic,2022,22175,3.0,506,2,0,4,89142.99
Toyota,RAV4,suv,gasoline,automatic,2006,314348,3.5,147,3,1,2,2500.0
Honda,CR-V,suv,gasoline,automatic,2002,288198,5.0,260,5,1,1,2500.0
Tesla,Model 3,sedan,electric,automatic,2013,120178,0.0,436,4,0,4,63929.5
Mercedes,GLC,suv,diesel,automatic,2003,364481,5.5,488,6,0,1,20622.82
Chevrolet,Silverado,truck,gasoline,automatic,2009,175439,2.9,146,4,1,2,17478.35
BMW,3 Series,sedan,gasoline,automatic,2025,12808,3.2,463,1,1,5,85668.22
Chevrolet,Silverado,truck,gasoline,automatic,2022,44275,4.4,239,2,0,5,63499.13
Tesla,Model 3,sedan,electric,automatic,2024,22411,0.0,374,2,0,5,89958.42
Hyundai,Elantra,sedan,gasoline,automatic,2016,138192,1.9,235,3,0,4,34577.04
Tesla,Model S,sedan,electric,manual,2019,63068,0.0,391,2,0,5,86647.56
BMW,5 Series,sedan,gasoline,manual,2003,298195,4.8,437,5,0,2,25185.89
Tesla,Model 3,sedan,electric,automatic,2018,64899,0.0,395,2,1,4,77465.13
Ford,Mustang,coupe,gasoline,automatic,2003,331532,3.4,138,6,1,1,2500.0
Tesla,Model 3,sedan,electric,automatic,2009,249806,0.0,266,5,1,3,28375.01
Mercedes,C-Class,sedan,gasoline,automatic,2006,217646,5.4,513,5,1,1,37074.56
Ford,F-150,truck,gasoline,automatic,2003,351279,2.1,239,4,0,1,2500.0
Honda,Accord,sedan,hybrid,automatic,2014,89068,2.1,305,4,0,5,49936.89
Toyota,Corolla,sedan,hybrid,automatic,2014,127723,3.3,128,4,0,3,34411.63
Toyota,RAV4,suv,gasoline,manual,2002,309595,1.8,148,6,0,1,2500.0
Chevrolet,Malibu,sedan,gasoline,automatic,2023,44195,3.3,178,2,0,5,56924.26
Toyota,Camry,sedan,gasoline,automatic,2022,40602,3.6,136,4,0,5,52849.85
Ford,Escape,suv,gasoline,automatic,2007,112684,4.9,190,5,0,3,30919.1
Mercedes,GLC,suv,gasoline,manual,2012,187987,4.2,475,6,0,3,52632.32
Honda,Accord,sedan,gasoline,automatic,2024,22728,2.5,297,1,0,5,60015.64
Honda,CR-V,suv,hybrid,automatic,2023,27354,2.5,175,1,0,4,66083.23
Toyota,Corolla,sedan,hybrid,manual,2010,74907,3.9,169,5,0,4,37069.5
Tesla,Model S,sedan,electric,automatic,2001,197767,0.0,368,5,1,2,32794.32
Hyundai,Tucson,suv,gasoline,automatic,2023,40330,3.1,284,1,0,5,64719.46
Chevrolet,Equinox,suv,hybrid,automatic,2012,217259,2.4,161,3,0,3,23549.82
BMW,X5,suv,gasoline,automatic,2019,107065,2.0,428,2,0,4,76312.37
BMW,3 Series,sedan,gasoline,automatic,2011,150919,2.5,398,4,0,2,47842.17
Honda,CR-V,suv,gasoline,automatic,2025,8193,4.9,204,1,0,5,72731.47
Honda,Civic,sedan,gasoline,automatic,2020,75596,2.1,215,3,0,4,38678.13
Toyota,Corolla,sedan,gasoline,automatic,2001,250279,5.4,190,5,0,1,2500.0
Ford,Escape,suv,gasoline,automatic,2005,161223,5.3,312,6,0,2,22285.43
Mercedes,E-Class,sedan,gasoline,automatic,2018,47167,5.4,491,4,0,4,80007.83
Toyota,Camry,sedan,gasoline,automatic,2020,93464,1.9,237,3,0,5,46187.28
Mercedes,C-Class,sedan,hybrid,automatic,2001,156489,2.9,385,7,1,2,28949.99
Toyota,RAV4,suv,hybrid,automatic,2013,117520,5.7,306,3,0,4,45143.8
Mercedes,GLC,suv,gasoline,automatic,2014,203522,3.6,314,4,0,4,47297.7
Honda,Accord,sedan,gasoline,automatic,2015,117732,2.4,275,4,1,4,29053.95
BMW,X5,suv,gasoline,automatic,2024,19889,1.8,496,1,0,5,92565.88
Honda,Civic,sedan,gasoline,automatic,2013,183187,3.2,164,4,0,2,15797.71
Toyota,Camry,sedan,diesel,automatic,2003,208990,5.1,199,6,0,3,14661.43
Mercedes,E-Class,sedan,gasoline,automatic,2007,234545,2.4,449,5,1,1,30233.95
Toyota,Camry,sedan,gasoline,automatic,2010,213175,3.9,153,5,0,2,12871.13
Mercedes,GLC,suv,gasoline,manual,2009,118413,2.6,287,4,0,2,50096.25
Tesla,Model Y,suv,electric,automatic,2001,285502,0.0,317,6,0,2,30317.35
Toyota,Corolla,sedan,gasoline,automatic,2002,297741,1.5,219,7,0,1,2500.0
Toyota,RAV4,suv,gasoline,automatic,2007,256994,4.6,182,5,0,2,13179.25
Ford,Mustang,coupe,hybrid,automatic,2003,329912,4.4,152,6,1,1,2500.0
Toyota,Camry,sedan,gasoline,automatic,2024,32408,2.7,121,1,0,5,57638.5
Tesla,Model S,sedan,electric,manual,2013,78548,0.0,267,5,1,3,61465.59
Honda,Civic,sedan,gasoline,automatic,2012,150434,1.5,229,3,0,3,24379.71
Honda,Accord,sedan,gasoline,automatic,2010,170461,5.4,213,5,0,2,20247.72
Honda,CR-V,suv,gasoline,automatic,2019,118792,2.4,158,2,0,4,48779.41
Honda,Accord,sedan,hybrid,automatic,2007,195189,2.0,318,5,0,3,26098.63
BMW,5 Series,sedan,gasoline,automatic,2007,271874,2.0,364,5,0,3,22278.39
Tesla,Model S,sedan,electric,automatic,2002,324760,0.0,506,6,1,2,26223.85
Ford,F-150,truck,gasoline,automatic,2000,307638,5.3,204,6,0,1,2500.0
Ford,Mustang,coupe,gasoline,automatic,2009,111775,4.4,316,5,1,4,32748.91
Mercedes,C-Class,sedan,gasoline,automatic,2008,194525,3.4,489,4,0,2,46360.12
Mercedes,C-Class,sedan,hybrid,automatic,2021,64852,2.8,396,3,0,4,79215.4
Chevrolet,Equinox,suv,gasoline,automatic,2019,19156,2.0,261,3,0,5,57220.02
Mercedes,GLC,suv,gasoline,manual,2004,147515,4.0,395,6,1,4,40619.63
Tesla,Model S,sedan,electric,automatic,2023,40390,0.0,327,1,0,5,86101.98
Hyundai,Sonata,sedan,gasoline,automatic,2016,108780,2.3,264,3,0,4,39452.51
Hyundai,Tucson,suv,gasoline,automatic,2015,143540,3.8,256,3,1,4,39157.82
Toyota,Camry,sedan,hybrid,automatic,2005,304616,4.7,266,6,1,1,2500.0
Tesla,Model Y,suv,electric,automatic,2002,161833,0.0,279,6,0,2,44092.35
Tesla,Model 3,sedan,electric,automatic,2002,234008,0.0,432,6,1,1,28033.61
Toyota,RAV4,suv,gasoline,manual,2012,226818,2.8,137,4,0,4,20280.27
Tesla,Model 3,sedan,electric,automatic,2011,136652,0.0,468,4,0,4,63246.28
Tesla,Model Y,suv,electric,automatic,2024,28103,0.0,487,1,0,5,100781.73
Toyota,Corolla,sedan,gasoline,automatic,2024,22874,3.9,132,1,0,4,55725.88
Hyundai,Sonata,sedan,gasoline,automatic,2010,207748,3.6,259,5,0,2,16073.75
Ford,F-150,truck,gasoline,automatic,2003,251676,5.1,156,6,1,1,3230.69
Mercedes,C-Class,sedan,gasoline,automatic,2005,218524,5.3,469,6,0,2,38611.95
BMW,5 Series,sedan,gasoline,automatic,2020,48346,4.6,510,3,0,5,79761.58
BMW,X5,suv,gasoline,automatic,2004,169302,4.2,342,5,0,3,45915.01
Honda,Accord,sedan,gasoline,automatic,2009,162696,1.7,298,5,0,2,25515.6
Tesla,Model 3,sedan,electric,automatic,2022,53326,0.0,298,1,0,4,83293.96
Tesla,Model 3,sedan,electric,manual,2002,102602,0.0,280,6,0,2,43536.08
Chevrolet,Equinox,suv,gasoline,automatic,2007,146630,2.1,258,5,0,3,24645.96
Hyundai,Sonata,sedan,gasoline,automatic,2006,275447,4.6,327,6,1,1,2500.0
Chevrolet,Malibu,sedan,hybrid,automatic,2017,109094,2.0,126,2,0,4,39449.38
Ford,Mustang,coupe,gasoline,automatic,2019,92254,3.8,299,3,0,4,52318.92
Hyundai,Tucson,suv,gasoline,automatic,2016,127509,2.2,167,3,1,3,25354.09
Chevrolet,Malibu,sedan,gasoline,automatic,2002,234737,3.9,230,6,0,1,2500.0
Ford,Escape,suv,gasoline,automatic,2020,60283,1.6,329,2,0,5,62388.46
Hyundai,Sonata,sedan,gasoline,automatic,2004,303493,1.5,134,7,1,1,2500.0
BMW,X5,suv,gasoline,automatic,2022,59899,5.3,321,2,0,5,74090.13
Mercedes,E-Class,sedan,gasoline,automatic,2010,272540,4.1,463,5,0,2,33535.85
Honda,CR-V,suv,hybrid,automatic,2003,346917,2.8,128,6,0,2,2500.0
Honda,Accord,sedan,gasoline,automatic,2017,59690,3.3,240,3,0,4,48820.91
Ford,F-150,truck,hybrid,automatic,2007,160062,4.7,311,4,0,2,31368.39
Chevrolet,Silverado,truck,gasoline,automatic,2020,50938,4.0,313,3,0,5,63576.4
Mercedes,E-Class,sedan,gasoline,automatic,2003,311329,3.9,486,5,1,1,19298.72
Honda,Accord,sedan,gasoline,automatic,2019,81829,4.9,290,3,0,5,56178.11
Toyota,Corolla,sedan,gasoline,automatic,2003,144415,3.9,284,5,0,3,17682.26
Mercedes,E-Class,sedan,hybrid,manual,2016,64491,4.2,273,3,0,4,66252.31
Mercedes,C-Class,sedan,gasoline,manual,2015,94581,4.1,470,4,1,4,63568.47
Honda,Civic,sedan,gasoline,automatic,2007,171381,3.1,283,6,0,1,13664.86
Honda,CR-V,suv,gasoline,automatic,2021,53921,4.1,248,2,0,4,58384.73
BMW,5 Series,sedan,gasoline,automatic,2017,91671,1.7,518,4,0,5,72706.46
Tesla,Model Y,suv,electric,automatic,2016,134081,0.0,517,3,0,3,68526.18
Hyundai,Sonata,sedan,gasoline,automatic,2015,127424,5.6,196,2,0,4,36005.3
BMW,5 Series,sedan,diesel,automatic,2016,113598,3.3,451,4,0,4,71843.78
Ford,Mustang,coupe,diesel,automatic,2016,174247,4.5,251,3,0,4,39575.48
Honda,Civic,sedan,gasoline,automatic,2024,28440,5.5,217,2,0,5,65233.77
Ford,Mustang,coupe,gasoline,automatic,2000,266227,1.8,158,6,1,1,2500.0
BMW,X5,suv,gasoline,automatic,2001,291787,2.9,316,6,0,1,16568.19
Tesla,Model S,sedan,electric,manual,2026,17584,0.0,361,2,0,5,95372.05
Honda,CR-V,suv,diesel,automatic,2017,128332,2.9,163,3,0,4,45014.74
Hyundai,Sonata,sedan,gasoline,automatic,2010,247432,5.5,317,3,0,1,15602.33
BMW,3 Series,sedan,gasoline,automatic,2000,338655,2.8,395,7,1,1,2500.0
Chevrolet,Silverado,truck,hybrid,manual,2020,98191,3.6,153,2,0,4,55906.98
Mercedes,E-Class,sedan,diesel,automatic,2019,45613,4.5,299,2,0,5,78265.17
Hyundai,Tucson,suv,gasoline,automatic,2011,130707,5.3,135,4,1,3,23834.71
Honda,Accord,sedan,gasoline,automatic,2008,177322,5.4,166,5,0,3,20755.97
Toyota,Camry,sedan,hybrid,automatic,2019,82017,4.2,224,3,0,4,51903.99
Ford,Mustang,coupe,gasoline,automatic,2021,73536,4.1,123,2,0,4,44285.31
Mercedes,C-Class,sedan,gasoline,automatic,2004,326276,3.4,508,5,1,1,13231.68
Honda,CR-V,suv,gasoline,automatic,2000,337618,2.3,327,6,0,1,2500.0
Toyota,Corolla,sedan,gasoline,automatic,2009,162091,4.6,297,5,0,2,24909.96
Honda,Civic,sedan,diesel,manual,2023,29988,4.3,122,3,0,5,60066.91
BMW,3 Series,sedan,hybrid,automatic,2022,32678,2.3,387,2,0,5,90557.27
Mercedes,E-Class,sedan,gasoline,automatic,2008,167382,1.9,270,6,1,1,23058.54
Honda,CR-V,suv,gasoline,automatic,2004,166865,3.4,311,6,1,3,15236.39
Ford,Mustang,coupe,diesel,automatic,2008,230793,3.6,124,5,1,2,2500.0
BMW,5 Series,sedan,hybrid,automatic,2002,119346,1.7,288,5,1,2,32344.12
Ford,Escape,suv,gasoline,manual,2005,263953,2.3,263,6,0,1,3108.71
Toyota,RAV4,suv,gasoline,automatic,2020,59720,5.6,166,1,0,3,51458.98
Mercedes,E-Class,sedan,diesel,automatic,2009,158689,3.6,287,5,0,4,49592.12
Ford,Escape,suv,hybrid,automatic,2011,197328,2.8,232,3,0,3,26772.43
Chevrolet,Silverado,truck,gasoline,automatic,2012,144395,2.1,228,5,0,3,33520.18
Ford,F-150,truck,diesel,automatic,2013,98845,4.9,242,3,0,3,43266.62
Tesla,Model 3,sedan,electric,automatic,2001,254495,0.0,473,6,1,1,29029.36
Chevrolet,Silverado,truck,gasoline,automatic,2010,234502,2.0,173,4,0,3,15495.67
Toyota,Camry,sedan,hybrid,manual,2020,58033,5.2,214,3,0,5,61765.71
Toyota,Corolla,sedan,gasoline,automatic,2025,14979,4.1,290,1,0,5,63553.05
BMW,X5,suv,gasoline,manual,2023,16379,2.3,326,2,1,5,76860.61
Tesla,Model S,sedan,electric,automatic,2016,98596,0.0,454,2,1,4,68292.63
Hyundai,Elantra,sedan,hybrid,automatic,2011,181676,2.2,293,4,1,2,20320.54
Chevrolet,Equinox,suv,gasoline,automatic,2000,391824,4.2,169,7,0,1,2500.0
Chevrolet,Silverado,truck,gasoline,automatic,2015,138626,4.3,188,3,0,4,35598.3
Ford,Mustang,coupe,gasoline,automatic,2011,169139,2.7,295,4,0,2,25066.42
Chevrolet,Silverado,truck,gasoline,automatic,2008,176906,5.2,146,5,1,3,17142.67
Toyota,RAV4,suv,gasoline,manual,2026,13406,2.9,310,1,0,5,76325.26
BMW,X5,suv,diesel,automatic,2018,141774,4.5,516,2,0,3,73745.6
Toyota,Corolla,sedan,gasoline,automatic,2018,114452,4.0,286,2,1,3,41657.19
Chevrolet,Equinox,suv,gasoline,automatic,2014,129209,2.5,173,3,0,3,36201.23
Mercedes,GLC,suv,hybrid,automatic,2016,102057,2.6,292,3,0,4,72773.02
Hyundai,Tucson,suv,gasoline,automatic,2018,56393,5.1,152,3,1,4,44448.73
Toyota,Corolla,sedan,gasoline,automatic,2004,275309,2.6,325,6,0,1,5771.89
BMW,X5,suv,hybrid,automatic,2008,44233,4.5,437,4,0,3,65616.39
Toyota,Corolla,sedan,gasoline,automatic,2004,127272,4.0,193,7,1,2,11300.49
Honda,Accord,sedan,gasoline,automatic,2013,174963,4.4,181,3,1,2,20521.83
Ford,Escape,suv,gasoline,automatic,2016,111953,2.8,229,4,0,4,40359.69
BMW,X5,suv,gasoline,automatic,2004,227322,2.9,403,4,1,1,26246.08
Honda,CR-V,suv,gasoline,automatic,2025,12165,1.8,289,1,0,5,69271.86
Toyota,RAV4,suv,hybrid,automatic,2021,50619,4.2,185,2,0,5,67220.55
Toyota,RAV4,suv,gasoline,manual,2000,376383,2.8,180,6,1,1,2500.0
Ford,F-150,truck,gasoline,automatic,2019,101097,4.0,211,3,0,4,51328.91
Toyota,Camry,sedan,gasoline,automatic,2016,120816,1.9,124,4,0,3,31072.92
Chevrolet,Malibu,sedan,gasoline,automatic,2006,166093,2.7,182,4,0,3,12896.37
Toyota,Corolla,sedan,gasoline,automatic,2020,25100,4.1,253,2,0,5,55355.45
Toyota,Camry,sedan,gasoline,automatic,2001,212098,2.6,248,5,0,1,2500.0
Honda,Accord,sedan,hybrid,manual,2016,134268,2.1,304,4,1,3,29861.61
Toyota,Corolla,sedan,gasoline,automatic,2021,43537,2.0,143,2,0,4,47953.09
Honda,Accord,sedan,gasoline,automatic,2016,92835,2.0,195,2,0,4,41540.34
Toyota,RAV4,suv,gasoline,automatic,2022,45763,1.6,214,2,0,5,58123.02
Chevrolet,Equinox,suv,gasoline,automatic,2004,343440,5.2,211,5,1,2,2500.0
Toyota,Corolla,sedan,gasoline,automatic,2016,153575,4.0,147,3,1,3,21828.31
Mercedes,E-Class,sedan,hybrid,automatic,2022,30536,2.2,500,2,0,5,89215.6
Toyota,Camry,sedan,diesel,automatic,2021,37546,2.3,164,2,0,4,54199.39
Honda,Civic,sedan,gasoline,automatic,2019,70388,2.7,168,2,0,5,48279.1
Ford,F-150,truck,gasoline,automatic,2020,73943,3.5,159,2,0,4,52988.21
Ford,Escape,suv,gasoline,automatic,2008,242802,2.3,247,5,0,2,10321.0
Mercedes,C-Class,sedan,hybrid,automatic,2016,135221,4.4,312,4,0,4,66398.03
Hyundai,Sonata,sedan,gasoline,manual,2025,20147,3.3,125,2,0,5,56100.05
BMW,3 Series,sedan,gasoline,automatic,2016,100146,2.2,351,2,0,4,61763.7
Hyundai,Tucson,suv,gasoline,automatic,2018,98112,5.3,229,2,0,4,53358.86
Honda,Civic,sedan,gasoline,automatic,2023,41558,2.3,149,1,1,4,51989.72
Honda,Civic,sedan,hybrid,automatic,2007,235708,5.2,285,5,0,1,13912.63
Toyota,Camry,sedan,gasoline,automatic,2022,70480,3.2,246,1,0,4,53803.97
BMW,X5,suv,gasoline,automatic,2020,52020,3.7,452,3,0,5,85432.33
Ford,Escape,suv,gasoline,manual,2000,312593,3.9,157,6,0,1,2500.0
Ford,Escape,suv,gasoline,automatic,2006,283933,4.7,235,4,1,2,3624.17
Hyundai,Tucson,suv,gasoline,automatic,2019,94690,4.1,142,1,1,5,32955.62
Ford,Escape,suv,gasoline,manual,2000,188603,5.3,174,6,1,1,2500.0
Chevrolet,Silverado,truck,gasoline,automatic,2005,117369,5.6,130,6,0,3,25478.48
Ford,Mustang,coupe,gasoline,manual,2017,95096,4.9,298,3,1,5,49762.44
Toyota,RAV4,suv,diesel,automatic,2020,98393,4.8,136,1,0,5,54202.81
Chevrolet,Equinox,suv,gasoline,automatic,2004,241693,5.3,278,5,1,1,8749.02
Chevrolet,Equinox,suv,diesel,manual,2009,118746,5.2,275,6,0,4,34363.79
Honda,Civic,sedan,gasoline,automatic,2016,105071,4.1,178,2,0,4,41234.28
Honda,Civic,sedan,gasoline,automatic,2019,76511,3.9,156,4,0,4,46447.18
Toyota,Corolla,sedan,hybrid,manual,2012,267517,3.3,212,4,1,2,6658.91
Ford,F-150,truck,hybrid,automatic,2003,148969,2.5,187,6,1,1,18621.57
Hyundai,Tucson,suv,hybrid,automatic,2011,87748,2.7,261,4,0,4,43271.48
Chevrolet,Malibu,sedan,hybrid,automatic,2003,232937,5.6,266,5,0,2,10853.8
Toyota,Camry,sedan,gasoline,automatic,2001,337232,5.1,160,7,1,1,2500.0
BMW,3 Series,sedan,gasoline,automatic,2009,302034,2.0,515,4,1,3,24701.5
Ford,F-150,truck,gasoline,automatic,2004,314997,3.6,311,6,0,1,2500.0
Toyota,RAV4,suv,gasoline,automatic,2025,17717,3.1,205,3,0,5,67533.75
Honda,CR-V,suv,gasoline,automatic,2013,141036,3.7,295,4,1,2,29518.83
Tesla,Model 3,sedan,electric,automatic,2024,19250,0.0,450,2,0,5,95556.93
Toyota,RAV4,suv,gasoline,automatic,2006,191614,2.4,151,5,0,2,17189.14
Hyundai,Tucson,suv,gasoline,automatic,2018,136288,1.5,191,3,0,4,36318.99
Hyundai,Tucson,suv,gasoline,automatic,2026,13442,4.2,305,2,0,5,70007.86
Mercedes,E-Class,sedan,hybrid,manual,2017,94357,2.6,327,3,0,3,70858.4
Honda,Civic,sedan,hybrid,automatic,2017,147620,3.8,193,3,1,3,37293.93
BMW,5 Series,sedan,gasoline,automatic,2005,223959,5.7,464,5,0,2,36689.92
Chevrolet,Equinox,suv,gasoline,automatic,2005,271907,2.9,156,6,0,2,2500.0
Honda,Civic,sedan,gasoline,automatic,2010,131342,5.5,156,4,1,3,23853.27
Ford,Escape,suv,hybrid,automatic,2006,167308,3.4,307,7,1,3,21318.44
Chevrolet,Silverado,truck,diesel,automatic,2018,132175,4.3,283,3,0,4,46543.36
Hyundai,Sonata,sedan,hybrid,automatic,2020,79799,4.5,270,3,0,5,55731.58
Honda,Accord,sedan,gasoline,automatic,2023,17651,3.5,272,2,1,5,59123.01
Ford,Mustang,coupe,gasoline,automatic,2022,49804,3.9,189,3,0,5,57692.4
Honda,CR-V,suv,gasoline,automatic,2012,223232,5.6,286,5,1,2,22208.59
Honda,Civic,sedan,hybrid,automatic,2002,133612,4.7,295,6,0,1,10145.73
Tesla,Model Y,suv,electric,automatic,2009,219037,0.0,476,6,1,2,48820.15
Ford,Escape,suv,gasoline,automatic,2024,29850,2.1,326,1,0,5,61746.72
Honda,CR-V,suv,gasoline,automatic,2014,181138,5.1,221,3,0,3,33923.87
Honda,Civic,sedan,gasoline,manual,2021,65093,1.9,138,3,0,5,45295.63
Toyota,RAV4,suv,gasoline,automatic,2021,62506,4.2,180,3,0,4,53239.56
Ford,F-150,truck,diesel,automatic,2003,283505,4.5,197,6,1,1,2500.0
Hyundai,Elantra,sedan,gasoline,automatic,2018,51791,2.2,163,3,0,4,49637.33
Tesla,Model 3,sedan,electric,automatic,2003,112705,0.0,363,6,1,1,35909.69
Honda,Accord,sedan,diesel,automatic,2026,16583,3.3,211,1,0,5,68719.23
Toyota,RAV4,suv,gasoline,automatic,2024,25440,3.0,183,3,0,5,60576.62
Hyundai,Tucson,suv,gasoline,automatic,2016,152007,4.8,192,3,0,4,38432.73
Hyundai,Tucson,suv,gasoline,manual,2021,47086,1.4,129,2,0,5,51406.87
Ford,F-150,truck,gasoline,automatic,2021,48675,4.6,178,2,0,4,60496.32
Toyota,Camry,sedan,diesel,manual,2017,94518,4.3,299,4,0,4,42166.97
Ford,Escape,suv,gasoline,automatic,2021,78686,5.5,264,3,0,4,58083.15
Tesla,Model Y,suv,electric,automatic,2007,165922,0.0,384,4,0,2,56523.29
Toyota,Camry,sedan,diesel,automatic,2001,360636,4.7,238,5,0,1,2500.0
Toyota,RAV4,suv,gasoline,automatic,2022,20470,3.2,292,1,0,5,64393.11
Honda,Accord,sedan,gasoline,automatic,2016,181871,3.0,317,4,1,3,27138.67
Toyota,RAV4,suv,gasoline,automatic,2009,153748,2.4,164,6,0,2,20117.18
Hyundai,Elantra,sedan,gasoline,automatic,2025,13373,2.3,309,2,1,5,58935.01
Honda,Civic,sedan,gasoline,automatic,2019,87240,1.5,313,3,0,4,41180.08
Honda,Accord,sedan,gasoline,automatic,2012,172831,1.5,279,5,0,3,20627.19
Ford,F-150,truck,hybrid,automatic,2020,81272,2.2,284,3,0,4,57238.61
Mercedes,GLC,suv,hybrid,automatic,2004,238513,2.0,310,5,0,2,38831.56
Honda,CR-V,suv,diesel,automatic,2006,158962,5.4,318,5,1,2,21658.0
Hyundai,Tucson,suv,gasoline,automatic,2025,13067,3.8,244,2,0,5,69953.57
Toyota,Camry,sedan,gasoline,automatic,2003,147733,4.1,131,6,0,1,12913.98
Toyota,Corolla,sedan,gasoline,automatic,2026,6287,1.7,123,1,0,5,65208.72
BMW,3 Series,sedan,gasoline,automatic,2001,259962,1.5,366,6,0,1,18940.69
Tesla,Model 3,sedan,electric,automatic,2019,72812,0.0,430,2,0,4,75636.67
Hyundai,Sonata,sedan,gasoline,automatic,2004,249805,5.7,244,5,0,1,5238.77
Hyundai,Tucson,suv,gasoline,automatic,2005,201767,1.6,254,3,1,3,16398.53
Ford,Mustang,coupe,gasoline,automatic,2011,229646,2.9,241,4,1,2,18199.66
Honda,CR-V,suv,gasoline,automatic,2010,201930,2.5,318,6,1,2,19919.94
Chevrolet,Malibu,sedan,gasoline,automatic,2015,170677,5.0,290,4,0,4,32816.31
Ford,Escape,suv,gasoline,manual,2016,21795,2.7,211,3,1,4,46016.62
Tesla,Model 3,sedan,electric,automatic,2025,4328,0.0,268,2,0,5,93258.67
Ford,F-150,truck,hybrid,automatic,2025,13685,3.2,317,1,0,5,75541.06
BMW,3 Series,sedan,diesel,manual,2018,124038,3.4,306,2,0,4,67206.79
BMW,X5,suv,hybrid,automatic,2014,119443,4.2,421,3,0,3,74342.69
Tesla,Model 3,sedan,electric,automatic,2013,113886,0.0,306,4,1,4,56043.34
Ford,F-150,truck,gasoline,automatic,2006,340314,2.1,218,4,1,1,2500.0
Honda,Civic,sedan,hybrid,automatic,2008,161349,2.1,169,5,1,3,12560.2
Tesla,Model S,sedan,electric,automatic,2004,322164,0.0,345,7,1,1,12907.17
Ford,Mustang,coupe,gasoline,automatic,2023,42449,5.0,122,2,0,5,59014.5
BMW,5 Series,sedan,hybrid,automatic,2003,167881,5.3,487,6,0,2,45546.2
Chevrolet,Silverado,truck,gasoline,automatic,2018,43694,1.9,276,1,0,4,53625.03
Honda,CR-V,suv,gasoline,automatic,2016,160401,5.2,280,2,0,3,45675.17
Mercedes,GLC,suv,gasoline,automatic,2002,150555,2.0,460,5,1,3,43984.65
Ford,F-150,truck,hybrid,automatic,2010,138467,2.8,209,4,0,3,34958.56
BMW,3 Series,sedan,gasoline,automatic,2003,294916,1.7,280,6,1,1,4053.27
Honda,Accord,sedan,gasoline,automatic,2025,12270,3.0,154,1,0,5,61241.7
Toyota,Camry,sedan,hybrid,automatic,2021,55951,2.4,249,2,0,4,56525.3
Honda,Accord,sedan,gasoline,automatic,2004,325296,4.1,154,7,0,1,2500.0
BMW,5 Series,sedan,gasoline,automatic,2012,209274,5.4,335,4,0,4,44412.73
BMW,X5,suv,gasoline,automatic,2024,15398,1.9,416,1,0,5,94413.92
Ford,F-150,truck,gasoline,automatic,2001,363636,3.9,175,5,1,1,2500.0
BMW,3 Series,sedan,gasoline,automatic,2012,209567,4.8,323,3,0,3,41663.03
Chevrolet,Malibu,sedan,gasoline,manual,2004,223152,4.3,166,6,0,2,6034.11
Honda,Accord,sedan,gasoline,manual,2006,278568,4.5,210,7,1,1,2500.0
Tesla,Model 3,sedan,electric,automatic,2013,159683,0.0,321,3,0,3,57760.86
Hyundai,Tucson,suv,gasoline,automatic,2009,224377,2.5,239,4,0,3,20897.97
Tesla,Model 3,sedan,electric,automatic,2003,332917,0.0,294,5,1,1,11912.28
Toyota,Camry,sedan,gasoline,automatic,2019,52639,1.6,160,2,1,5,46264.32
Honda,Accord,sedan,hybrid,automatic,2013,114613,4.7,248,3,0,4,38523.9
Mercedes,C-Class,sedan,gasoline,automatic,2015,49260,4.3,382,3,0,2,69971.17
Tesla,Model S,sedan,electric,automatic,2003,169698,0.0,365,6,0,2,37847.98
Chevrolet,Malibu,sedan,gasoline,automatic,2024,35246,4.9,160,1,0,5,60013.27
Hyundai,Tucson,suv,gasoline,automatic,2006,194971,5.5,287,4,1,1,12761.13
Toyota,Corolla,sedan,gasoline,automatic,2002,297058,5.0,189,7,0,1,2500.0
Toyota,RAV4,suv,hybrid,automatic,2014,122753,4.2,295,3,0,4,42779.47
BMW,3 Series,sedan,diesel,automatic,2018,82005,1.7,480,3,0,4,72182.57
Honda,CR-V,suv,gasoline,automatic,2015,148771,5.1,212,2,0,2,36060.82
Ford,F-150,truck,gasoline,automatic,2023,36513,2.3,279,2,0,4,63945.8
Toyota,Camry,sedan,gasoline,automatic,2016,100136,2.2,262,3,1,4,39537.9
Toyota,RAV4,suv,gasoline,automatic,2017,115291,1.8,136,2,0,4,37302.29
Honda,Accord,sedan,gasoline,automatic,2005,159949,3.9,303,5,0,1,20983.95
Ford,Mustang,coupe,gasoline,automatic,2024,22431,4.6,157,2,0,5,68468.92
Ford,F-150,truck,hybrid,automatic,2004,186771,3.4,182,5,0,2,15787.25
BMW,3 Series,sedan,hybrid,automatic,2012,132525,2.6,380,4,0,3,59235.38
Chevrolet,Malibu,sedan,gasoline,automatic,2006,217950,5.2,134,6,1,1,2500.0
Tesla,Model 3,sedan,electric,automatic,2020,51846,0.0,299,4,0,5,88692.02
Ford,F-150,truck,gasoline,automatic,2014,109371,3.8,168,4,0,3,42260.34
Ford,F-150,truck,diesel,automatic,2001,348545,2.0,193,7,1,1,2500.0
Toyota,Camry,sedan,gasoline,automatic,2003,325654,1.9,200,7,0,1,2500.0
Chevrolet,Equinox,suv,gasoline,automatic,2019,79127,1.4,223,1,0,4,43002.52
Mercedes,GLC,suv,diesel,automatic,2018,86715,3.2,432,1,0,4,75504.83
Tesla,Model 3,sedan,electric,automatic,2026,9768,0.0,324,2,0,5,96580.23
Mercedes,C-Class,sedan,hybrid,automatic,2007,171317,2.1,457,5,1,3,40097.23
Chevrolet,Silverado,truck,gasoline,automatic,2019,78091,4.8,297,4,0,5,59653.07
Mercedes,GLC,suv,gasoline,automatic,2016,70632,4.3,508,3,0,4,80516.15
Toyota,RAV4,suv,gasoline,automatic,2005,255342,4.0,221,5,0,2,11522.65
Honda,Civic,sedan,gasoline,automatic,2004,231505,2.5,277,6,0,2,2500.0
BMW,5 Series,sedan,gasoline,automatic,2019,82607,5.4,405,2,0,4,73196.85
Honda,Accord,sedan,gasoline,automatic,2013,168931,2.8,153,3,1,3,11200.98
BMW,X5,suv,gasoline,manual,2008,128572,3.6,449,3,1,3,48019.29
Hyundai,Sonata,sedan,hybrid,automatic,2003,371935,3.4,307,6,0,1,2500.0
BMW,5 Series,sedan,gasoline,automatic,2006,184182,1.4,292,5,1,2,27565.59
Ford,Mustang,coupe,hybrid,automatic,2013,163926,4.5,329,3,1,4,35979.89
Hyundai,Sonata,sedan,gasoline,manual,2013,132974,4.6,166,4,0,3,22520.19
Honda,Civic,sedan,gasoline,automatic,2015,124874,1.8,255,2,1,3,36915.23
Honda,Civic,sedan,gasoline,automatic,2009,130425,3.0,217,5,1,4,17351.58
Mercedes,C-Class,sedan,gasoline,automatic,2006,151812,5.0,510,5,0,2,42593.94
Honda,Civic,sedan,gasoline,automatic,2016,113947,4.3,189,3,1,4,30506.57
Tesla,Model Y,suv,electric,automatic,2010,98764,0.0,512,4,0,3,74443.06
Chevrolet,Malibu,sedan,gasoline,automatic,2003,278165,5.3,130,6,0,1,2500.0
Hyundai,Tucson,suv,gasoline,automatic,2000,135858,2.8,256,6,1,1,9219.48
Chevrolet,Equinox,suv,hybrid,automatic,2003,290353,4.1,132,5,1,1,2500.0
Mercedes,C-Class,sedan,gasoline,automatic,2004,214689,4.7,347,6,0,1,29639.97
Chevrolet,Silverado,truck,gasoline,automatic,2026,12477,2.9,208,1,0,5,69450.2
Toyota,Corolla,sedan,gasoline,automatic,2013,84537,2.7,256,4,0,4,40731.52
Ford,Mustang,coupe,gasoline,automatic,2006,114426,4.9,317,4,0,3,32301.57
Toyota,Camry,sedan,gasoline,automatic,2003,169616,3.2,154,5,0,2,8279.15
Honda,CR-V,suv,hybrid,automatic,2008,161698,3.3,122,6,1,2,16962.71
Honda,Accord,sedan,gasoline,automatic,2002,219361,2.9,313,6,1,1,2500.0
Honda,Civic,sedan,gasoline,automatic,2008,191197,3.9,242,5,1,2,12790.2
Toyota,Corolla,sedan,gasoline,automatic,2004,145338,3.0,196,5,1,1,4327.18
Tesla,Model Y,suv,electric,automatic,2017,92666,0.0,399,3,0,5,75470.66
Hyundai,Tucson,suv,gasoline,automatic,2004,412635,5.6,175,7,1,1,2500.0
Ford,Escape,suv,gasoline,automatic,2010,165010,3.5,291,4,0,2,24985.06
Hyundai,Elantra,sedan,gasoline,automatic,2026,6901,2.6,161,2,0,5,58390.34
Honda,Civic,sedan,hybrid,automatic,2022,52845,2.2,148,2,0,5,56508.2
Tesla,Model Y,suv,electric,automatic,2007,94665,0.0,466,4,0,3,68805.65
BMW,5 Series,sedan,diesel,automatic,2011,253820,5.5,306,4,0,4,39845.15
BMW,X5,suv,hybrid,automatic,2009,168145,2.5,487,4,0,2,45275.8
Mercedes,C-Class,sedan,gasoline,automatic,2008,288849,2.7,423,5,0,1,29864.97
BMW,X5,suv,gasoline,automatic,2007,176366,1.7,412,6,0,2,44583.69
BMW,5 Series,sedan,gasoline,automatic,2010,176572,2.8,434,4,1,3,42045.32
Toyota,Camry,sedan,hybrid,automatic,2026,12820,2.5,250,1,0,5,72370.62
Hyundai,Tucson,suv,hybrid,automatic,2020,46340,2.9,310,2,0,5,64697.34
Hyundai,Elantra,sedan,gasoline,automatic,2023,22681,1.6,244,1,0,4,59461.42
Ford,Mustang,coupe,hybrid,automatic,2021,43140,3.8,229,3,0,4,59152.4
Ford,F-150,truck,gasoline,automatic,2014,201052,2.9,251,4,0,2,26694.13
Ford,Escape,suv,gasoline,manual,2023,29228,5.1,192,2,0,4,64790.09
Honda,CR-V,suv,gasoline,automatic,2012,196860,2.5,167,4,0,3,26328.52
Honda,CR-V,suv,gasoline,automatic,2007,118166,4.7,195,6,0,2,24774.36
BMW,3 Series,sedan,diesel,automatic,2011,136912,4.7,326,4,0,3,49865.08
BMW,5 Series,sedan,gasoline,automatic,2010,185229,1.4,490,5,0,3,40204.9
Chevrolet,Silverado,truck,gasoline,automatic,2001,420426,3.6,255,6,1,1,2500.0
Chevrolet,Equinox,suv,gasoline,automatic,2019,126427,3.2,157,3,0,5,39940.41
Toyota,RAV4,suv,gasoline,automatic,2026,21051,2.8,322,2,0,5,71561.49
Chevrolet,Equinox,suv,gasoline,manual,2005,270689,2.7,323,5,0,2,8926.59
Tesla,Model S,sedan,electric,manual,2025,12578,0.0,358,1,0,5,90948.53
Hyundai,Sonata,sedan,gasoline,automatic,2016,110973,3.7,304,4,0,4,35856.74
Toyota,Camry,sedan,gasoline,automatic,2013,199541,4.6,316,2,0,4,38026.45
Toyota,Camry,sedan,gasoline,automatic,2020,52245,1.7,159,2,0,5,50829.49
Hyundai,Sonata,sedan,hybrid,automatic,2014,137072,2.7,292,3,0,4,37640.34
Hyundai,Elantra,sedan,gasoline,manual,2012,81830,3.4,166,3,1,3,27515.34
BMW,3 Series,sedan,gasoline,automatic,2017,102250,4.8,463,3,0,4,71671.45
Ford,Escape,suv,hybrid,automatic,2012,171229,2.6,252,4,1,3,25409.63
BMW,5 Series,sedan,hybrid,automatic,2018,50157,4.6,433,2,0,4,79751.52
Toyota,Corolla,sedan,gasoline,automatic,2022,38860,2.6,251,1,0,5,62062.24
Hyundai,Sonata,sedan,gasoline,automatic,2014,140487,3.0,156,5,0,4,30355.2
Chevrolet,Silverado,truck,hybrid,automatic,2018,75664,4.1,120,4,0,4,46873.95
Honda,CR-V,suv,hybrid,manual,2025,14579,2.8,185,3,0,5,67408.51
Hyundai,Elantra,sedan,gasoline,automatic,2001,95944,5.2,263,4,0,3,22931.1
Honda,CR-V,suv,gasoline,automatic,2011,241248,3.1,147,4,1,2,5724.14
Ford,Escape,suv,gasoline,automatic,2010,257173,2.8,209,4,0,2,9690.27
BMW,5 Series,sedan,gasoline,automatic,2019,69524,3.3,373,2,1,4,61041.84
Mercedes,C-Class,sedan,gasoline,automatic,2007,88028,2.4,455,6,0,2,47169.94
Honda,CR-V,suv,gasoline,automatic,2014,61956,3.5,250,4,0,4,47324.08
Mercedes,E-Class,sedan,gasoline,automatic,2008,174733,5.3,397,5,0,3,49662.95
Mercedes,C-Class,sedan,gasoline,automatic,2025,18528,2.2,460,1,0,5,89206.28
Hyundai,Elantra,sedan,gasoline,automatic,2008,223053,4.2,166,5,1,2,2781.26
Tesla,Model Y,suv,electric,automatic,2023,54334,0.0,267,1,0,5,84748.29
Tesla,Model 3,sedan,electric,automatic,2014,162643,0.0,386,5,1,4,59503.99
Tesla,Model 3,sedan,electric,automatic,2016,144882,0.0,348,3,0,4,62444.99
Chevrolet,Equinox,suv,gasoline,automatic,2026,17103,4.9,232,1,0,5,72509.97
Toyota,Camry,sedan,hybrid,automatic,2000,320602,3.1,314,5,1,1,2500.0
Toyota,RAV4,suv,gasoline,automatic,2024,20420,5.2,134,1,0,5,68475.52
Toyota,RAV4,suv,gasoline,automatic,2023,19086,3.4,297,2,0,5,69902.63
Hyundai,Tucson,suv,gasoline,automatic,2026,3568,5.4,318,1,0,5,75928.78
Mercedes,E-Class,sedan,hybrid,manual,2011,137670,5.2,388,3,0,2,52782.62
Mercedes,GLC,suv,gasoline,automatic,2015,124448,2.1,483,3,0,4,70877.14
Toyota,RAV4,suv,gasoline,automatic,2010,179401,1.8,234,4,1,2,16891.98
Chevrolet,Malibu,sedan,gasoline,automatic,2022,79645,2.0,294,1,0,5,55455.84
Ford,F-150,truck,gasoline,automatic,2026,13093,4.5,307,1,0,5,79685.78
Ford,Escape,suv,gasoline,automatic,2023,26055,2.6,257,1,0,5,67580.12
Tesla,Model 3,sedan,electric,automatic,2011,118949,0.0,512,5,1,3,60674.39
Tesla,Model S,sedan,electric,manual,2019,61173,0.0,457,3,0,5,89933.76
Ford,F-150,truck,gasoline,automatic,2008,189600,1.6,305,4,0,1,17456.06
Mercedes,GLC,suv,gasoline,automatic,2005,245030,5.4,464,4,0,3,45799.57
Toyota,Camry,sedan,gasoline,automatic,2020,98594,3.2,143,2,0,5,38381.65
Honda,Accord,sedan,hybrid,automatic,2009,188283,5.7,275,4,0,4,32619.07
BMW,3 Series,sedan,diesel,automatic,2013,178496,2.1,442,5,0,4,52442.51
Hyundai,Tucson,suv,gasoline,automatic,2022,70471,3.3,329,1,0,5,63741.44
Toyota,RAV4,suv,gasoline,automatic,2010,111046,5.6,228,5,0,3,36133.61
Tesla,Model S,sedan,electric,automatic,2006,217097,0.0,509,5,0,3,51571.76
BMW,X5,suv,diesel,automatic,2012,157302,4.2,436,4,1,2,44961.28
Chevrolet,Silverado,truck,hybrid,automatic,2006,258892,3.9,139,5,1,1,2500.0
Mercedes,E-Class,sedan,gasoline,automatic,2019,76117,3.9,405,4,0,4,72775.78
Tesla,Model S,sedan,electric,automatic,2017,121427,0.0,311,3,0,4,64849.63
Tesla,Model Y,suv,electric,automatic,2001,273402,0.0,490,5,0,1,33067.99
Chevrolet,Silverado,truck,hybrid,automatic,2020,76025,2.9,177,4,0,5,51020.85
Honda,Accord,sedan,gasoline,automatic,2001,227845,5.1,126,6,1,1,2500.0
Toyota,RAV4,suv,gasoline,automatic,2002,239248,2.4,133,5,1,2,2500.0
Ford,F-150,truck,hybrid,automatic,2020,82759,4.1,257,3,0,4,58626.32
Ford,Escape,suv,gasoline,automatic,2004,165769,4.2,305,5,1,1,10475.34
Toyota,Corolla,sedan,hybrid,automatic,2002,222668,5.2,327,6,0,2,11637.8
BMW,5 Series,sedan,hybrid,automatic,2012,127640,3.3,385,3,1,4,54189.46
Chevrolet,Malibu,sedan,gasoline,automatic,2012,122316,5.7,193,4,1,3,24466.15
Honda,Accord,sedan,gasoline,manual,2007,149003,3.6,133,4,1,2,11649.52
Hyundai,Tucson,suv,gasoline,automatic,2018,165818,3.2,302,4,0,3,42823.57
Ford,Mustang,coupe,gasoline,automatic,2005,161355,2.7,211,6,0,3,16579.5
Honda,Accord,sedan,gasoline,automatic,2006,104136,3.8,145,5,0,3,24225.9
Chevrolet,Malibu,sedan,hybrid,automatic,2015,139068,2.1,257,3,0,2,27028.99
Tesla,Model Y,suv,electric,automatic,2025,14504,0.0,287,1,0,5,98184.16
BMW,X5,suv,gasoline,automatic,2025,18249,3.7,273,3,0,5,84630.26
Toyota,Corolla,sedan,gasoline,automatic,2018,83960,2.9,128,3,1,4,37461.47
Ford,Mustang,coupe,hybrid,automatic,2019,40769,3.8,259,2,0,5,64832.89
BMW,3 Series,sedan,gasoline,automatic,2017,133178,2.0,477,4,0,5,61813.74
Mercedes,GLC,suv,gasoline,automatic,2001,85548,4.2,304,7,0,3,39349.31
Honda,CR-V,suv,hybrid,automatic,2012,232801,3.6,295,4,0,2,32897.23
Hyundai,Elantra,sedan,gasoline,automatic,2024,25661,5.3,212,2,0,5,60695.35
Ford,Mustang,coupe,gasoline,automatic,2001,409157,2.2,123,6,1,1,2500.0
Toyota,Camry,sedan,hybrid,automatic,2024,19896,5.7,126,3,0,5,66503.02
Ford,F-150,truck,hybrid,automatic,2002,263463,4.3,235,6,0,1,3306.84
Hyundai,Elantra,sedan,gasoline,automatic,2014,125303,3.4,225,3,0,2,22858.15
Honda,Civic,sedan,hybrid,automatic,2017,91794,5.3,183,4,1,4,43906.73
Ford,Escape,suv,gasoline,automatic,2018,51922,5.6,309,3,0,4,53219.19
Hyundai,Tucson,suv,gasoline,manual,2011,234399,4.6,306,5,0,3,22543.41
BMW,3 Series,sedan,diesel,automatic,2017,131640,1.5,419,3,0,4,62350.85
BMW,5 Series,sedan,gasoline,manual,2004,228124,2.7,392,6,0,1,17746.54
Chevrolet,Silverado,truck,gasoline,automatic,2014,141819,2.1,172,4,0,3,28638.52
BMW,X5,suv,gasoline,automatic,2004,371836,4.0,479,5,0,1,16062.63
Ford,Escape,suv,hybrid,automatic,2005,162261,5.7,247,5,1,3,18104.03
Chevrolet,Equinox,suv,gasoline,automatic,2010,201013,2.6,325,5,0,2,25597.42
Honda,CR-V,suv,gasoline,automatic,2026,17674,2.9,308,1,0,5,71048.58
Mercedes,GLC,suv,gasoline,automatic,2018,94178,5.4,454,2,0,5,84735.3
Toyota,Corolla,sedan,gasoline,automatic,2021,95578,2.8,174,3,0,5,49404.67
Toyota,Camry,sedan,gasoline,automatic,2001,260201,5.5,235,6,0,1,2500.0
Ford,Mustang,coupe,gasoline,automatic,2013,183153,5.2,199,5,0,2,25604.58
Chevrolet,Malibu,sedan,gasoline,automatic,2013,160536,3.0,253,3,0,2,31051.53
BMW,5 Series,sedan,gasoline,automatic,2007,304699,2.4,424,5,1,3,23717.26
Mercedes,E-Class,sedan,gasoline,automatic,2010,216572,3.3,321,3,1,3,37015.19
Ford,Mustang,coupe,gasoline,automatic,2023,33968,2.6,322,1,0,5,65526.91
Tesla,Model S,sedan,electric,automatic,2004,107257,0.0,351,7,1,2,41756.89
Ford,Mustang,coupe,gasoline,manual,2001,336255,1.9,294,7,1,1,2500.0
Chevrolet,Silverado,truck,diesel,automatic,2014,135958,5.0,213,5,0,3,32899.0
Mercedes,C-Class,sedan,gasoline,automatic,2024,23742,5.3,428,1,0,4,92077.75
Mercedes,C-Class,sedan,diesel,manual,2026,12569,1.9,493,1,0,5,93277.37
Toyota,Camry,sedan,gasoline,automatic,2007,153579,4.3,156,5,1,3,14824.71
Honda,Civic,sedan,gasoline,automatic,2016,69020,3.6,178,2,0,4,47278.29
Ford,Escape,suv,gasoline,automatic,2008,172789,3.6,163,5,1,2,12627.49
Tesla,Model S,sedan,electric,automatic,2020,93592,0.0,264,2,0,5,75762.56
Chevrolet,Malibu,sedan,hybrid,automatic,2012,77758,3.2,281,4,1,5,37198.97
Ford,Mustang,coupe,gasoline,manual,2014,134370,4.1,254,3,0,3,36635.44
BMW,3 Series,sedan,gasoline,manual,2002,196859,4.8,314,7,1,1,13327.59
BMW,X5,suv,gasoline,automatic,2018,75206,1.4,335,3,0,5,71906.55
Hyundai,Elantra,sedan,gasoline,manual,2003,405174,3.4,265,4,0,1,2500.0
Hyundai,Sonata,sedan,gasoline,automatic,2023,18462,2.1,140,2,0,5,47440.72
Ford,F-150,truck,hybrid,automatic,2005,261116,3.7,224,5,0,1,16519.04
Hyundai,Sonata,sedan,diesel,automatic,2007,99676,5.5,154,5,0,3,26799.5
Mercedes,E-Class,sedan,gasoline,automatic,2006,228452,1.5,414,6,1,2,25485.81
BMW,3 Series,sedan,gasoline,automatic,2011,244699,3.5,452,4,1,2,34830.83
Toyota,Camry,sedan,hybrid,manual,2013,117202,1.5,142,5,0,3,30347.01
Mercedes,GLC,suv,gasoline,automatic,2018,109499,4.7,319,4,1,5,65083.75
Hyundai,Elantra,sedan,gasoline,manual,2016,106587,2.7,266,4,0,4,34844.53
Ford,Escape,suv,gasoline,automatic,2023,20447,3.3,211,1,0,5,68176.13
Toyota,Corolla,sedan,hybrid,manual,2008,178619,2.8,143,4,0,3,11524.2
Ford,Escape,suv,gasoline,automatic,2013,135819,1.5,144,5,0,4,26774.93
Honda,CR-V,suv,gasoline,automatic,2000,348248,4.2,225,7,0,1,2500.0
BMW,5 Series,sedan,gasoline,automatic,2008,129445,3.2,435,5,0,3,47579.68
Ford,Escape,suv,gasoline,automatic,2026,6479,3.7,309,2,0,5,76217.5
BMW,X5,suv,gasoline,automatic,2004,243160,3.7,465,6,0,1,33013.45
Toyota,RAV4,suv,gasoline,automatic,2014,119037,3.5,138,5,0,3,37922.39
Tesla,Model 3,sedan,electric,automatic,2022,46851,0.0,289,1,0,5,96307.2
Hyundai,Tucson,suv,gasoline,automatic,2025,11385,4.4,324,1,0,5,75275.22
Honda,Civic,sedan,gasoline,automatic,2019,85918,1.5,169,3,0,4,41147.57
Ford,Escape,suv,gasoline,automatic,2009,223081,1.7,168,4,0,1,6233.82
Toyota,Corolla,sedan,gasoline,automatic,2000,259945,4.3,244,6,0,1,2500.0
Toyota,RAV4,suv,hybrid,automatic,2015,85095,3.6,295,2,0,4,55128.58
Toyota,Camry,sedan,gasoline,automatic,2021,70179,1.6,255,3,0,4,49841.6
Hyundai,Elantra,sedan,gasoline,automatic,2000,282737,4.1,286,7,1,2,2500.0
Ford,F-150,truck,gasoline,manual,2002,165268,3.1,221,4,1,2,10964.76
Chevrolet,Equinox,suv,gasoline,automatic,2008,97022,3.8,230,5,1,3,29168.24
Honda,Civic,sedan,gasoline,automatic,2000,396007,2.6,256,7,0,1,2500.0
BMW,5 Series,sedan,gasoline,automatic,2015,67086,4.6,511,2,1,4,69680.19
Honda,Accord,sedan,hybrid,automatic,2004,237485,5.5,214,5,0,1,5165.05
Chevrolet,Equinox,suv,gasoline,automatic,2017,48204,2.4,282,4,1,4,47211.39
Ford,Escape,suv,hybrid,automatic,2020,99446,4.7,224,2,0,5,55856.19
Honda,Civic,sedan,gasoline,automatic,2011,100033,5.6,166,3,0,4,34834.28
BMW,5 Series,sedan,gasoline,automatic,2024,21213,5.4,395,2,0,5,84767.33
Honda,CR-V,suv,gasoline,automatic,2022,36412,2.3,181,2,0,5,61944.36
Honda,CR-V,suv,hybrid,automatic,2011,153993,3.6,124,4,0,3,27201.63
Honda,Accord,sedan,gasoline,manual,2021,46543,3.0,313,2,0,5,61372.24
Honda,Accord,sedan,gasoline,automatic,2020,64234,2.0,168,3,0,4,50776.44
Toyota,RAV4,suv,gasoline,automatic,2016,121199,2.7,131,4,0,4,39284.73
Mercedes,GLC,suv,hybrid,automatic,2010,230617,4.2,445,5,0,1,42602.37
Hyundai,Elantra,sedan,gasoline,automatic,2005,380349,4.5,263,4,0,1,2500.0
Tesla,Model S,sedan,electric,automatic,2011,213910,0.0,304,3,0,3,45201.13
Hyundai,Sonata,sedan,hybrid,automatic,2026,2492,3.0,184,1,0,5,64683.21
Toyota,Camry,sedan,gasoline,automatic,2018,96456,1.4,189,3,0,5,44623.94
Chevrolet,Silverado,truck,hybrid,automatic,2019,93157,2.0,146,3,0,5,53771.94
BMW,3 Series,sedan,gasoline,automatic,2026,20232,2.1,387,1,0,5,79320.05
Honda,CR-V,suv,gasoline,automatic,2015,161517,2.6,161,5,0,3,25455.95
BMW,X5,suv,hybrid,automatic,2017,65192,2.2,502,2,0,5,76495.97
Toyota,RAV4,suv,gasoline,automatic,2010,247544,2.7,126,5,0,2,9270.55
Mercedes,C-Class,sedan,gasoline,automatic,2013,185539,1.4,370,4,0,2,47939.2
Honda,Accord,sedan,gasoline,automatic,2003,194073,2.2,225,7,1,2,2500.0
Chevrolet,Malibu,sedan,gasoline,automatic,2012,181326,3.1,155,3,0,2,21506.19
Hyundai,Elantra,sedan,gasoline,automatic,2025,5718,3.6,183,2,0,5,57263.81
BMW,X5,suv,diesel,manual,2020,74094,5.0,273,2,0,4,76452.54
BMW,3 Series,sedan,gasoline,automatic,2025,11934,4.4,489,1,0,5,93255.11
BMW,X5,suv,gasoline,automatic,2013,136573,4.6,337,4,0,3,51347.7
Toyota,RAV4,suv,hybrid,manual,2009,156742,3.8,302,4,0,3,37251.93
Hyundai,Sonata,sedan,gasoline,automatic,2008,41316,5.3,223,3,0,3,38861.99
Chevrolet,Silverado,truck,gasoline,automatic,2024,21555,2.6,211,2,0,5,60748.83
BMW,5 Series,sedan,gasoline,automatic,2019,74547,4.8,502,2,0,5,77613.1
Honda,Civic,sedan,gasoline,manual,2001,406085,4.2,211,5,0,1,2500.0
Hyundai,Elantra,sedan,gasoline,automatic,2013,72334,4.7,238,3,1,4,33338.92
Toyota,Camry,sedan,gasoline,manual,2000,384907,3.1,134,6,0,1,2500.0
Chevrolet,Silverado,truck,gasoline,automatic,2023,27647,2.8,205,2,0,5,59989.38
Chevrolet,Silverado,truck,gasoline,automatic,2013,94958,1.9,253,3,0,4,46652.27
Hyundai,Tucson,suv,gasoline,automatic,2024,13680,4.5,304,2,0,5,69057.92
Toyota,Camry,sedan,gasoline,automatic,2016,207029,2.5,314,2,0,2,29362.03
Tesla,Model 3,sedan,electric,automatic,2014,94856,0.0,321,4,0,4,66707.3
Toyota,Corolla,sedan,gasoline,automatic,2026,8851,2.1,127,2,0,5,56738.61
Chevrolet,Silverado,truck,gasoline,automatic,2011,253390,5.6,274,4,0,3,22693.69
Honda,CR-V,suv,hybrid,automatic,2023,11946,3.2,239,3,0,5,69800.66
Toyota,Camry,sedan,gasoline,automatic,2004,235805,3.1,312,6,1,2,2701.85
Hyundai,Elantra,sedan,gasoline,automatic,2002,219306,4.5,184,6,0,1,2500.0
Mercedes,E-Class,sedan,hybrid,automatic,2002,260914,3.4,350,6,0,1,23045.54
Ford,Mustang,coupe,gasoline,manual,2013,171112,4.8,143,5,0,3,25181.94
Honda,CR-V,suv,gasoline,automatic,2026,21292,3.7,222,2,0,5,70804.7
Toyota,Corolla,sedan,gasoline,automatic,2008,317122,4.6,237,5,0,1,3182.24
Toyota,RAV4,suv,gasoline,automatic,2003,245931,3.7,138,6,1,2,2500.0
BMW,3 Series,sedan,gasoline,automatic,2018,114212,5.6,457,3,0,5,69697.01
BMW,3 Series,sedan,gasoline,manual,2010,308979,4.1,371,3,0,2,26938.41
Ford,Escape,suv,hybrid,automatic,2003,347068,4.7,268,7,1,1,2500.0
Mercedes,E-Class,sedan,gasoline,manual,2022,43368,2.8,483,2,0,4,78710.04
Honda,CR-V,suv,gasoline,automatic,2021,66862,5.0,173,2,0,5,53865.34
Chevrolet,Equinox,suv,gasoline,automatic,2022,44292,1.9,177,1,0,5,56092.37
Toyota,Corolla,sedan,gasoline,automatic,2007,79341,5.6,251,6,0,4,33086.46
BMW,3 Series,sedan,gasoline,automatic,2017,113730,2.5,307,3,1,4,52993.68
Ford,F-150,truck,hybrid,automatic,2016,131132,4.2,247,2,0,3,49632.25
BMW,5 Series,sedan,gasoline,automatic,2009,210710,3.0,407,4,0,1,33719.23
BMW,X5,suv,gasoline,automatic,2016,100766,4.7,306,2,0,4,70273.77
BMW,3 Series,sedan,gasoline,automatic,2025,15141,2.6,473,1,0,5,89755.99
Tesla,Model S,sedan,electric,automatic,2012,158404,0.0,462,3,0,2,56155.68
Ford,F-150,truck,diesel,manual,2017,109659,2.1,231,4,1,3,42170.21
Tesla,Model 3,sedan,electric,automatic,2010,136940,0.0,330,5,0,1,52162.06
Mercedes,C-Class,sedan,hybrid,automatic,2021,50142,4.0,415,3,1,5,83963.36
Ford,F-150,truck,gasoline,automatic,2020,96876,4.3,160,3,0,5,51432.45
Tesla,Model Y,suv,electric,automatic,2021,49428,0.0,517,3,0,5,91705.46
Ford,Mustang,coupe,gasoline,automatic,2013,145988,4.6,237,4,0,3,34261.32
Ford,F-150,truck,gasoline,automatic,2009,197387,3.9,271,4,0,2,23873.51
Hyundai,Elantra,sedan,gasoline,manual,2005,231318,4.9,189,5,0,1,7797.39
Honda,Civic,sedan,gasoline,automatic,2017,86030,3.4,276,3,0,5,49916.89
Toyota,Camry,sedan,diesel,automatic,2013,117416,4.3,182,3,0,3,38207.03
Toyota,Corolla,sedan,hybrid,automatic,2005,210044,2.4,168,6,0,2,11431.04
BMW,3 Series,sedan,gasoline,automatic,2020,38439,3.2,368,2,0,4,75295.36
Tesla,Model 3,sedan,electric,manual,2026,16227,0.0,263,1,0,5,94333.04
Toyota,Corolla,sedan,gasoline,manual,2007,182161,3.1,249,6,1,3,11095.51
Honda,Civic,sedan,gasoline,automatic,2020,52821,2.6,311,3,0,5,62324.08
Mercedes,GLC,suv,hybrid,manual,2013,219430,4.8,422,4,1,4,56520.35
Toyota,Camry,sedan,gasoline,automatic,2020,48775,1.4,178,3,0,5,55063.27
Toyota,Camry,sedan,gasoline,automatic,2011,137983,2.0,221,3,0,2,28184.26
Hyundai,Elantra,sedan,hybrid,automatic,2001,219209,3.2,165,5,0,1,2500.0
Chevrolet,Equinox,suv,gasoline,automatic,2025,6617,2.3,293,1,0,5,69767.59
Ford,F-150,truck,gasoline,automatic,2011,239277,4.4,287,4,0,2,19397.19
Honda,Civic,sedan,gasoline,automatic,2019,102438,2.5,206,2,0,4,46406.65
Hyundai,Elantra,sedan,hybrid,manual,2008,291059,1.4,136,4,1,2,2500.0
Ford,Escape,suv,gasoline,automatic,2004,227356,2.6,163,5,0,1,5243.69
Tesla,Model S,sedan,electric,automatic,2024,33915,0.0,481,3,0,5,97828.71
Chevrolet,Silverado,truck,gasoline,automatic,2018,97099,5.0,305,2,1,4,48546.02
Honda,CR-V,suv,gasoline,automatic,2023,29722,3.5,204,2,0,5,62201.91
BMW,X5,suv,gasoline,automatic,2016,106516,4.8,457,3,0,4,72199.16
Honda,CR-V,suv,diesel,manual,2025,13605,4.4,188,2,0,5,71024.18
BMW,X5,suv,hybrid,automatic,2010,113639,3.0,400,4,0,3,62138.57
Ford,F-150,truck,hybrid,automatic,2015,188890,4.0,317,3,1,3,34323.42
BMW,5 Series,sedan,diesel,manual,2025,16327,4.7,445,2,1,5,90128.39
BMW,5 Series,sedan,gasoline,automatic,2022,39532,2.8,272,2,0,5,74608.65
Ford,Mustang,coupe,gasoline,automatic,2021,62864,4.7,228,2,0,5,56474.55
Tesla,Model 3,sedan,electric,automatic,2018,65997,0.0,468,2,0,4,83850.77
Honda,Accord,sedan,hybrid,automatic,2006,300761,2.8,319,4,0,1,3952.9
Honda,Accord,sedan,gasoline,automatic,2004,233156,2.5,129,6,1,2,2500.0
Honda,Accord,sedan,hybrid,automatic,2007,186628,2.7,306,3,0,3,25551.79
Toyota,RAV4,suv,gasoline,automatic,2006,343130,5.6,238,6,0,1,2500.0
Toyota,Camry,sedan,gasoline,automatic,2025,11701,4.1,195,2,0,5,64546.37
Honda,CR-V,suv,gasoline,automatic,2010,193219,5.0,252,6,1,2,16633.79
Toyota,Camry,sedan,gasoline,manual,2013,212691,3.7,160,5,1,3,18416.05
Ford,Escape,suv,hybrid,automatic,2007,226400,5.6,250,5,1,2,18957.53
Hyundai,Tucson,suv,gasoline,automatic,2019,89900,5.6,275,4,0,5,58538.82
Chevrolet,Malibu,sedan,hybrid,automatic,2016,100465,2.3,249,4,0,4,35628.24
Ford,Mustang,coupe,gasoline,automatic,2008,154283,5.7,291,5,1,2,22079.73
Honda,CR-V,suv,gasoline,automatic,2018,65032,3.1,276,2,0,4,57634.71
Toyota,Camry,sedan,hybrid,manual,2003,77393,4.9,256,6,1,2,17245.18
Toyota,Corolla,sedan,gasoline,automatic,2012,212670,5.6,249,3,0,3,28679.77
Toyota,Corolla,sedan,gasoline,automatic,2006,218850,2.1,174,4,0,2,6592.93
BMW,5 Series,sedan,hybrid,automatic,2009,191402,2.4,309,5,0,3,41959.59
Ford,F-150,truck,hybrid,automatic,2020,95416,2.7,152,2,0,4,50632.57
Hyundai,Tucson,suv,hybrid,manual,2025,11602,3.1,281,2,0,5,72987.3
Chevrolet,Equinox,suv,gasoline,automatic,2014,50935,4.5,223,3,1,3,40361.24
BMW,3 Series,sedan,gasoline,automatic,2024,24960,4.5,412,1,0,5,90591.3
Ford,Mustang,coupe,gasoline,automatic,2001,168185,3.2,289,7,1,2,11185.81
Toyota,Corolla,sedan,gasoline,automatic,2020,72388,3.6,278,2,0,4,54871.06
Tesla,Model S,sedan,electric,automatic,2003,192927,0.0,331,6,0,1,29588.77
Hyundai,Elantra,sedan,hybrid,automatic,2021,78206,3.2,247,2,0,4,48010.53
Honda,Civic,sedan,gasoline,automatic,2026,20303,4.3,193,2,1,5,64167.23
BMW,5 Series,sedan,gasoline,automatic,2011,37426,3.9,264,5,0,5,60170.06
Toyota,Corolla,sedan,hybrid,automatic,2004,277576,2.3,209,5,1,1,2500.0
Toyota,Corolla,sedan,gasoline,automatic,2014,195358,5.5,259,3,0,2,29684.64
Tesla,Model S,sedan,electric,automatic,2016,188767,0.0,491,3,0,2,64203.16
Chevrolet,Silverado,truck,gasoline,automatic,2010,159642,3.0,209,5,1,1,21277.51
BMW,X5,suv,gasoline,automatic,2009,213977,3.4,468,5,0,2,46846.48
Mercedes,GLC,suv,gasoline,automatic,2017,128606,4.9,320,3,0,4,69868.16
Toyota,Corolla,sedan,gasoline,automatic,2013,176017,3.5,194,5,0,3,27661.11
Ford,Escape,suv,gasoline,automatic,2020,49614,2.0,210,1,1,4,51553.79
Honda,Accord,sedan,gasoline,automatic,2023,37798,3.4,275,2,0,5,58313.33
Toyota,RAV4,suv,gasoline,automatic,2023,41998,1.5,307,1,0,5,67816.85
Toyota,Corolla,sedan,gasoline,automatic,2010,140997,3.8,230,5,1,3,26194.95
Chevrolet,Silverado,truck,hybrid,automatic,2002,272509,5.6,285,5,1,3,16779.25
Honda,Civic,sedan,gasoline,automatic,2015,108524,2.8,175,4,0,4,29962.21
Chevrolet,Equinox,suv,diesel,automatic,2001,197154,2.4,253,5,1,1,2500.0
BMW,5 Series,sedan,gasoline,manual,2017,150143,3.4,369,4,1,2,45180.94
Mercedes,C-Class,sedan,gasoline,automatic,2012,239235,4.0,419,3,0,3,49021.53
Chevrolet,Silverado,truck,gasoline,automatic,2005,304207,2.2,252,4,0,2,9407.08
Toyota,Camry,sedan,diesel,automatic,2010,197349,2.7,132,5,1,2,8003.11
Toyota,RAV4,suv,gasoline,automatic,2019,78965,4.0,210,2,0,4,51963.42
Chevrolet,Silverado,truck,hybrid,automatic,2006,236494,3.5,134,4,0,2,10844.55
Tesla,Model S,sedan,electric,automatic,2006,310696,0.0,451,6,0,2,24485.92
Honda,CR-V,suv,gasoline,automatic,2002,134671,3.9,192,5,0,2,18665.01
Toyota,Camry,sedan,gasoline,automatic,2020,74234,5.5,170,3,0,2,43043.02
Honda,Civic,sedan,gasoline,automatic,2012,121550,2.7,327,4,1,4,34729.66
BMW,3 Series,sedan,gasoline,automatic,2003,311125,4.7,446,6,1,1,18670.62
Ford,Mustang,coupe,gasoline,automatic,2011,97149,1.8,290,4,0,5,43540.47
Hyundai,Sonata,sedan,gasoline,manual,2004,244157,1.9,238,6,1,1,2500.0
Honda,Accord,sedan,gasoline,automatic,2005,150956,5.5,262,6,1,3,24911.37
Mercedes,E-Class,sedan,gasoline,manual,2021,46120,2.0,463,1,0,4,77541.22
BMW,5 Series,sedan,gasoline,automatic,2017,107764,3.6,409,3,1,4,61798.87
Hyundai,Tucson,suv,hybrid,automatic,2009,170975,3.3,318,3,0,3,28433.37
Ford,Escape,suv,gasoline,manual,2005,203498,3.0,176,6,1,1,10631.38
Honda,Civic,sedan,gasoline,automatic,2004,403195,1.8,178,6,0,1,2500.0
Toyota,Camry,sedan,gasoline,automatic,2006,214216,2.4,190,6,0,1,3881.97
Honda,Accord,sedan,gasoline,manual,2018,97114,2.5,132,3,0,4,42165.97
Honda,Civic,sedan,gasoline,automatic,2002,384308,3.2,307,5,0,1,2500.0
Mercedes,GLC,suv,gasoline,automatic,2000,229199,5.6,436,6,0,1,34309.97
Honda,CR-V,suv,gasoline,automatic,2026,5071,2.9,158,1,0,5,66739.54
Toyota,RAV4,suv,hybrid,automatic,2002,290607,1.6,175,6,0,1,2500.0
Mercedes,E-Class,sedan,gasoline,automatic,2002,212171,3.7,413,6,1,2,25010.87
Ford,Escape,suv,gasoline,automatic,2009,150866,2.1,240,6,1,3,16564.48
Honda,CR-V,suv,gasoline,manual,2022,34750,5.6,166,3,0,5,62070.72
Ford,F-150,truck,gasoline,automatic,2008,263527,5.1,278,4,1,2,13632.81
Toyota,Corolla,sedan,gasoline,automatic,2023,41891,3.3,166,1,0,5,58528.48
Chevrolet,Equinox,suv,gasoline,automatic,2026,6274,5.4,290,1,1,5,64544.76
Honda,CR-V,suv,hybrid,automatic,2015,181292,3.0,217,2,1,2,27221.91
Ford,F-150,truck,hybrid,automatic,2026,7745,3.7,123,1,0,5,71177.88
BMW,5 Series,sedan,gasoline,automatic,2004,300121,5.4,463,5,0,2,27866.33
Ford,Escape,suv,gasoline,automatic,2013,164639,5.3,138,3,0,4,35365.37
Mercedes,C-Class,sedan,gasoline,automatic,2001,314518,5.7,441,7,1,1,13238.44
Mercedes,C-Class,sedan,gasoline,automatic,2022,38424,5.4,426,1,0,4,88208.28
Toyota,RAV4,suv,gasoline,automatic,2014,96448,1.5,322,6,1,4,36776.98
Chevrolet,Silverado,truck,gasoline,automatic,2006,160132,3.5,224,5,1,2,15069.86
Ford,F-150,truck,gasoline,automatic,2014,92854,3.9,311,4,0,4,48480.82
Honda,Civic,sedan,gasoline,automatic,2022,41781,5.6,186,1,0,5,57914.51
Tesla,Model S,sedan,electric,automatic,2018,129768,0.0,271,3,0,4,67164.56
Ford,Escape,suv,gasoline,automatic,2012,190498,4.2,182,5,0,4,25732.26
Toyota,Camry,sedan,hybrid,automatic,2002,124996,2.5,310,5,0,1,16824.18
Mercedes,C-Class,sedan,gasoline,automatic,2009,217432,1.7,333,4,0,3,37038.18
Hyundai,Sonata,sedan,gasoline,automatic,2020,96015,3.6,126,3,0,5,45988.27
BMW,3 Series,sedan,gasoline,automatic,2025,19600,2.9,410,2,0,5,88283.56
Hyundai,Elantra,sedan,hybrid,manual,2021,54825,1.4,132,1,0,5,56005.16
Toyota,RAV4,suv,gasoline,manual,2023,20553,5.6,306,3,0,5,72112.39
Chevrolet,Silverado,truck,gasoline,automatic,2020,73005,2.1,130,3,0,5,48281.42
Chevrolet,Malibu,sedan,hybrid,manual,2003,174566,3.7,223,6,0,2,13774.56
Honda,CR-V,suv,gasoline,automatic,2011,204466,4.5,234,4,0,2,28468.57
Honda,Accord,sedan,gasoline,automatic,2025,8162,2.3,278,1,0,5,69762.9
Toyota,Camry,sedan,gasoline,automatic,2020,54008,4.5,171,3,0,5,51248.77
Ford,Escape,suv,diesel,automatic,2003,288315,4.6,190,5,1,1,2500.0
Mercedes,GLC,suv,gasoline,manual,2004,305592,1.7,494,6,1,1,27243.26
BMW,X5,suv,gasoline,automatic,2006,236918,2.4,360,6,0,2,31966.15
Hyundai,Elantra,sedan,diesel,automatic,2018,146851,2.4,257,2,1,4,41878.61
Hyundai,Sonata,sedan,gasoline,automatic,2009,223615,3.2,284,7,1,2,7277.96
Hyundai,Tucson,suv,hybrid,automatic,2004,230128,4.8,178,6,0,1,6827.99
Mercedes,GLC,suv,gasoline,manual,2003,255939,4.7,380,6,1,2,24256.02
Honda,Accord,sedan,gasoline,automatic,2001,349635,5.6,311,6,1,1,2500.0
Mercedes,GLC,suv,gasoline,manual,2022,40741,4.2,286,1,0,4,82193.96
BMW,5 Series,sedan,gasoline,manual,2013,182071,5.6,358,4,0,2,44950.09
BMW,5 Series,sedan,hybrid,automatic,2013,137223,3.6,419,4,0,4,63500.77
Mercedes,E-Class,sedan,gasoline,automatic,2000,325950,4.6,406,6,1,1,7240.45
Chevrolet,Malibu,sedan,gasoline,automatic,2025,14989,1.4,321,1,0,5,69019.2
Toyota,Corolla,sedan,gasoline,automatic,2010,130111,3.2,197,4,0,4,28479.21
Toyota,RAV4,suv,gasoline,automatic,2012,163236,4.6,240,2,0,3,34323.11
Toyota,Camry,sedan,gasoline,automatic,2025,17558,3.5,278,1,0,5,72888.42
BMW,3 Series,sedan,gasoline,automatic,2015,143060,2.3,373,3,0,4,56773.06
Chevrolet,Silverado,truck,gasoline,automatic,2017,85809,1.4,294,5,0,4,50189.92
Ford,Mustang,coupe,gasoline,automatic,2015,126986,5.4,229,3,1,5,41507.01
Tesla,Model Y,suv,electric,automatic,2020,89347,0.0,326,2,0,4,78292.07
Ford,Mustang,coupe,gasoline,automatic,2009,166736,2.4,253,4,1,3,15984.06
Hyundai,Tucson,suv,gasoline,automatic,2005,286997,2.8,234,5,0,2,4777.12
BMW,5 Series,sedan,hybrid,automatic,2025,18059,4.5,483,1,0,4,95316.83
Honda,CR-V,suv,gasoline,automatic,2000,228470,5.4,214,6,1,1,2500.0
Honda,CR-V,suv,gasoline,automatic,2012,209079,2.4,157,4,1,3,13291.52
Toyota,Corolla,sedan,hybrid,automatic,2000,389836,5.1,244,7,1,1,2500.0
Toyota,Camry,sedan,hybrid,automatic,2015,123667,4.4,234,2,1,3,40866.84
Toyota,RAV4,suv,hybrid,automatic,2011,183644,4.7,309,5,1,2,22155.77
BMW,3 Series,sedan,gasoline,manual,2022,34526,4.9,351,2,1,5,75079.8
Honda,Accord,sedan,gasoline,automatic,2003,235725,2.7,227,6,0,2,2500.0
Toyota,Camry,sedan,gasoline,manual,2022,42808,4.8,206,2,0,5,60493.8
Honda,Civic,sedan,hybrid,automatic,2006,343451,2.4,320,5,1,1,2500.0
BMW,3 Series,sedan,hybrid,manual,2025,7133,2.2,279,2,0,4,84198.35
Tesla,Model S,sedan,electric,automatic,2006,245183,0.0,272,5,0,2,30824.34
Honda,Civic,sedan,gasoline,automatic,2006,223929,2.6,322,5,0,2,9754.56
Hyundai,Tucson,suv,hybrid,automatic,2018,120855,1.8,274,3,1,5,42280.85
Toyota,RAV4,suv,hybrid,automatic,2005,246808,3.2,329,3,0,2,20121.61
Honda,Accord,sedan,diesel,automatic,2021,76561,3.6,128,1,1,5,50508.24
Mercedes,C-Class,sedan,gasoline,automatic,2001,295003,3.1,402,5,1,1,12788.0
Toyota,Corolla,sedan,gasoline,automatic,2025,13488,2.3,223,1,0,4,64370.82
Mercedes,GLC,suv,gasoline,automatic,2017,62932,2.3,334,2,0,4,72761.04
Ford,Mustang,coupe,gasoline,automatic,2014,169034,2.9,185,2,0,3,29527.51
Mercedes,GLC,suv,gasoline,automatic,2016,51602,4.1,325,4,1,5,69402.73
Honda,Accord,sedan,gasoline,automatic,2012,190070,3.0,181,3,1,3,21296.7
Honda,Accord,sedan,gasoline,automatic,2018,79136,2.4,139,4,1,4,35687.01
Toyota,Corolla,sedan,gasoline,automatic,2013,115966,2.2,242,3,0,4,37085.68
Hyundai,Elantra,sedan,gasoline,automatic,2009,184046,3.7,236,5,1,3,12740.55
Toyota,Corolla,sedan,gasoline,automatic,2008,92189,4.8,271,5,0,3,27417.12
Tesla,Model S,sedan,electric,automatic,2002,224870,0.0,438,5,1,1,30572.92
Tesla,Model Y,suv,electric,automatic,2005,245072,0.0,495,3,1,3,47952.56
Honda,Civic,sedan,hybrid,automatic,2012,226922,3.8,145,4,1,3,9316.52
Honda,Accord,sedan,diesel,automatic,2008,179839,4.5,239,5,0,3,21509.64
Ford,Escape,suv,gasoline,automatic,2014,123092,4.0,209,5,0,5,38397.7
Mercedes,GLC,suv,gasoline,automatic,2007,176543,3.2,306,5,0,1,36350.77
Toyota,Corolla,sedan,gasoline,automatic,2023,19358,3.0,247,1,0,5,61615.52
Hyundai,Tucson,suv,gasoline,automatic,2025,12271,5.5,162,2,0,5,62009.52
Ford,Escape,suv,gasoline,manual,2009,161223,2.4,183,5,0,3,22627.47
Ford,F-150,truck,gasoline,automatic,2016,16133,2.7,231,4,1,4,47227.15
Toyota,Camry,sedan,gasoline,automatic,2003,326767,4.9,323,6,0,1,2500.0
Mercedes,E-Class,sedan,gasoline,automatic,2009,205578,5.2,369,5,0,2,42662.26
Toyota,Camry,sedan,gasoline,automatic,2009,135421,5.6,238,6,0,3,28341.43
Tesla,Model Y,suv,electric,automatic,2017,66579,0.0,272,3,0,2,72889.2
Hyundai,Sonata,sedan,gasoline,automatic,2021,79872,1.7,155,1,0,5,52296.33
Ford,Mustang,coupe,gasoline,automatic,2011,149465,2.4,167,5,1,2,19133.97
Chevrolet,Equinox,suv,gasoline,automatic,2023,53520,4.8,185,1,1,5,58232.1
Chevrolet,Silverado,truck,gasoline,automatic,2008,215129,2.7,150,3,1,2,10075.56
Ford,Escape,suv,gasoline,automatic,2025,19334,2.7,254,1,0,5,67803.06
Toyota,RAV4,suv,gasoline,automatic,2019,59072,2.8,180,2,0,5,44917.63
Mercedes,GLC,suv,gasoline,automatic,2026,16780,3.6,462,1,0,5,100850.66
BMW,X5,suv,diesel,automatic,2017,124356,3.0,337,3,0,4,66436.66
Honda,CR-V,suv,gasoline,automatic,2007,222102,1.9,174,5,1,2,6602.32
BMW,3 Series,sedan,gasoline,automatic,2014,111747,2.9,394,4,0,3,55715.94
Ford,Mustang,coupe,gasoline,manual,2002,359705,2.4,159,6,0,1,2500.0
Hyundai,Sonata,sedan,gasoline,manual,2024,36084,2.0,314,3,0,5,58758.16
Ford,F-150,truck,gasoline,automatic,2001,252528,4.7,328,6,0,2,14003.82
Honda,CR-V,suv,gasoline,automatic,2011,156853,2.5,220,4,0,2,22664.59
Toyota,RAV4,suv,gasoline,automatic,2016,57694,2.5,183,3,1,4,42134.18
Tesla,Model Y,suv,electric,automatic,2017,100070,0.0,417,4,0,3,73539.12
Toyota,RAV4,suv,hybrid,manual,2021,58184,1.8,307,1,0,5,66266.17
Honda,Accord,sedan,gasoline,automatic,2007,282660,3.1,152,4,0,1,2500.0
Hyundai,Sonata,sedan,hybrid,automatic,2020,28511,4.7,315,2,0,4,60302.97
Ford,Escape,suv,gasoline,automatic,2004,233743,3.3,230,4,0,1,12582.46
BMW,5 Series,sedan,hybrid,automatic,2011,193702,4.7,280,3,1,2,38034.25
Honda,Civic,sedan,gasoline,automatic,2020,66125,1.7,255,2,0,4,47509.12
Chevrolet,Malibu,sedan,hybrid,automatic,2024,28287,2.7,131,2,0,5,56868.23
Toyota,Corolla,sedan,gasoline,automatic,2014,138728,2.9,213,4,1,3,20023.14
Honda,Civic,sedan,gasoline,automatic,2013,190440,3.7,239,5,0,3,22015.3
Honda,CR-V,suv,gasoline,automatic,2021,80105,4.5,231,3,0,5,58129.08
Chevrolet,Malibu,sedan,hybrid,automatic,2024,24917,5.0,329,2,0,5,67138.09
Ford,Escape,suv,hybrid,automatic,2010,230279,2.4,165,4,0,3,22136.48
Honda,Accord,sedan,gasoline,automatic,2013,176980,4.0,323,4,1,2,16735.38
Honda,Accord,sedan,gasoline,automatic,2002,284575,1.4,223,3,0,1,2500.0
Hyundai,Sonata,sedan,gasoline,automatic,2007,249592,1.7,268,5,1,1,2500.0
Ford,Mustang,coupe,gasoline,manual,2019,84876,3.8,172,1,0,4,52752.32
BMW,3 Series,sedan,gasoline,automatic,2025,15504,2.8,459,1,0,5,84039.84
Mercedes,C-Class,sedan,gasoline,automatic,2022,24832,4.7,395,3,1,5,75515.92
Toyota,Camry,sedan,gasoline,manual,2007,251464,2.0,324,5,1,3,8114.8
Honda,Accord,sedan,gasoline,automatic,2024,25786,5.1,197,1,0,5,59939.55
Toyota,Corolla,sedan,gasoline,automatic,2012,181012,3.2,308,5,0,3,30040.67
Chevrolet,Equinox,suv,gasoline,automatic,2009,148609,2.0,211,4,0,2,22948.51
Ford,F-150,truck,diesel,automatic,2026,16570,5.3,219,1,0,5,71296.22
BMW,5 Series,sedan,gasoline,automatic,2003,329982,3.1,498,6,0,1,15858.62
Hyundai,Tucson,suv,hybrid,automatic,2017,115431,3.1,221,1,0,2,39606.1
BMW,5 Series,sedan,gasoline,automatic,2004,217561,4.9,469,6,0,2,31060.69
Hyundai,Sonata,sedan,gasoline,automatic,2022,59346,2.8,321,3,0,5,54836.22
Ford,Mustang,coupe,gasoline,manual,2015,139493,3.9,281,4,0,3,38932.05
Honda,Accord,sedan,hybrid,manual,2022,53603,5.5,211,2,1,5,54217.34
Ford,Mustang,coupe,hybrid,automatic,2009,210972,5.3,166,4,1,3,19329.73
Honda,Accord,sedan,gasoline,automatic,2010,145895,2.0,242,4,1,2,13918.01
Honda,Civic,sedan,gasoline,automatic,2002,249813,2.8,235,5,0,1,3011.36
Toyota,Camry,sedan,gasoline,automatic,2014,147364,4.6,147,3,0,3,32407.91
Toyota,RAV4,suv,hybrid,manual,2018,108213,4.5,165,3,0,5,52404.53
Hyundai,Sonata,sedan,gasoline,automatic,2022,58426,5.1,269,2,0,4,51021.98
Toyota,Corolla,sedan,gasoline,automatic,2018,108505,1.4,157,3,0,3,35739.68
Toyota,RAV4,suv,gasoline,automatic,2024,30731,4.8,267,2,0,5,68489.85
Tesla,Model Y,suv,electric,automatic,2006,250819,0.0,435,6,0,1,43487.54
Honda,Civic,sedan,gasoline,manual,2001,229914,4.7,254,7,0,1,5902.29
Mercedes,E-Class,sedan,hybrid,automatic,2026,10165,1.4,312,1,0,5,93291.67
Tesla,Model 3,sedan,electric,automatic,2012,99922,0.0,372,4,0,3,59245.79
Chevrolet,Silverado,truck,gasoline,automatic,2008,228951,4.0,296,5,0,3,16441.97
Tesla,Model Y,suv,electric,automatic,2021,23192,0.0,379,2,0,5,91477.76
Toyota,Corolla,sedan,gasoline,automatic,2015,162872,1.6,233,4,0,3,31663.58
Ford,F-150,truck,gasoline,automatic,2015,131155,4.4,299,4,0,3,43980.78
Ford,Mustang,coupe,hybrid,automatic,2006,183108,3.2,160,4,1,2,12529.73
Toyota,Corolla,sedan,hybrid,automatic,2025,3988,1.8,251,1,1,5,60875.54
Mercedes,C-Class,sedan,gasoline,automatic,2017,119056,4.3,304,3,0,5,68177.83
Ford,Mustang,coupe,gasoline,automatic,2013,207942,3.2,268,5,0,4,32791.61
Ford,F-150,truck,diesel,automatic,2017,80923,2.0,256,2,1,4,46838.96
Chevrolet,Malibu,sedan,gasoline,automatic,2010,173370,2.2,188,5,0,3,15019.38
Ford,Escape,suv,gasoline,automatic,2002,154690,3.1,293,5,0,2,15507.09
BMW,3 Series,sedan,gasoline,manual,2014,148039,1.9,358,3,0,4,50519.19
BMW,5 Series,sedan,hybrid,automatic,2005,262396,4.6,471,5,1,1,21018.09
BMW,5 Series,sedan,hybrid,automatic,2015,178167,5.0,321,2,0,3,55748.97
Toyota,Corolla,sedan,gasoline,automatic,2025,11074,5.0,150,3,0,5,64732.19
Honda,CR-V,suv,gasoline,automatic,2000,380063,1.5,329,5,0,1,2500.0
Tesla,Model 3,sedan,electric,automatic,2008,145148,0.0,404,6,0,2,48367.6
Ford,F-150,truck,gasoline,manual,2024,25256,4.0,254,2,0,5,70405.89
Chevrolet,Equinox,suv,gasoline,automatic,2019,106567,3.5,257,2,0,4,46668.49
Honda,CR-V,suv,gasoline,automatic,2010,176223,3.9,181,4,1,2,18853.1
Hyundai,Sonata,sedan,gasoline,manual,2012,173716,5.1,177,4,1,3,20817.8
Mercedes,E-Class,sedan,diesel,automatic,2022,70701,3.4,516,2,0,5,86277.7
Honda,CR-V,suv,gasoline,automatic,2017,88875,2.5,143,4,0,4,37952.94
Chevrolet,Malibu,sedan,gasoline,automatic,2007,160131,2.2,192,5,0,2,19055.38
Honda,Civic,sedan,gasoline,automatic,2002,252726,5.7,148,6,0,1,2500.0
Honda,Civic,sedan,gasoline,automatic,2013,150910,5.5,247,4,0,3,33180.39
BMW,X5,suv,gasoline,automatic,2018,80569,2.3,298,3,0,3,67051.01
Ford,Escape,suv,diesel,automatic,2001,200861,2.2,249,6,1,2,7452.52
Chevrolet,Malibu,sedan,gasoline,automatic,2019,114962,3.0,209,3,0,4,41338.98
Chevrolet,Malibu,sedan,gasoline,automatic,2017,45538,4.1,214,2,0,3,50032.1
Mercedes,C-Class,sedan,hybrid,manual,2026,18736,2.3,507,1,0,5,95338.49
Toyota,RAV4,suv,hybrid,automatic,2002,288529,3.4,306,5,1,1,4884.16
Tesla,Model S,sedan,electric,automatic,2006,207012,0.0,286,3,0,2,42933.59
Toyota,Camry,sedan,gasoline,automatic,2007,143583,5.5,270,6,1,2,18344.62
Toyota,Camry,sedan,gasoline,automatic,2019,117081,2.3,168,2,1,3,35386.11
Toyota,Corolla,sedan,gasoline,automatic,2009,174268,2.0,305,5,0,3,24351.42
Honda,Accord,sedan,gasoline,automatic,2025,12223,2.4,168,2,0,5,58517.15
BMW,X5,suv,hybrid,automatic,2026,9357,4.2,497,1,0,5,96248.26
Honda,CR-V,suv,gasoline,automatic,2014,215516,2.8,155,3,0,2,19607.19
Honda,CR-V,suv,hybrid,automatic,2001,322359,4.8,208,7,0,1,2500.0
Chevrolet,Equinox,suv,hybrid,automatic,2025,17354,1.7,289,2,0,5,70582.51
Honda,CR-V,suv,gasoline,automatic,2015,176902,5.1,138,2,1,4,30730.08
Chevrolet,Silverado,truck,hybrid,automatic,2019,104749,4.2,306,2,0,5,64890.49
Ford,Escape,suv,gasoline,automatic,2007,320169,3.7,312,4,0,1,11552.47
Toyota,Corolla,sedan,gasoline,automatic,2022,49021,5.6,253,2,0,5,55979.48
Chevrolet,Malibu,sedan,diesel,automatic,2024,32009,2.8,299,3,1,4,56000.54
Toyota,Corolla,sedan,gasoline,automatic,2017,102750,1.4,168,2,1,4,32003.89
Honda,Accord,sedan,gasoline,automatic,2009,251359,4.7,195,5,0,3,7901.45
Toyota,RAV4,suv,gasoline,automatic,2025,10301,4.4,246,1,0,5,71090.17
Chevrolet,Silverado,truck,gasoline,automatic,2011,292518,4.4,303,3,0,2,19574.6
Ford,Escape,suv,gasoline,automatic,2004,238774,4.5,229,5,1,2,4138.28
Ford,Mustang,coupe,diesel,automatic,2005,200557,3.5,198,5,1,2,6210.78
Hyundai,Elantra,sedan,gasoline,automatic,2016,113074,5.5,305,4,0,4,34707.07
BMW,X5,suv,gasoline,automatic,2026,10004,3.7,304,1,0,5,89379.72
Toyota,Camry,sedan,gasoline,automatic,2018,88488,3.1,189,2,0,5,50714.45
Chevrolet,Equinox,suv,hybrid,automatic,2023,29271,3.7,233,1,0,5,71708.81
Toyota,RAV4,suv,hybrid,automatic,2021,60867,3.9,228,1,0,5,59151.0
Honda,Civic,sedan,gasoline,automatic,2007,210469,4.7,208,5,0,3,14890.08
Chevrolet,Malibu,sedan,hybrid,automatic,2015,110200,5.1,301,3,0,3,46062.7
Hyundai,Sonata,sedan,gasoline,manual,2026,14323,5.6,166,1,1,5,63251.3
Honda,Civic,sedan,diesel,automatic,2022,36035,1.7,217,2,0,5,58239.23
Hyundai,Tucson,suv,diesel,automatic,2021,51972,2.4,212,2,0,5,57151.94
Chevrolet,Silverado,truck,gasoline,automatic,2024,26224,2.2,142,2,0,5,63421.76
Toyota,Camry,sedan,gasoline,automatic,2020,79044,4.1,128,2,0,3,46664.89
Honda,Civic,sedan,gasoline,automatic,2020,70249,4.3,195,2,0,5,46675.16
Hyundai,Elantra,sedan,gasoline,automatic,2022,33623,1.5,253,1,0,4,52540.54
Toyota,RAV4,suv,gasoline,automatic,2006,203709,2.1,295,5,1,1,8173.86
Mercedes,E-Class,sedan,gasoline,automatic,2008,162194,3.5,317,6,1,2,30543.03
BMW,3 Series,sedan,diesel,automatic,2011,245680,4.4,426,4,0,2,39862.34
Toyota,RAV4,suv,gasoline,automatic,2002,370957,4.9,134,6,0,1,2500.0
Toyota,Camry,sedan,hybrid,automatic,2023,18419,3.2,311,1,0,5,66097.95
Hyundai,Tucson,suv,hybrid,manual,2011,133928,3.6,326,5,0,4,43138.04
Hyundai,Elantra,sedan,gasoline,manual,2001,326489,4.1,311,7,0,1,2500.0
Honda,CR-V,suv,gasoline,automatic,2024,26004,1.5,126,4,0,5,56436.71
Hyundai,Sonata,sedan,hybrid,automatic,2013,135263,5.1,139,4,1,3,24815.03
Ford,Mustang,coupe,hybrid,automatic,2024,23706,5.5,325,2,0,5,71080.28
Mercedes,C-Class,sedan,hybrid,automatic,2023,43988,4.9,322,2,0,4,85932.41
Tesla,Model 3,sedan,electric,automatic,2014,99875,0.0,417,4,1,3,60814.58
Ford,Escape,suv,diesel,automatic,2021,61313,3.7,215,2,0,4,55985.52
Toyota,RAV4,suv,hybrid,automatic,2001,286498,5.4,196,6,0,1,2500.0
Hyundai,Tucson,suv,hybrid,automatic,2013,54057,1.4,312,4,0,4,48488.57
Honda,Civic,sedan,gasoline,automatic,2024,28961,5.5,225,1,0,5,67284.71
Hyundai,Elantra,sedan,gasoline,automatic,2017,119876,5.1,294,1,1,4,40843.49
Hyundai,Sonata,sedan,gasoline,automatic,2015,112919,2.9,308,3,0,4,42275.21
Chevrolet,Silverado,truck,gasoline,automatic,2020,53836,2.7,225,3,0,5,59162.83
Hyundai,Elantra,sedan,gasoline,automatic,2008,216310,5.3,234,4,0,1,11931.53
Honda,Accord,sedan,gasoline,automatic,2015,100015,5.1,210,3,0,4,40930.73
Honda,Civic,sedan,gasoline,automatic,2003,271879,4.7,184,5,0,1,2500.0
Honda,Accord,sedan,hybrid,automatic,2012,167253,3.7,214,5,1,4,28327.85
Mercedes,C-Class,sedan,gasoline,automatic,2007,150654,4.5,293,5,0,2,35704.12
Toyota,Corolla,sedan,gasoline,automatic,2011,96140,5.5,305,5,1,4,36858.03
Toyota,Corolla,sedan,diesel,automatic,2015,110392,3.3,292,5,1,4,37459.71
Chevrolet,Silverado,truck,gasoline,automatic,2005,48936,4.1,133,5,0,3,33849.74
Honda,Accord,sedan,gasoline,automatic,2004,435238,1.9,156,6,0,1,2500.0
Honda,Accord,sedan,hybrid,automatic,2014,175305,2.1,128,3,1,3,19059.1
Toyota,Corolla,sedan,diesel,automatic,2025,9325,1.6,170,1,0,5,55568.87
Mercedes,GLC,suv,gasoline,automatic,2015,118212,5.3,455,3,0,4,75441.23
Ford,F-150,truck,hybrid,automatic,2021,60240,3.9,267,2,0,5,68736.82
Tesla,Model Y,suv,electric,automatic,2024,18090,0.0,358,1,0,5,99105.87
Toyota,RAV4,suv,gasoline,automatic,2005,131955,4.4,143,5,0,1,11677.72
Toyota,Camry,sedan,gasoline,automatic,2025,15991,3.3,229,2,0,5,67125.37
Tesla,Model Y,suv,electric,automatic,2011,122891,0.0,433,4,1,3,63177.16
Chevrolet,Silverado,truck,gasoline,automatic,2021,75904,2.8,176,3,0,5,53992.45
BMW,5 Series,sedan,gasoline,automatic,2016,94750,4.8,384,4,1,4,53945.33
Toyota,RAV4,suv,gasoline,automatic,2003,241042,5.7,179,6,1,3,4989.52
Mercedes,GLC,suv,gasoline,automatic,2004,180665,5.0,267,7,1,3,31482.97
Ford,Mustang,coupe,gasoline,automatic,2013,124393,2.9,308,4,0,4,38770.16
Toyota,Corolla,sedan,hybrid,automatic,2004,306250,3.0,221,4,1,1,2500.0
Toyota,RAV4,suv,gasoline,automatic,2020,46360,1.7,269,3,0,4,58911.34
Hyundai,Tucson,suv,gasoline,automatic,2022,29046,3.2,252,1,1,5,61792.85
Hyundai,Tucson,suv,diesel,automatic,2006,240495,3.6,136,6,1,1,2500.0
Tesla,Model 3,sedan,electric,automatic,2024,19170,0.0,353,1,0,4,85000.36
Tesla,Model Y,suv,electric,automatic,2009,267721,0.0,289,4,0,1,39778.31
Mercedes,E-Class,sedan,hybrid,automatic,2026,17761,2.6,488,1,0,5,97267.15
Honda,Accord,sedan,hybrid,manual,2013,120863,3.4,318,4,1,4,34931.92
Honda,CR-V,suv,gasoline,automatic,2010,149560,3.5,242,4,0,2,23545.46
BMW,X5,suv,gasoline,automatic,2009,88908,4.3,279,5,0,4,57841.33
BMW,3 Series,sedan,gasoline,automatic,2005,112125,3.5,277,5,0,3,39666.0
Honda,Civic,sedan,gasoline,manual,2022,47574,4.8,200,1,0,4,55889.31
Mercedes,GLC,suv,gasoline,manual,2020,111914,1.9,440,3,0,4,74493.72
Honda,Accord,sedan,hybrid,automatic,2003,253788,4.5,199,5,1,1,2500.0
Honda,Accord,sedan,gasoline,manual,2021,67709,5.3,239,1,0,4,49419.94
Honda,Civic,sedan,gasoline,automatic,2023,44503,2.5,247,2,0,5,54762.94
Tesla,Model Y,suv,electric,automatic,2002,247963,0.0,498,4,0,2,45565.15
Chevrolet,Equinox,suv,gasoline,automatic,2019,64436,2.3,226,2,0,5,50893.74
Hyundai,Tucson,suv,gasoline,manual,2024,19323,1.6,157,3,0,5,65422.33
Toyota,RAV4,suv,gasoline,automatic,2008,279628,5.4,271,4,0,2,16903.37
Hyundai,Elantra,sedan,gasoline,automatic,2005,211109,4.4,302,6,0,2,16561.77
Mercedes,E-Class,sedan,gasoline,automatic,2016,107875,2.1,478,3,0,4,65459.46
BMW,X5,suv,hybrid,automatic,2026,19977,4.7,305,2,0,5,99408.97
Honda,Accord,sedan,gasoline,automatic,2008,250851,1.5,322,5,0,1,7721.3
Ford,Mustang,coupe,gasoline,manual,2003,257212,3.5,251,5,1,1,2500.0
Toyota,Corolla,sedan,gasoline,automatic,2013,142368,3.5,229,4,1,3,28143.49
Hyundai,Tucson,suv,gasoline,automatic,2019,89926,3.2,241,2,0,4,51090.79
Ford,F-150,truck,gasoline,automatic,2002,266642,1.8,270,7,0,1,2500.0
Ford,Escape,suv,gasoline,automatic,2012,182477,4.8,192,4,0,2,23745.36
Honda,Civic,sedan,gasoline,automatic,2006,36554,4.1,120,5,1,4,26383.41
Mercedes,E-Class,sedan,gasoline,automatic,2001,232173,2.1,392,5,0,1,23291.44
Chevrolet,Malibu,sedan,gasoline,manual,2000,341374,3.1,183,7,0,1,2500.0
Chevrolet,Silverado,truck,gasoline,automatic,2002,218487,1.8,273,5,1,1,2500.0
BMW,5 Series,sedan,gasoline,automatic,2007,71741,4.7,380,4,1,2,51553.76
BMW,3 Series,sedan,gasoline,automatic,2021,63774,3.9,398,3,0,4,73426.36
Mercedes,GLC,suv,gasoline,automatic,2018,96601,3.8,365,3,0,3,70221.17
Mercedes,C-Class,sedan,hybrid,automatic,2020,44462,1.6,340,2,0,5,81169.03
Honda,Civic,sedan,gasoline,automatic,2012,69040,5.5,149,5,0,4,32004.24
Toyota,RAV4,suv,hybrid,automatic,2020,23438,4.7,162,2,0,5,70581.38
BMW,X5,suv,gasoline,automatic,2003,183035,5.0,390,6,1,2,31055.67
Toyota,Camry,sedan,diesel,automatic,2004,215361,2.2,164,6,0,2,9728.93
Toyota,Corolla,sedan,gasoline,automatic,2023,16360,4.9,174,1,0,5,65846.86
Hyundai,Elantra,sedan,gasoline,manual,2024,16022,4.6,298,3,0,5,65447.95
Toyota,RAV4,suv,diesel,automatic,2004,234057,4.9,229,6,1,2,8587.67
Mercedes,E-Class,sedan,gasoline,manual,2010,123430,1.5,463,4,0,2,46578.35
Chevrolet,Silverado,truck,hybrid,automatic,2018,100072,4.9,154,2,0,4,49134.44
Hyundai,Elantra,sedan,gasoline,automatic,2016,115833,2.9,152,4,1,5,37195.38
Mercedes,E-Class,sedan,gasoline,automatic,2019,110615,2.8,366,3,0,3,62055.42
Ford,Escape,suv,gasoline,automatic,2014,145389,4.6,251,3,0,4,38133.52
Toyota,RAV4,suv,diesel,automatic,2015,76680,2.7,173,3,0,4,43476.52
Chevrolet,Silverado,truck,gasoline,automatic,2004,203262,5.5,190,6,0,2,17132.4
Toyota,Camry,sedan,gasoline,automatic,2009,269561,4.5,189,5,1,2,5352.24
Tesla,Model S,sedan,electric,automatic,2004,186578,0.0,362,5,1,3,42846.48
Ford,Mustang,coupe,gasoline,automatic,2000,289989,1.8,133,6,1,1,2500.0
Honda,Accord,sedan,gasoline,manual,2013,93382,5.6,234,3,0,3,40525.72
Tesla,Model Y,suv,electric,automatic,2001,122245,0.0,316,7,0,2,42396.4
Toyota,Camry,sedan,diesel,manual,2015,66757,4.9,141,3,0,4,45576.36
Chevrolet,Equinox,suv,gasoline,automatic,2022,48570,1.6,301,2,0,5,59162.51
Toyota,Camry,sedan,diesel,manual,2002,236472,3.2,182,6,0,1,2500.0
Hyundai,Elantra,sedan,gasoline,automatic,2015,102701,2.5,207,4,1,4,32412.97
Ford,Mustang,coupe,gasoline,automatic,2002,376298,1.9,308,7,1,1,2500.0
Tesla,Model S,sedan,electric,automatic,2026,9599,0.0,304,1,0,5,99131.81
Toyota,Corolla,sedan,diesel,automatic,2022,43985,3.9,291,2,0,5,63042.43
BMW,X5,suv,hybrid,automatic,2013,45381,2.6,321,5,0,5,68105.86
Toyota,RAV4,suv,gasoline,automatic,2005,323564,2.2,156,5,0,1,2500.0
Tesla,Model Y,suv,electric,manual,2021,69612,0.0,265,2,0,5,87470.52
Toyota,Corolla,sedan,gasoline,automatic,2004,183052,3.8,270,6,0,2,12268.96
Toyota,Corolla,sedan,gasoline,automatic,2009,233421,5.4,320,3,0,3,24584.13
Chevrolet,Malibu,sedan,gasoline,automatic,2017,109930,5.1,314,4,0,3,35428.24
Mercedes,C-Class,sedan,gasoline,automatic,2019,46095,1.6,413,1,1,4,79207.31
Toyota,Corolla,sedan,hybrid,automatic,2008,269274,4.3,226,5,1,2,5287.15
Tesla,Model 3,sedan,electric,automatic,2025,13289,0.0,266,1,0,5,91737.0
Ford,Mustang,coupe,gasoline,automatic,2014,156078,5.5,304,3,0,3,39868.18
Ford,Escape,suv,gasoline,automatic,2018,52492,1.6,271,2,0,5,55957.78
Toyota,RAV4,suv,gasoline,automatic,2014,170216,1.4,324,4,0,4,32996.91
Toyota,Corolla,sedan,gasoline,automatic,2015,173878,1.5,246,3,0,3,34640.19
Mercedes,C-Class,sedan,gasoline,automatic,2025,19222,1.8,281,2,0,5,80325.82
Mercedes,GLC,suv,gasoline,automatic,2001,224230,1.5,474,6,0,1,33925.0
Toyota,RAV4,suv,gasoline,manual,2001,191639,3.3,163,6,1,1,2500.0
Hyundai,Tucson,suv,gasoline,automatic,2009,274722,4.5,306,6,1,1,4197.54
Hyundai,Sonata,sedan,gasoline,automatic,2017,41013,3.0,281,3,0,3,48702.96
Tesla,Model Y,suv,electric,automatic,2007,75930,0.0,287,4,0,2,55977.99
Hyundai,Elantra,sedan,gasoline,manual,2014,145689,3.6,316,4,0,3,26058.26
Chevrolet,Malibu,sedan,gasoline,automatic,2013,164961,4.2,178,4,0,4,24244.97
Ford,F-150,truck,hybrid,automatic,2004,204907,3.6,264,5,0,2,18316.56
Tesla,Model 3,sedan,electric,automatic,2014,87709,0.0,281,3,0,3,66860.58
BMW,X5,suv,gasoline,automatic,2014,146665,4.6,410,3,0,2,59610.55
Toyota,Corolla,sedan,gasoline,automatic,2020,85116,3.7,152,4,0,5,45422.37
Honda,CR-V,suv,gasoline,automatic,2010,240155,4.4,219,5,0,1,7505.55
Mercedes,GLC,suv,gasoline,automatic,2003,268632,4.2,426,6,1,1,19565.09
Tesla,Model S,sedan,electric,automatic,2008,246322,0.0,389,5,1,2,36412.67
Toyota,Camry,sedan,diesel,automatic,2021,93860,5.7,141,2,0,5,53194.31
Honda,Civic,sedan,gasoline,automatic,2022,49285,5.2,244,1,0,5,61672.94
BMW,3 Series,sedan,gasoline,automatic,2010,216279,5.2,376,2,1,3,38453.43
Toyota,Corolla,sedan,gasoline,automatic,2004,199320,2.5,153,6,0,2,3340.51
Toyota,Corolla,sedan,gasoline,automatic,2020,56194,5.4,279,3,0,4,51885.16
Ford,F-150,truck,gasoline,automatic,2001,225721,4.3,137,5,1,1,2500.0
Ford,Escape,suv,gasoline,automatic,2002,150981,2.4,243,6,0,2,17836.77
Honda,Civic,sedan,gasoline,automatic,2013,245614,1.8,274,4,0,3,18040.68
Mercedes,GLC,suv,gasoline,automatic,2011,112585,5.4,496,5,0,3,68718.64
Mercedes,C-Class,sedan,hybrid,automatic,2003,230894,3.6,436,6,0,1,31064.73
Hyundai,Elantra,sedan,gasoline,automatic,2003,325477,3.6,236,5,0,1,2500.0
Toyota,Corolla,sedan,gasoline,automatic,2004,282826,4.6,282,6,1,1,2515.49
Tesla,Model Y,suv,electric,automatic,2017,90183,0.0,444,3,0,4,81630.11
Toyota,Camry,sedan,gasoline,automatic,2007,266937,5.3,167,7,1,1,2500.0
BMW,X5,suv,gasoline,automatic,2009,143145,4.5,391,4,0,3,51064.81
Honda,Civic,sedan,gasoline,automatic,2019,68735,2.7,246,3,0,4,45895.72
Ford,F-150,truck,gasoline,automatic,2020,50787,5.0,281,3,0,5,64567.59
Mercedes,E-Class,sedan,gasoline,manual,2003,181879,4.5,484,5,1,2,39851.17
Tesla,Model S,sedan,electric,automatic,2023,30238,0.0,278,3,0,5,89326.92
Ford,Mustang,coupe,gasoline,automatic,2023,36662,1.5,281,2,0,5,61579.91
Tesla,Model Y,suv,electric,manual,2025,18714,0.0,376,2,0,5,97788.76
Mercedes,GLC,suv,gasoline,automatic,2010,164367,3.6,290,5,0,2,39891.21
Chevrolet,Malibu,sedan,gasoline,automatic,2023,19075,1.6,288,2,0,5,63437.11
BMW,3 Series,sedan,gasoline,automatic,2011,210341,2.8,511,4,1,3,45195.92
Honda,Civic,sedan,gasoline,automatic,2013,93882,1.8,163,2,0,4,34308.44
Mercedes,C-Class,sedan,gasoline,automatic,2008,73011,4.5,277,5,1,2,39498.47
Toyota,RAV4,suv,hybrid,automatic,2022,52555,3.8,194,3,0,5,63724.17
Ford,F-150,truck,gasoline,automatic,2016,82010,4.7,174,3,0,4,50494.55
Ford,Mustang,coupe,gasoline,automatic,2026,17968,1.4,124,1,0,4,53650.7
Mercedes,GLC,suv,gasoline,automatic,2023,41340,4.2,404,1,0,5,93498.94
Chevrolet,Malibu,sedan,gasoline,automatic,2020,88590,4.8,273,3,0,4,53224.07
Toyota,Camry,sedan,gasoline,automatic,2024,19074,5.6,238,1,0,5,68682.91
Ford,Mustang,coupe,gasoline,automatic,2009,177564,2.6,307,6,1,3,20395.24
Mercedes,GLC,suv,gasoline,automatic,2003,228081,5.2,476,5,0,1,33924.58
Hyundai,Sonata,sedan,gasoline,automatic,2022,54771,2.1,230,1,0,4,49968.59
Ford,F-150,truck,gasoline,automatic,2025,16998,3.1,291,1,0,5,75264.63
BMW,5 Series,sedan,gasoline,automatic,2026,3419,3.3,376,1,0,5,85459.51
Toyota,RAV4,suv,gasoline,automatic,2017,108484,5.4,218,4,1,3,40935.82
Mercedes,C-Class,sedan,gasoline,automatic,2015,101136,2.1,377,4,1,3,59391.71
Honda,Accord,sedan,gasoline,manual,2014,114384,2.8,225,2,1,4,39567.48
Ford,Mustang,coupe,gasoline,automatic,2020,71480,3.0,157,3,0,5,49679.63
Honda,CR-V,suv,gasoline,manual,2019,84082,5.2,191,3,0,5,51153.33
Toyota,Camry,sedan,gasoline,automatic,2009,193129,3.9,155,5,0,2,15693.07
Mercedes,C-Class,sedan,gasoline,automatic,2015,133200,1.8,400,3,0,4,61646.3
Mercedes,E-Class,sedan,gasoline,automatic,2015,152066,5.4,402,4,0,4,62749.95
Toyota,Camry,sedan,gasoline,automatic,2016,84280,4.8,167,2,1,5,41316.53
Hyundai,Sonata,sedan,gasoline,automatic,2007,223332,2.8,284,5,0,1,7133.84
Hyundai,Elantra,sedan,gasoline,automatic,2020,52098,5.2,292,2,0,4,54575.59
Mercedes,C-Class,sedan,diesel,automatic,2000,199040,3.1,362,6,1,1,20941.8
BMW,X5,suv,gasoline,manual,2021,65647,4.2,498,2,0,5,79940.6
Honda,Civic,sedan,gasoline,manual,2023,35766,4.3,160,2,0,4,55737.42
Hyundai,Sonata,sedan,gasoline,automatic,2001,383306,3.9,148,6,1,1,2500.0
BMW,5 Series,sedan,gasoline,automatic,2000,127140,2.1,378,6,0,1,25373.99
Ford,Escape,suv,hybrid,automatic,2008,199157,2.6,197,6,1,3,14482.34
Ford,Escape,suv,gasoline,automatic,2001,275118,1.9,228,6,1,1,2500.0
Mercedes,E-Class,sedan,gasoline,automatic,2010,144053,1.7,359,5,0,3,46294.38
Honda,CR-V,suv,gasoline,manual,2026,5540,4.9,182,1,0,5,74475.38
Toyota,Camry,sedan,gasoline,automatic,2012,212778,4.5,255,5,1,2,18221.89
Toyota,Corolla,sedan,gasoline,automatic,2016,112073,1.9,257,3,0,4,41773.76
Toyota,Corolla,sedan,gasoline,automatic,2019,72194,4.9,168,3,0,4,43134.34
Toyota,RAV4,suv,diesel,automatic,2009,147000,5.5,122,4,0,2,29050.83
Honda,Civic,sedan,gasoline,automatic,2009,165919,3.4,296,4,1,1,12998.76
Honda,Accord,sedan,gasoline,automatic,2013,85270,3.4,232,3,0,4,36337.27
Toyota,Camry,sedan,gasoline,automatic,2014,132569,1.6,153,3,0,3,31211.15
Tesla,Model S,sedan,electric,manual,2024,18629,0.0,405,2,0,5,89769.18
Hyundai,Sonata,sedan,gasoline,automatic,2000,311062,4.9,173,6,1,1,2500.0
Ford,F-150,truck,gasoline,automatic,2008,161592,4.0,236,4,0,3,25031.38
Ford,F-150,truck,gasoline,automatic,2016,77109,2.2,188,2,0,4,53422.54
Chevrolet,Silverado,truck,gasoline,automatic,2018,66890,3.2,177,1,0,4,45481.0
Chevrolet,Equinox,suv,gasoline,manual,2003,130297,4.0,206,4,0,2,19949.15
Honda,Civic,sedan,hybrid,automatic,2006,204070,1.7,252,5,0,2,19672.79
Toyota,Camry,sedan,gasoline,automatic,2013,40385,4.6,279,3,0,5,44504.06
Ford,F-150,truck,gasoline,automatic,2026,19217,1.7,224,1,0,5,70580.51
Hyundai,Elantra,sedan,gasoline,automatic,2017,112515,4.2,279,3,1,4,42505.29
BMW,3 Series,sedan,gasoline,automatic,2002,227718,2.8,517,7,0,1,21654.69
Toyota,RAV4,suv,diesel,automatic,2006,51734,2.2,204,6,0,3,33447.93
Ford,F-150,truck,hybrid,automatic,2008,200129,4.8,137,5,1,1,12351.34
Hyundai,Sonata,sedan,gasoline,automatic,2000,294893,1.6,202,7,1,1,2500.0
BMW,X5,suv,gasoline,automatic,2017,47752,4.9,280,2,1,4,69391.43
BMW,3 Series,sedan,gasoline,automatic,2004,241278,4.6,275,6,1,2,15153.71
Hyundai,Elantra,sedan,gasoline,automatic,2010,160858,2.9,252,4,1,2,15079.26
BMW,5 Series,sedan,gasoline,automatic,2015,106677,3.1,512,4,1,3,57672.22
Toyota,RAV4,suv,gasoline,automatic,2007,295111,3.0,269,4,1,2,2500.0
Toyota,Corolla,sedan,gasoline,automatic,2005,179617,4.0,179,6,0,2,11784.56
Toyota,Camry,sedan,gasoline,automatic,2026,11208,3.2,186,3,0,5,58035.33
Ford,Escape,suv,diesel,automatic,2001,279169,2.4,278,7,0,1,2500.0
Ford,Escape,suv,gasoline,automatic,2023,26235,3.7,171,2,0,4,62013.15
Honda,Accord,sedan,gasoline,automatic,2023,17615,2.3,131,2,1,5,45930.2
Toyota,Corolla,sedan,gasoline,automatic,2017,110011,3.6,122,3,0,4,32672.02
Ford,Escape,suv,diesel,automatic,2000,289427,3.2,214,6,0,1,2500.0
Toyota,Camry,sedan,gasoline,automatic,2017,63162,2.2,142,3,0,4,44147.92
Honda,Accord,sedan,gasoline,automatic,2020,40032,4.9,164,3,1,4,44457.19
Honda,CR-V,suv,gasoline,automatic,2003,169783,2.9,201,6,0,2,12530.36
Tesla,Model Y,suv,electric,automatic,2014,106718,0.0,340,3,0,3,74952.88
Ford,F-150,truck,gasoline,automatic,2000,123444,3.9,321,7,1,1,17149.1
Toyota,Camry,sedan,gasoline,automatic,2026,3246,3.1,277,1,0,5,68295.92
Toyota,RAV4,suv,gasoline,automatic,2026,21472,3.5,128,1,0,5,73416.97
Tesla,Model Y,suv,electric,automatic,2021,67274,0.0,312,2,0,5,86844.49
Mercedes,E-Class,sedan,gasoline,manual,2014,109205,4.5,288,4,0,3,62324.62
Mercedes,C-Class,sedan,diesel,manual,2000,354180,2.9,345,7,1,2,4966.88
Chevrolet,Silverado,truck,hybrid,automatic,2004,173661,3.1,290,6,1,3,18903.98
Toyota,Corolla,sedan,gasoline,automatic,2014,81656,2.1,192,3,1,3,28994.33
Toyota,RAV4,suv,gasoline,automatic,2008,175747,2.1,300,5,0,3,25766.34
Ford,Escape,suv,gasoline,automatic,2001,311841,3.9,278,5,0,1,2500.0
BMW,5 Series,sedan,hybrid,automatic,2013,236582,2.4,273,3,1,3,33964.29
Mercedes,C-Class,sedan,gasoline,automatic,2021,22131,3.0,273,1,0,4,77925.23
Mercedes,E-Class,sedan,gasoline,automatic,2008,205974,5.7,386,5,1,3,34369.42
Toyota,RAV4,suv,gasoline,automatic,2001,297431,2.5,260,5,1,1,2500.0
Ford,F-150,truck,gasoline,manual,2026,12054,3.9,201,2,0,5,70739.13
Hyundai,Sonata,sedan,gasoline,automatic,2002,226715,3.2,211,6,1,2,2500.0
Mercedes,C-Class,sedan,gasoline,automatic,2026,4060,3.9,373,1,0,5,91492.87
BMW,5 Series,sedan,gasoline,automatic,2015,77462,5.3,484,2,0,4,71050.36
Honda,Civic,sedan,gasoline,automatic,2025,14935,5.3,149,2,0,5,59931.74
Toyota,Camry,sedan,gasoline,automatic,2008,97790,4.2,272,5,0,3,29568.68
Toyota,Camry,sedan,gasoline,automatic,2014,98958,1.6,202,3,1,4,32753.31
Hyundai,Tucson,suv,hybrid,automatic,2010,159176,2.5,266,4,1,2,25237.08
Tesla,Model 3,sedan,electric,automatic,2004,185478,0.0,326,4,0,2,40704.92
BMW,3 Series,sedan,gasoline,automatic,2020,48974,5.0,324,3,1,4,63702.54
Toyota,Camry,sedan,hybrid,manual,2008,257132,4.0,148,4,1,2,6907.9
Chevrolet,Silverado,truck,gasoline,automatic,2015,131415,5.2,237,4,0,4,47222.52
Honda,Civic,sedan,gasoline,automatic,2011,184808,3.7,242,2,0,3,29225.86
Toyota,Corolla,sedan,diesel,automatic,2020,81025,2.4,177,1,0,4,48208.25
Toyota,Corolla,sedan,gasoline,automatic,2012,161605,5.7,325,3,0,2,29892.86
Tesla,Model S,sedan,electric,automatic,2017,120249,0.0,288,3,0,4,65795.9
Honda,CR-V,suv,gasoline,automatic,2022,45513,2.0,248,2,0,4,55659.28
Tesla,Model S,sedan,electric,automatic,2013,139309,0.0,294,4,0,3,62205.23
Mercedes,C-Class,sedan,gasoline,automatic,2022,21595,2.1,326,2,0,5,82726.0
Toyota,Corolla,sedan,gasoline,automatic,2014,77441,2.3,269,3,0,4,42055.36
Mercedes,C-Class,sedan,gasoline,automatic,2017,133451,5.1,308,3,0,3,62947.13
Tesla,Model S,sedan,electric,automatic,2012,214097,0.0,341,3,0,3,56007.72
Ford,F-150,truck,hybrid,automatic,2026,11277,2.6,137,2,0,5,70608.09
Hyundai,Tucson,suv,diesel,automatic,2008,202331,5.0,168,5,0,2,19077.09
BMW,5 Series,sedan,hybrid,automatic,2008,269966,4.8,289,5,0,1,21061.86
Ford,Escape,suv,gasoline,manual,2007,341412,2.0,210,5,0,1,2500.0
Honda,Civic,sedan,hybrid,automatic,2013,176991,5.0,143,4,0,3,20088.35
Ford,Mustang,coupe,hybrid,automatic,2016,145976,2.8,179,3,0,5,45818.72
Toyota,Corolla,sedan,diesel,automatic,2011,160113,2.2,141,4,0,2,15331.57
Ford,Escape,suv,gasoline,manual,2002,236332,4.9,260,5,0,1,8136.35
Toyota,Corolla,sedan,gasoline,automatic,2019,61723,4.4,133,2,0,5,47163.17
Honda,CR-V,suv,diesel,automatic,2012,105701,5.7,284,4,0,3,43602.26
BMW,5 Series,sedan,gasoline,automatic,2021,64297,5.0,367,1,0,5,77873.82
Toyota,RAV4,suv,diesel,manual,2020,45215,3.1,181,2,0,4,57049.63
Tesla,Model 3,sedan,electric,automatic,2024,41663,0.0,495,1,0,4,98757.92
Chevrolet,Malibu,sedan,gasoline,automatic,2000,305149,4.6,289,6,0,1,2500.0
Hyundai,Elantra,sedan,hybrid,automatic,2005,233722,4.2,121,4,1,3,2500.0
Ford,F-150,truck,gasoline,automatic,2019,53007,2.6,312,3,0,5,60809.29
Chevrolet,Silverado,truck,diesel,automatic,2015,147303,5.2,291,3,0,4,49453.25
Chevrolet,Malibu,sedan,hybrid,automatic,2023,28158,4.0,247,1,0,5,66823.31
BMW,X5,suv,gasoline,automatic,2013,245461,3.4,325,4,0,2,38827.2
Honda,Civic,sedan,gasoline,automatic,2025,13673,1.7,136,1,0,5,61359.45
Toyota,RAV4,suv,gasoline,automatic,2000,386211,2.2,262,6,0,1,2500.0
Mercedes,E-Class,sedan,gasoline,automatic,2024,24483,4.8,492,2,0,5,94750.17
Chevrolet,Malibu,sedan,gasoline,automatic,2001,257512,2.5,213,7,0,1,2500.0
Ford,Mustang,coupe,gasoline,automatic,2009,174560,2.8,133,3,1,2,11993.69
Toyota,RAV4,suv,diesel,automatic,2019,90594,5.2,159,1,0,4,53521.57
Ford,Escape,suv,gasoline,automatic,2004,84954,3.1,328,4,0,1,28605.55
Toyota,RAV4,suv,gasoline,automatic,2000,368115,5.4,294,7,0,1,2500.0
Chevrolet,Silverado,truck,gasoline,automatic,2019,65912,5.4,168,2,0,4,52242.4
Toyota,RAV4,suv,gasoline,automatic,2000,342615,3.1,310,6,0,1,2500.0
Mercedes,C-Class,sedan,gasoline,automatic,2001,167182,4.3,260,6,1,2,19758.85
Toyota,Corolla,sedan,gasoline,automatic,2001,154369,4.1,132,5,0,1,8278.67
Chevrolet,Malibu,sedan,gasoline,automatic,2000,232928,2.5,238,6,1,1,2500.0
Toyota,Corolla,sedan,gasoline,automatic,2013,77517,4.0,234,3,0,4,42900.16
Chevrolet,Silverado,truck,gasoline,manual,2023,39618,1.8,249,1,0,5,64782.88
Honda,Civic,sedan,hybrid,automatic,2010,245403,3.3,184,6,0,2,7273.31
Tesla,Model 3,sedan,electric,automatic,2020,66705,0.0,491,3,0,4,90607.61
Ford,Mustang,coupe,gasoline,automatic,2002,344651,1.8,214,5,1,1,2500.0
Hyundai,Elantra,sedan,gasoline,automatic,2004,252723,2.0,202,5,1,2,2500.0
BMW,X5,suv,gasoline,automatic,2001,282107,2.4,482,7,0,1,17700.96
BMW,5 Series,sedan,gasoline,automatic,2000,432646,3.9,461,6,0,1,2500.0
Honda,Civic,sedan,hybrid,manual,2019,41714,3.4,300,1,0,3,57809.94
Ford,F-150,truck,gasoline,automatic,2008,272718,4.0,171,4,0,2,12404.99
Hyundai,Tucson,suv,hybrid,automatic,2019,39364,1.9,279,2,0,4,56720.33
Honda,Civic,sedan,gasoline,automatic,2009,166919,4.2,129,5,1,2,14528.22
Ford,F-150,truck,gasoline,manual,2015,63786,2.6,279,3,0,4,51598.16
Toyota,RAV4,suv,diesel,manual,2012,66901,1.9,227,5,0,5,40752.83
Tesla,Model Y,suv,electric,automatic,2010,193807,0.0,416,4,0,1,51138.36
Chevrolet,Equinox,suv,gasoline,automatic,2014,94293,2.2,298,4,1,4,41561.98
Chevrolet,Malibu,sedan,gasoline,automatic,2008,80544,3.3,179,4,0,3,26856.58
Mercedes,GLC,suv,gasoline,automatic,2016,123818,1.9,475,3,1,4,67855.16
Toyota,Camry,sedan,gasoline,automatic,2018,83436,5.1,281,2,0,5,55620.19
BMW,3 Series,sedan,gasoline,manual,2009,348941,3.6,431,4,0,1,26819.66
Ford,Mustang,coupe,gasoline,automatic,2015,120236,3.5,172,2,0,3,35200.26
Hyundai,Elantra,sedan,hybrid,automatic,2006,242053,2.1,313,5,1,1,2500.0
Toyota,Camry,sedan,gasoline,automatic,2024,21794,3.3,261,3,0,5,60774.99
Mercedes,C-Class,sedan,diesel,automatic,2011,159384,4.1,325,4,0,3,49377.43
Chevrolet,Malibu,sedan,hybrid,automatic,2015,96395,1.4,241,4,0,3,35716.24
BMW,X5,suv,hybrid,automatic,2000,290923,3.6,265,7,0,1,8635.8
Tesla,Model 3,sedan,electric,automatic,2024,32372,0.0,488,2,0,5,99067.1
Tesla,Model S,sedan,electric,automatic,2008,232867,0.0,340,5,1,2,35350.59
Honda,CR-V,suv,gasoline,automatic,2004,303167,3.5,178,6,0,1,4333.7
Hyundai,Elantra,sedan,hybrid,automatic,2016,95837,2.3,128,3,0,4,39050.17
Hyundai,Tucson,suv,gasoline,automatic,2004,306017,2.4,172,7,1,2,2500.0
Tesla,Model S,sedan,electric,automatic,2011,95009,0.0,326,4,0,3,61844.38
Ford,Mustang,coupe,gasoline,automatic,2022,66563,1.9,169,2,0,5,49630.92
Hyundai,Tucson,suv,gasoline,automatic,2003,318970,2.7,163,4,1,1,2500.0
Chevrolet,Silverado,truck,gasoline,automatic,2011,221480,4.9,214,2,1,3,19081.36
Toyota,RAV4,suv,gasoline,automatic,2003,188014,4.8,202,5,0,2,16621.97
Chevrolet,Equinox,suv,gasoline,automatic,2006,188734,1.9,270,5,1,2,13706.51
Ford,Mustang,coupe,gasoline,automatic,2018,92175,5.1,211,3,0,4,43147.33
Toyota,RAV4,suv,hybrid,automatic,2022,63514,2.9,247,2,1,4,54511.4
BMW,X5,suv,gasoline,automatic,2025,20009,5.3,487,1,0,5,98889.46
Honda,Accord,sedan,gasoline,automatic,2024,21025,4.1,317,1,0,5,75636.29
Toyota,Camry,sedan,gasoline,automatic,2013,56620,3.0,303,4,0,3,46064.1
Honda,Civic,sedan,gasoline,automatic,2026,14218,5.7,169,1,0,5,62762.61
Toyota,Corolla,sedan,hybrid,manual,2025,16032,3.5,169,1,0,4,72121.5
Hyundai,Tucson,suv,gasoline,automatic,2023,25432,1.5,174,1,0,5,60333.84
Tesla,Model Y,suv,electric,automatic,2003,177563,0.0,401,6,1,2,40208.35
Toyota,Corolla,sedan,gasoline,automatic,2026,20116,5.5,203,1,0,5,64976.12
Hyundai,Elantra,sedan,gasoline,automatic,2008,166989,1.4,140,4,0,2,12345.95
Honda,CR-V,suv,gasoline,automatic,2007,80123,2.1,286,5,0,2,27394.95
Ford,F-150,truck,gasoline,automatic,2012,168589,2.6,164,4,1,2,20143.74
BMW,5 Series,sedan,hybrid,automatic,2003,248503,1.9,508,5,0,1,23526.37
Mercedes,E-Class,sedan,gasoline,automatic,2009,121563,3.5,332,3,1,5,55036.44
Mercedes,E-Class,sedan,gasoline,manual,2018,97778,3.0,430,2,1,4,66656.5
Hyundai,Tucson,suv,gasoline,automatic,2009,125851,5.1,233,2,1,4,27734.07
Chevrolet,Equinox,suv,gasoline,automatic,2019,101780,2.9,267,4,1,5,35559.62
Chevrolet,Malibu,sedan,hybrid,automatic,2000,267043,3.8,265,7,1,1,2500.0
Hyundai,Tucson,suv,gasoline,automatic,2026,17219,3.6,202,1,0,5,62284.22
Ford,F-150,truck,diesel,automatic,2001,264494,5.4,137,6,0,1,2500.0
Mercedes,E-Class,sedan,gasoline,manual,2011,252765,2.6,277,4,0,3,34432.02
Tesla,Model Y,suv,electric,automatic,2025,14169,0.0,497,1,0,5,111207.83
Hyundai,Tucson,suv,hybrid,automatic,2016,102898,4.2,308,2,1,3,41777.48
Toyota,Camry,sedan,gasoline,automatic,2024,24096,3.9,277,1,0,5,61623.97
Chevrolet,Malibu,sedan,gasoline,automatic,2004,353802,1.5,287,5,1,1,2500.0
Chevrolet,Equinox,suv,gasoline,automatic,2015,112688,2.9,316,4,0,4,42115.88
Toyota,Camry,sedan,gasoline,automatic,2007,216492,5.1,298,4,0,2,19368.36
Toyota,RAV4,suv,gasoline,automatic,2009,201976,4.8,143,4,0,2,12546.96
Toyota,Corolla,sedan,hybrid,automatic,2009,161017,1.7,217,5,1,2,11893.98
Honda,Civic,sedan,gasoline,automatic,2016,97865,3.6,174,3,1,4,33549.77
Honda,Civic,sedan,gasoline,automatic,2000,131405,4.1,135,6,1,1,2500.0
Chevrolet,Equinox,suv,gasoline,automatic,2024,29526,4.2,315,2,0,5,70143.19
Ford,Mustang,coupe,hybrid,automatic,2022,46810,3.6,252,2,1,5,56605.79
Mercedes,GLC,suv,gasoline,automatic,2006,314964,5.6,515,4,1,1,29741.46
Ford,F-150,truck,gasoline,automatic,2016,112209,3.2,282,3,0,2,44261.11
Honda,Accord,sedan,gasoline,manual,2019,90999,5.6,127,1,0,4,46285.03
Honda,Accord,sedan,gasoline,automatic,2011,200698,4.2,124,4,1,3,11128.65
Tesla,Model Y,suv,electric,automatic,2007,213597,0.0,417,6,0,2,47175.58
Chevrolet,Equinox,suv,gasoline,automatic,2020,65205,3.8,137,2,0,5,47548.59
BMW,5 Series,sedan,hybrid,automatic,2023,46307,4.7,467,2,0,5,87302.44
Toyota,Corolla,sedan,gasoline,automatic,2011,100609,4.1,231,3,0,4,37458.28
BMW,3 Series,sedan,gasoline,automatic,2016,64826,4.5,446,3,0,4,70683.71
BMW,5 Series,sedan,gasoline,automatic,2004,332508,2.5,368,6,1,1,3385.74
Hyundai,Tucson,suv,gasoline,automatic,2011,161846,5.1,210,4,1,3,22017.17
Ford,Mustang,coupe,gasoline,automatic,2004,310951,5.4,128,7,0,1,2500.0
Ford,Escape,suv,gasoline,automatic,2011,264977,5.1,279,5,1,2,13247.6
Honda,Civic,sedan,gasoline,automatic,2021,86477,1.4,188,1,0,4,44492.15
Toyota,Corolla,sedan,gasoline,automatic,2011,104316,2.4,264,3,1,4,25927.96
BMW,5 Series,sedan,gasoline,automatic,2003,228065,4.6,441,5,0,1,25416.76
Honda,CR-V,suv,gasoline,automatic,2017,53148,4.6,320,4,0,4,53073.71
Toyota,RAV4,suv,hybrid,automatic,2021,54919,1.5,181,3,0,5,57990.12
Ford,Escape,suv,diesel,automatic,2008,143929,3.7,135,6,1,2,14142.87
Toyota,RAV4,suv,gasoline,automatic,2008,195663,1.5,192,3,1,3,13603.29
Honda,CR-V,suv,gasoline,automatic,2001,323333,2.5,299,7,0,1,2500.0
Ford,F-150,truck,gasoline,automatic,2020,87612,1.9,231,2,1,3,46667.08
Honda,CR-V,suv,hybrid,automatic,2025,13495,5.4,147,1,0,5,71354.11
Mercedes,E-Class,sedan,gasoline,automatic,2003,286250,3.0,352,6,0,1,18254.59
Toyota,RAV4,suv,gasoline,automatic,2012,267890,3.8,215,4,0,3,20146.71
Mercedes,GLC,suv,gasoline,automatic,2017,124359,4.2,298,3,0,4,60903.49
Honda,CR-V,suv,gasoline,automatic,2024,32736,4.3,212,1,0,5,67294.22
Ford,Mustang,coupe,gasoline,manual,2017,147883,5.7,229,3,0,4,41104.7
Toyota,RAV4,suv,gasoline,automatic,2000,361371,3.7,253,7,1,1,2500.0
BMW,3 Series,sedan,gasoline,automatic,2003,174252,3.5,333,6,1,2,19911.97
Tesla,Model 3,sedan,electric,automatic,2009,242456,0.0,274,3,0,3,38823.97
BMW,3 Series,sedan,gasoline,automatic,2000,241161,1.6,308,7,0,2,19339.41
Ford,Escape,suv,hybrid,automatic,2008,121251,4.0,184,3,1,2,23651.06
Hyundai,Sonata,sedan,gasoline,automatic,2006,237050,2.8,316,5,1,2,6469.24
Tesla,Model 3,sedan,electric,automatic,2000,341815,0.0,471,5,0,1,19457.29
Toyota,Corolla,sedan,gasoline,automatic,2006,188356,2.2,309,4,0,1,15445.07
Toyota,Camry,sedan,gasoline,manual,2010,122476,3.9,170,5,1,3,21451.32
Tesla,Model S,sedan,electric,automatic,2016,78081,0.0,287,2,0,3,68163.84
Tesla,Model Y,suv,electric,automatic,2005,314059,0.0,301,6,0,2,31580.01
Toyota,RAV4,suv,gasoline,automatic,2005,136673,3.6,306,4,0,1,24632.55
Ford,Mustang,coupe,hybrid,automatic,2008,251131,4.6,146,4,1,3,12298.42
Ford,Mustang,coupe,gasoline,automatic,2012,116414,4.4,303,5,1,2,26044.1
Hyundai,Tucson,suv,gasoline,automatic,2003,221779,5.4,161,7,1,2,2500.0
Honda,Civic,sedan,gasoline,automatic,2009,170764,2.6,208,5,1,3,13264.44
Mercedes,C-Class,sedan,gasoline,automatic,2024,28394,1.6,412,2,1,4,76265.47
Honda,Accord,sedan,gasoline,automatic,2009,68851,5.1,296,4,0,2,34371.99
Tesla,Model Y,suv,electric,manual,2023,34567,0.0,442,2,0,4,94799.19
BMW,3 Series,sedan,gasoline,automatic,2015,66358,2.2,515,3,0,4,70797.72
Honda,Accord,sedan,gasoline,automatic,2003,291750,5.2,309,5,1,1,2500.0
BMW,3 Series,sedan,gasoline,automatic,2026,13469,4.3,455,1,0,5,99694.13
Hyundai,Sonata,sedan,gasoline,manual,2006,212222,1.9,257,4,0,2,14854.75
Toyota,Corolla,sedan,gasoline,automatic,2023,38185,1.8,149,1,1,5,50202.31
BMW,5 Series,sedan,hybrid,automatic,2009,260879,5.0,454,4,1,3,32769.4
Tesla,Model 3,sedan,electric,manual,2013,226317,0.0,378,4,0,3,51789.9
Honda,CR-V,suv,diesel,automatic,2004,293821,1.5,149,7,0,1,2500.0
Ford,Mustang,coupe,gasoline,automatic,2002,298017,4.2,219,7,1,2,2500.0
Tesla,Model Y,suv,electric,automatic,2012,110443,0.0,405,4,1,3,64427.19
Ford,F-150,truck,gasoline,manual,2002,290428,3.0,329,6,0,1,4776.61
Toyota,Camry,sedan,gasoline,automatic,2026,16415,5.1,155,1,0,5,63412.88
Toyota,RAV4,suv,hybrid,automatic,2018,94587,5.1,270,2,0,5,57425.88
BMW,X5,suv,gasoline,automatic,2022,31332,2.7,328,2,0,5,83659.95
Toyota,Camry,sedan,hybrid,automatic,2015,100667,5.6,164,5,0,4,42750.7
Toyota,Corolla,sedan,gasoline,automatic,2017,88175,2.1,267,3,0,4,44903.18
BMW,3 Series,sedan,diesel,automatic,2009,182954,4.9,412,3,1,4,41952.12
Hyundai,Tucson,suv,gasoline,automatic,2010,189533,3.4,320,5,1,3,28037.54
Tesla,Model 3,sedan,electric,automatic,2012,151405,0.0,482,4,0,4,66848.02
Chevrolet,Malibu,sedan,gasoline,automatic,2022,51766,4.1,303,2,0,5,59877.28
Mercedes,GLC,suv,gasoline,automatic,2010,187422,5.5,360,5,1,2,43197.52
Hyundai,Elantra,sedan,hybrid,automatic,2006,296121,5.5,290,6,0,1,6051.17
Mercedes,C-Class,sedan,gasoline,automatic,2012,116213,4.0,356,3,0,3,49577.72
Toyota,Corolla,sedan,gasoline,automatic,2012,127136,4.9,213,4,0,2,28344.88
BMW,3 Series,sedan,hybrid,automatic,2013,203695,5.1,328,4,1,3,38744.33
BMW,X5,suv,gasoline,automatic,2009,180378,2.7,436,5,0,2,43802.34
Chevrolet,Malibu,sedan,gasoline,automatic,2010,246860,1.9,163,3,0,3,7909.39
BMW,5 Series,sedan,gasoline,automatic,2026,15801,1.6,412,1,0,5,85952.56
Ford,Mustang,coupe,gasoline,automatic,2020,78704,4.4,316,2,0,4,54490.46
Ford,F-150,truck,hybrid,automatic,2001,331976,5.1,306,7,0,1,2500.0
Toyota,Corolla,sedan,gasoline,automatic,2016,143958,5.1,311,3,1,4,39747.93
BMW,X5,suv,gasoline,automatic,2013,89361,5.3,320,4,1,3,51787.66
Ford,Escape,suv,gasoline,manual,2002,134250,1.7,223,6,0,2,12486.54
Toyota,Camry,sedan,gasoline,automatic,2025,16949,4.5,140,1,0,5,61245.26
Toyota,Corolla,sedan,gasoline,automatic,2017,76292,4.1,298,3,0,3,46735.57
Tesla,Model S,sedan,electric,manual,2006,108716,0.0,357,6,0,3,53670.28
Toyota,RAV4,suv,hybrid,automatic,2011,272193,5.6,135,3,0,2,17004.65
Tesla,Model 3,sedan,electric,automatic,2008,278491,0.0,358,5,0,1,31344.08
Mercedes,E-Class,sedan,gasoline,manual,2012,117544,5.5,386,3,0,4,61221.68
Toyota,Camry,sedan,gasoline,manual,2016,58454,1.7,142,5,0,5,37164.15
Hyundai,Tucson,suv,gasoline,manual,2018,96627,2.2,240,1,0,4,50688.16
Honda,CR-V,suv,gasoline,automatic,2025,10500,4.4,157,1,0,5,69752.6
Ford,Mustang,coupe,gasoline,automatic,2019,72398,1.5,199,4,0,5,50140.44
Toyota,Camry,sedan,gasoline,automatic,2006,125115,3.8,316,6,0,3,33420.04
Toyota,Corolla,sedan,gasoline,automatic,2002,313125,5.0,136,7,0,2,2500.0
Toyota,Camry,sedan,gasoline,manual,2008,135477,4.8,180,4,1,4,24172.42
Honda,Civic,sedan,gasoline,automatic,2009,138157,3.2,196,5,1,2,15595.35
Hyundai,Elantra,sedan,gasoline,automatic,2002,235930,2.3,198,7,0,2,2500.0
Mercedes,C-Class,sedan,gasoline,automatic,2009,140026,2.0,344,4,1,2,37267.49
Mercedes,E-Class,sedan,gasoline,automatic,2025,21554,5.1,444,1,1,5,88831.1
BMW,X5,suv,gasoline,automatic,2009,256066,2.0,362,4,1,2,30068.82
Ford,Mustang,coupe,diesel,automatic,2006,239257,5.1,231,5,0,1,13966.66
Toyota,Camry,sedan,gasoline,automatic,2008,163313,5.4,281,5,1,2,19611.34
BMW,X5,suv,hybrid,automatic,2021,88936,3.3,496,3,0,4,83124.27
Honda,Civic,sedan,gasoline,automatic,2010,224617,5.0,191,4,0,2,14783.06
Ford,Mustang,coupe,gasoline,automatic,2020,41408,3.8,259,3,0,4,55181.9
Honda,Civic,sedan,gasoline,automatic,2024,19812,3.3,255,3,0,5,64687.26
Hyundai,Elantra,sedan,gasoline,automatic,2002,422999,2.9,164,6,0,1,2500.0
Ford,F-150,truck,gasoline,automatic,2024,14701,3.0,238,1,1,4,60999.44
BMW,X5,suv,gasoline,automatic,2006,213675,3.0,382,6,0,1,34289.4
Toyota,RAV4,suv,gasoline,automatic,2016,129085,4.1,210,2,0,4,42123.46
Toyota,Corolla,sedan,hybrid,manual,2023,60532,4.0,235,1,0,5,66201.6
Honda,Accord,sedan,gasoline,automatic,2008,207413,3.6,230,5,1,2,7706.22
Honda,CR-V,suv,gasoline,automatic,2014,197085,3.9,225,4,1,3,26679.42
Toyota,Camry,sedan,gasoline,automatic,2023,18343,3.1,131,1,0,5,55032.43
Mercedes,GLC,suv,gasoline,automatic,2005,222028,4.4,472,5,0,4,50899.29
Mercedes,C-Class,sedan,gasoline,automatic,2006,228923,3.1,332,3,0,2,32761.47
Honda,Civic,sedan,gasoline,automatic,2017,147266,1.7,192,3,1,4,30728.26
Toyota,Corolla,sedan,gasoline,automatic,2019,94043,4.5,258,3,0,4,48738.97
BMW,3 Series,sedan,gasoline,automatic,2002,253989,5.0,498,6,0,1,24708.26
Chevrolet,Equinox,suv,gasoline,automatic,2003,271116,1.9,258,4,1,1,2500.0
Toyota,RAV4,suv,gasoline,automatic,2012,188369,1.6,138,4,1,3,14762.28
Ford,F-150,truck,gasoline,automatic,2024,16954,3.5,300,1,0,5,73374.85
BMW,X5,suv,gasoline,automatic,2008,179722,1.5,386,5,1,2,33501.9
Ford,F-150,truck,gasoline,manual,2021,54445,3.3,216,3,1,5,53379.08
Honda,Civic,sedan,gasoline,automatic,2009,189754,3.4,260,4,0,3,16457.84
BMW,3 Series,sedan,hybrid,automatic,2015,38986,5.3,318,2,1,5,77040.89
BMW,3 Series,sedan,gasoline,automatic,2016,49452,1.8,428,3,0,4,64471.34
Ford,Mustang,coupe,gasoline,automatic,2026,18312,1.6,147,1,0,5,58569.32
Honda,Civic,sedan,gasoline,automatic,2001,220932,4.3,325,7,0,1,3870.96
Honda,CR-V,suv,hybrid,automatic,2024,21342,5.6,256,2,0,4,73749.94
Ford,Escape,suv,diesel,automatic,2023,49053,5.5,207,2,0,5,65460.7
Ford,F-150,truck,gasoline,manual,2019,46899,3.4,151,3,0,4,46190.87
Tesla,Model 3,sedan,electric,automatic,2026,18018,0.0,518,1,0,5,104190.2
Mercedes,E-Class,sedan,gasoline,automatic,2023,27957,2.9,367,3,0,5,79823.22
Mercedes,C-Class,sedan,diesel,automatic,2009,188281,1.6,336,3,0,3,42743.53
Chevrolet,Malibu,sedan,gasoline,automatic,2002,328719,4.1,250,6,0,1,2500.0
Chevrolet,Silverado,truck,gasoline,automatic,2024,30693,3.2,125,1,0,4,61827.96
BMW,X5,suv,gasoline,automatic,2021,43752,4.7,421,1,0,5,84727.34
Honda,Civic,sedan,gasoline,automatic,2007,284470,3.5,222,5,0,1,2500.0
Ford,Mustang,coupe,gasoline,automatic,2005,63776,2.3,138,5,0,3,25906.85
Ford,Escape,suv,gasoline,automatic,2009,243374,5.2,236,4,1,1,14957.42
Mercedes,E-Class,sedan,gasoline,manual,2020,74100,5.3,281,3,0,4,69054.7
Toyota,Corolla,sedan,gasoline,automatic,2023,24525,5.3,179,2,0,5,58928.78
Mercedes,GLC,suv,gasoline,automatic,2023,29758,5.4,478,1,0,5,94869.84
Ford,F-150,truck,diesel,automatic,2012,91822,5.2,128,4,0,3,33746.56
Honda,Civic,sedan,hybrid,manual,2018,55024,3.5,189,3,0,4,59128.81
Honda,Accord,sedan,gasoline,automatic,2018,112039,4.0,173,3,0,5,45966.27
Ford,Escape,suv,gasoline,manual,2021,67608,3.9,270,2,0,5,65460.37
Tesla,Model 3,sedan,electric,automatic,2009,237970,0.0,382,5,0,3,36910.73
Toyota,Corolla,sedan,diesel,automatic,2021,57268,4.7,185,2,0,5,59004.03
Honda,Accord,sedan,diesel,automatic,2001,293783,1.5,228,5,0,1,2500.0
Honda,CR-V,suv,hybrid,automatic,2014,58491,5.0,324,3,0,5,61001.95
Mercedes,C-Class,sedan,gasoline,automatic,2026,16495,1.9,380,1,0,5,85318.81
BMW,X5,suv,hybrid,automatic,2001,265804,3.1,268,5,0,1,13635.87
Mercedes,C-Class,sedan,gasoline,automatic,2026,12729,4.8,329,2,1,5,90186.5
BMW,X5,suv,gasoline,automatic,2021,61326,1.8,448,2,0,5,79443.31
Chevrolet,Malibu,sedan,gasoline,automatic,2005,386843,5.7,173,5,0,1,2500.0
Hyundai,Tucson,suv,hybrid,automatic,2001,193765,3.3,200,6,0,2,5944.86
Toyota,Corolla,sedan,gasoline,automatic,2020,31793,3.5,122,3,0,5,52950.72
BMW,5 Series,sedan,gasoline,automatic,2012,196346,3.9,495,5,1,3,47363.32
Tesla,Model S,sedan,electric,automatic,2013,209887,0.0,280,4,0,3,53819.37
Hyundai,Sonata,sedan,gasoline,automatic,2019,57508,4.7,275,3,1,5,46609.05
Ford,Escape,suv,gasoline,automatic,2006,239679,3.2,201,5,0,2,7939.6
Toyota,RAV4,suv,gasoline,automatic,2015,119623,5.4,171,5,0,4,43015.21
Hyundai,Elantra,sedan,gasoline,automatic,2002,321152,1.6,161,7,1,1,2500.0
Chevrolet,Malibu,sedan,gasoline,automatic,2004,148821,3.6,305,5,0,2,11754.88
Mercedes,E-Class,sedan,gasoline,manual,2003,377265,2.1,451,6,1,1,7884.51
Hyundai,Elantra,sedan,gasoline,automatic,2025,13631,2.1,179,3,0,5,65968.17
Mercedes,E-Class,sedan,gasoline,automatic,2003,284512,3.8,269,5,0,1,15023.4
Mercedes,E-Class,sedan,gasoline,automatic,2014,130801,4.7,466,3,0,2,63348.21
Toyota,Corolla,sedan,gasoline,automatic,2011,195189,5.5,207,5,1,3,16369.81
Ford,F-150,truck,gasoline,automatic,2025,13889,3.0,252,1,0,5,69612.85
Toyota,RAV4,suv,hybrid,manual,2010,109254,5.5,136,5,1,4,30258.19
BMW,5 Series,sedan,hybrid,manual,2002,256539,4.6,321,6,0,2,28277.92
Chevrolet,Equinox,suv,hybrid,automatic,2020,75573,3.8,279,1,0,4,59076.26
Honda,CR-V,suv,gasoline,automatic,2018,66099,2.3,262,3,0,5,58590.15
Chevrolet,Equinox,suv,gasoline,automatic,2019,47816,5.0,247,2,1,4,56050.37
Ford,Mustang,coupe,gasoline,automatic,2010,148624,3.6,141,5,0,3,25371.65
Toyota,Camry,sedan,gasoline,automatic,2014,131661,1.5,202,3,0,3,28878.42
Ford,Mustang,coupe,gasoline,automatic,2008,236187,4.2,201,4,1,2,10840.8
Honda,Accord,sedan,hybrid,automatic,2008,35180,1.9,218,5,1,4,33602.31
Toyota,RAV4,suv,gasoline,automatic,2022,49117,4.9,320,1,0,5,64865.79
Honda,CR-V,suv,gasoline,automatic,2013,162965,5.2,202,4,1,3,21376.25
Honda,Accord,sedan,gasoline,automatic,2017,24649,3.5,298,4,0,4,52093.18
BMW,X5,suv,gasoline,automatic,2006,262045,4.2,271,4,1,2,29931.25
Ford,Escape,suv,gasoline,automatic,2008,207840,4.0,139,5,1,2,7075.65
Mercedes,E-Class,sedan,gasoline,automatic,2005,159403,5.2,344,5,0,2,46733.24
BMW,3 Series,sedan,gasoline,automatic,2017,90332,3.3,276,4,0,4,58195.78
Toyota,Camry,sedan,gasoline,manual,2005,202631,4.3,278,4,1,1,6969.33
Chevrolet,Silverado,truck,gasoline,automatic,2000,324336,4.2,168,7,0,1,2500.0
BMW,5 Series,sedan,gasoline,manual,2008,186189,3.2,382,5,0,2,37519.57
Honda,Civic,sedan,gasoline,automatic,2012,129835,3.8,226,4,0,3,30961.52
Ford,Escape,suv,gasoline,automatic,2026,6256,1.5,170,1,0,5,69480.3
Honda,Accord,sedan,hybrid,automatic,2023,20411,3.0,142,3,1,5,54054.04
BMW,3 Series,sedan,gasoline,automatic,2017,79508,3.6,471,4,0,5,71882.7
Toyota,Camry,sedan,gasoline,automatic,2020,81824,2.8,238,2,0,5,49330.89
Hyundai,Tucson,suv,gasoline,automatic,2017,71450,1.5,234,3,0,5,48807.68
Chevrolet,Equinox,suv,diesel,automatic,2003,250644,1.9,265,7,0,2,5388.51
Honda,Accord,sedan,gasoline,automatic,2018,107103,3.1,170,3,1,4,33499.96
Ford,Mustang,coupe,gasoline,manual,2020,54932,2.6,296,3,0,4,53335.9
Toyota,Corolla,sedan,gasoline,automatic,2013,180383,4.2,162,4,0,3,20478.39
Tesla,Model 3,sedan,electric,automatic,2017,111104,0.0,335,4,0,3,70517.67
Toyota,Camry,sedan,gasoline,automatic,2002,308785,4.3,271,5,0,1,2500.0
Hyundai,Tucson,suv,gasoline,automatic,2025,17165,2.0,148,1,0,5,62257.67
BMW,3 Series,sedan,gasoline,automatic,2020,62275,3.4,408,4,0,5,76283.56
Hyundai,Tucson,suv,gasoline,automatic,2006,123483,4.5,268,4,0,3,32545.98
Ford,F-150,truck,gasoline,manual,2006,118093,2.7,205,5,0,2,21161.43
Hyundai,Tucson,suv,gasoline,automatic,2000,208070,2.0,250,5,1,1,2500.0
Hyundai,Elantra,sedan,gasoline,automatic,2003,398445,5.5,181,6,0,1,2500.0
Toyota,RAV4,suv,gasoline,automatic,2025,13934,2.0,322,2,0,5,71132.59
Toyota,Corolla,sedan,diesel,automatic,2002,347101,3.8,304,5,1,1,2500.0
Honda,Accord,sedan,gasoline,automatic,2017,141258,1.8,157,3,1,3,22266.85
Mercedes,C-Class,sedan,gasoline,manual,2022,50023,2.5,323,2,0,5,78516.24
Honda,Accord,sedan,gasoline,automatic,2000,408984,2.8,211,7,0,1,2500.0
Hyundai,Tucson,suv,gasoline,automatic,2000,143544,1.5,227,7,1,1,2500.0
Toyota,Corolla,sedan,gasoline,automatic,2008,271523,3.4,280,5,1,1,2500.0
Toyota,Corolla,sedan,hybrid,automatic,2018,111507,2.2,145,3,1,4,43074.09
Chevrolet,Equinox,suv,gasoline,automatic,2019,92330,3.8,184,3,0,5,53215.31
Chevrolet,Equinox,suv,hybrid,automatic,2015,94213,4.0,156,2,1,4,42475.17
Tesla,Model 3,sedan,electric,automatic,2021,59502,0.0,408,2,0,4,85562.78
Toyota,Camry,sedan,gasoline,automatic,2006,189604,3.1,148,5,0,3,12077.45
Toyota,RAV4,suv,gasoline,automatic,2012,104892,4.2,301,3,1,4,44592.21
Mercedes,C-Class,sedan,gasoline,manual,2018,46714,1.7,347,2,0,5,75156.3
Tesla,Model S,sedan,electric,automatic,2015,189704,0.0,493,3,1,4,65926.29
BMW,X5,suv,hybrid,automatic,2018,103106,5.4,268,2,0,4,77492.46
Toyota,RAV4,suv,gasoline,automatic,2004,86868,1.8,317,7,0,3,30516.02
Toyota,Corolla,sedan,hybrid,manual,2008,149651,1.4,150,5,0,3,18039.71
BMW,5 Series,sedan,gasoline,automatic,2011,160385,5.5,399,4,0,3,53023.99
Honda,Civic,sedan,hybrid,automatic,2023,45257,4.6,307,2,0,5,64867.88
Honda,CR-V,suv,gasoline,automatic,2004,172713,2.0,164,5,1,1,2500.0
Tesla,Model 3,sedan,electric,automatic,2012,198793,0.0,371,4,0,4,55412.28
Honda,Accord,sedan,gasoline,automatic,2009,301423,2.5,138,4,1,1,2500.0
BMW,X5,suv,hybrid,automatic,2021,51327,2.0,372,3,0,4,80641.53
Honda,Civic,sedan,gasoline,automatic,2016,119643,2.9,275,4,0,4,41846.41
Toyota,Camry,sedan,gasoline,automatic,2015,118201,2.2,129,4,1,3,23167.88
Toyota,Corolla,sedan,gasoline,automatic,2023,20143,2.4,321,1,0,5,66561.3
Ford,F-150,truck,gasoline,automatic,2025,7488,1.8,174,1,0,5,70099.98
Hyundai,Tucson,suv,gasoline,automatic,2011,112304,5.1,239,4,1,3,36296.02
BMW,5 Series,sedan,gasoline,automatic,2009,181742,5.3,402,4,0,2,46958.07
BMW,X5,suv,gasoline,automatic,2019,21782,2.9,443,3,1,5,77311.62
Chevrolet,Equinox,suv,hybrid,automatic,2003,440147,2.9,182,5,1,1,2500.0
Toyota,Corolla,sedan,gasoline,automatic,2008,260703,4.8,175,5,0,1,4023.84
Honda,Civic,sedan,gasoline,automatic,2015,134250,2.4,223,3,0,4,31881.55
BMW,5 Series,sedan,gasoline,automatic,2010,245340,3.0,484,6,0,2,43490.3
Chevrolet,Malibu,sedan,gasoline,automatic,2008,285309,4.5,184,4,0,3,6288.09
Honda,CR-V,suv,hybrid,automatic,2014,139056,4.4,232,3,0,3,44538.12
Mercedes,GLC,suv,gasoline,automatic,2008,175022,3.1,328,5,0,2,38651.09
Hyundai,Sonata,sedan,gasoline,automatic,2014,135146,4.4,327,2,0,3,38645.48
BMW,X5,suv,diesel,automatic,2021,56385,4.4,506,2,0,5,88395.37
Hyundai,Tucson,suv,gasoline,manual,2021,38875,3.4,326,3,1,5,59792.97
Toyota,Camry,sedan,gasoline,automatic,2022,53106,3.7,308,3,0,5,57108.32
Toyota,Corolla,sedan,hybrid,automatic,2005,163273,3.4,225,6,0,2,22866.79
Tesla,Model S,sedan,electric,automatic,2020,93788,0.0,448,3,1,4,78519.08
Toyota,Camry,sedan,gasoline,automatic,2001,298357,5.2,197,6,0,1,2500.0
Toyota,Corolla,sedan,gasoline,automatic,2004,143551,5.0,319,4,0,2,21583.83
Chevrolet,Silverado,truck,gasoline,automatic,2023,37576,5.4,254,2,0,5,67289.99
Mercedes,GLC,suv,gasoline,automatic,2012,144128,5.6,477,4,0,3,64415.74
Honda,Accord,sedan,gasoline,automatic,2019,59457,5.6,327,3,0,5,50332.38
Honda,Civic,sedan,gasoline,automatic,2018,102033,2.9,293,3,0,4,51437.22
Mercedes,C-Class,sedan,gasoline,automatic,2015,181879,3.1,284,4,0,4,53375.43
Tesla,Model 3,sedan,electric,manual,2025,12912,0.0,487,1,0,5,105157.98
Mercedes,C-Class,sedan,gasoline,automatic,2011,136344,2.4,442,4,0,3,55243.66
Mercedes,C-Class,sedan,gasoline,automatic,2010,149223,3.5,432,7,0,3,46947.0
Toyota,RAV4,suv,gasoline,automatic,2001,245053,4.3,165,6,1,2,2500.0
Chevrolet,Equinox,suv,gasoline,manual,2002,249294,2.4,201,6,1,2,2500.0
Toyota,Camry,sedan,diesel,automatic,2025,20717,4.1,232,3,0,4,62580.61
Toyota,Camry,sedan,gasoline,automatic,2002,308219,3.0,173,6,1,1,2500.0
Mercedes,C-Class,sedan,gasoline,automatic,2012,104910,2.2,459,4,1,3,44343.69
BMW,X5,suv,gasoline,automatic,2017,99276,1.8,316,4,0,3,66353.83
Ford,F-150,truck,hybrid,automatic,2016,93507,4.1,302,4,1,4,49549.47
Chevrolet,Malibu,sedan,hybrid,automatic,2003,273611,2.7,240,5,1,1,2500.0
Mercedes,GLC,suv,gasoline,automatic,2015,94542,1.9,273,4,1,2,55581.19
Tesla,Model S,sedan,electric,manual,2008,178744,0.0,276,4,1,1,32920.46
Tesla,Model Y,suv,electric,automatic,2008,301100,0.0,366,5,1,2,28050.91
Toyota,RAV4,suv,gasoline,automatic,2018,38866,5.5,328,2,0,5,62707.73
Tesla,Model 3,sedan,electric,automatic,2019,96881,0.0,422,3,0,4,81068.77
Mercedes,C-Class,sedan,gasoline,automatic,2001,306220,5.5,339,7,0,2,18546.72
Toyota,Corolla,sedan,hybrid,automatic,2007,223152,3.0,163,5,1,2,5479.16
Tesla,Model S,sedan,electric,manual,2025,14620,0.0,392,3,0,5,97324.22
Hyundai,Tucson,suv,gasoline,automatic,2026,20840,2.7,319,2,0,5,72672.28
BMW,5 Series,sedan,gasoline,automatic,2020,44577,1.9,483,2,0,5,78625.54
Honda,CR-V,suv,gasoline,automatic,2014,220912,3.4,147,5,1,3,20494.02
Ford,Mustang,coupe,diesel,automatic,2021,71301,3.5,203,3,0,5,58040.91
Honda,CR-V,suv,gasoline,automatic,2006,196480,2.1,204,5,1,1,4972.96
Toyota,RAV4,suv,gasoline,automatic,2018,76473,3.1,316,2,0,5,57413.85
Tesla,Model S,sedan,electric,automatic,2003,461217,0.0,451,5,0,1,4960.37
Ford,F-150,truck,gasoline,automatic,2020,40616,2.6,186,2,0,5,63959.52
Hyundai,Sonata,sedan,gasoline,automatic,2018,64370,3.6,321,3,0,5,51661.01
Hyundai,Elantra,sedan,gasoline,automatic,2010,243422,4.7,211,5,0,3,14138.01
Honda,Accord,sedan,gasoline,automatic,2021,78599,2.3,291,2,1,5,53744.45
Mercedes,GLC,suv,gasoline,automatic,2002,152412,3.9,429,6,0,1,36040.38
Honda,CR-V,suv,gasoline,automatic,2021,89127,4.9,282,2,0,4,51331.6
BMW,X5,suv,gasoline,automatic,2025,14217,4.3,506,1,0,5,101121.59
BMW,5 Series,sedan,hybrid,automatic,2026,6734,4.5,400,1,0,5,94953.93
Ford,Escape,suv,hybrid,automatic,2005,376275,3.1,274,4,0,1,2500.0
Honda,Civic,sedan,gasoline,automatic,2025,11356,2.4,314,2,0,5,65628.45
Chevrolet,Malibu,sedan,gasoline,manual,2023,50962,3.5,328,2,0,5,58251.04
Toyota,Camry,sedan,gasoline,automatic,2017,162800,3.1,275,4,1,4,26480.29
Hyundai,Sonata,sedan,hybrid,automatic,2019,84433,3.0,290,3,0,4,45508.34
Mercedes,E-Class,sedan,gasoline,automatic,2011,113435,4.1,453,4,0,4,60708.97
Chevrolet,Silverado,truck,gasoline,automatic,2020,85263,5.5,278,2,0,4,52726.8
Honda,Accord,sedan,gasoline,automatic,2026,19689,3.7,317,1,0,5,69887.84
Chevrolet,Equinox,suv,gasoline,automatic,2015,124080,3.9,210,2,1,4,33604.65
Tesla,Model 3,sedan,electric,automatic,2015,132086,0.0,441,3,0,3,65289.53
Honda,Accord,sedan,gasoline,automatic,2018,66196,2.8,259,4,0,3,53879.51
Ford,Escape,suv,gasoline,automatic,2011,227979,3.5,297,4,1,3,16933.66
Ford,Escape,suv,hybrid,automatic,2001,331391,1.8,304,6,0,1,2500.0
Honda,Accord,sedan,gasoline,automatic,2008,184514,3.4,291,5,1,3,16041.54
Honda,CR-V,suv,gasoline,automatic,2000,197264,5.3,189,7,1,1,6501.71
Ford,Escape,suv,gasoline,automatic,2018,50329,4.6,188,3,0,4,50702.94
Honda,Accord,sedan,diesel,automatic,2007,262938,4.8,175,3,1,1,3711.59
Tesla,Model S,sedan,electric,automatic,2011,109201,0.0,423,5,1,4,62596.29
Chevrolet,Equinox,suv,hybrid,manual,2006,283311,1.9,258,5,1,2,3581.81
Mercedes,E-Class,sedan,diesel,automatic,2016,133118,3.8,388,2,0,4,66187.77
Chevrolet,Silverado,truck,gasoline,automatic,2024,17159,2.6,168,1,0,5,67464.65
Toyota,RAV4,suv,gasoline,automatic,2001,363607,3.8,327,6,0,2,2500.0
Toyota,RAV4,suv,hybrid,automatic,2019,82608,2.6,322,4,0,5,59583.27
Hyundai,Elantra,sedan,hybrid,automatic,2025,18123,5.6,148,2,0,5,66893.85
Hyundai,Tucson,suv,gasoline,automatic,2011,244403,5.5,136,4,1,2,13897.49
Tesla,Model 3,sedan,electric,automatic,2022,49498,0.0,362,1,0,5,89475.27
Hyundai,Elantra,sedan,hybrid,automatic,2008,143554,5.2,312,3,0,3,33092.45
Honda,Accord,sedan,gasoline,automatic,2025,20283,5.1,282,1,0,5,68326.53
Hyundai,Tucson,suv,gasoline,automatic,2009,164386,2.7,163,4,0,2,23150.2
Tesla,Model 3,sedan,electric,automatic,2017,66941,0.0,312,3,0,3,71461.48
Ford,F-150,truck,gasoline,automatic,2011,175336,3.9,139,5,1,1,10395.25
Honda,Accord,sedan,gasoline,automatic,2020,81804,1.9,303,4,0,5,52552.67
Toyota,Corolla,sedan,gasoline,automatic,2008,268442,1.6,160,5,0,1,2500.0
Toyota,RAV4,suv,gasoline,automatic,2006,216980,3.7,325,6,0,2,14118.95
Honda,CR-V,suv,gasoline,automatic,2002,256629,3.0,245,4,0,1,7356.62
Ford,F-150,truck,gasoline,automatic,2000,275578,4.6,186,6,0,1,2500.0
Chevrolet,Silverado,truck,gasoline,automatic,2016,115944,2.8,313,4,0,3,42822.65
Hyundai,Elantra,sedan,gasoline,automatic,2014,160303,1.4,192,2,0,4,29650.83
Hyundai,Sonata,sedan,hybrid,automatic,2005,336987,1.7,292,7,0,1,2500.0
Mercedes,GLC,suv,hybrid,automatic,2013,151526,4.0,376,2,0,3,62676.67
Tesla,Model 3,sedan,electric,automatic,2016,123890,0.0,270,4,1,2,46508.88
Honda,Civic,sedan,gasoline,automatic,2014,153173,4.0,212,4,0,4,35845.06
Ford,Mustang,coupe,gasoline,automatic,2017,85263,3.4,200,3,0,5,47788.88
Mercedes,C-Class,sedan,gasoline,automatic,2015,116431,5.5,398,3,0,4,68243.97
BMW,X5,suv,gasoline,automatic,2012,93801,5.4,327,3,0,2,57212.7
Honda,Civic,sedan,gasoline,automatic,2001,438551,5.6,305,7,0,1,2500.0
Mercedes,GLC,suv,gasoline,automatic,2022,27699,3.0,299,3,0,4,77491.92
BMW,3 Series,sedan,gasoline,manual,2000,331296,4.0,415,7,1,1,6776.45
Toyota,RAV4,suv,gasoline,automatic,2010,173590,3.0,186,5,1,2,14917.29
Honda,CR-V,suv,gasoline,automatic,2026,2901,5.6,226,1,0,4,69409.84
Toyota,Corolla,sedan,gasoline,automatic,2005,202808,4.4,298,4,0,1,15826.08
BMW,3 Series,sedan,gasoline,automatic,2016,75489,5.5,406,3,1,3,59401.21
Ford,Mustang,coupe,gasoline,manual,2008,257834,3.9,303,4,0,1,10215.12
Toyota,RAV4,suv,gasoline,automatic,2015,107962,2.7,267,5,0,4,42084.56
Hyundai,Tucson,suv,gasoline,automatic,2023,45848,3.7,296,3,0,5,64629.24
Ford,Mustang,coupe,gasoline,automatic,2006,209745,1.4,315,5,0,2,18140.79
BMW,5 Series,sedan,gasoline,automatic,2001,393680,3.6,265,5,1,1,2500.0
BMW,5 Series,sedan,hybrid,automatic,2003,273553,2.1,472,6,0,2,23057.1
Toyota,RAV4,suv,diesel,automatic,2006,218877,1.4,328,5,1,3,12524.61
Hyundai,Sonata,sedan,gasoline,automatic,2022,50687,4.3,194,1,0,5,56137.02
Ford,Escape,suv,gasoline,automatic,2018,103663,1.7,142,2,0,4,44113.97
Hyundai,Tucson,suv,gasoline,automatic,2022,32651,4.4,314,1,0,5,68912.53
Ford,Escape,suv,gasoline,automatic,2018,95488,4.1,245,1,0,4,45768.21
Hyundai,Tucson,suv,gasoline,automatic,2014,107010,5.7,225,4,1,4,39085.07
Ford,Mustang,coupe,gasoline,automatic,2011,167663,3.3,159,5,0,2,19010.06
Honda,Accord,sedan,hybrid,automatic,2015,89177,5.0,176,3,0,5,45758.89
Ford,F-150,truck,gasoline,automatic,2012,215102,4.6,288,2,0,3,28243.98
Toyota,Camry,sedan,gasoline,automatic,2024,15891,5.4,189,1,0,5,63962.7
Chevrolet,Equinox,suv,gasoline,automatic,2011,201935,5.3,324,4,0,3,26384.2
Honda,CR-V,suv,gasoline,automatic,2025,15689,4.7,290,1,0,5,71101.14
Hyundai,Tucson,suv,gasoline,automatic,2011,196544,2.9,324,4,0,2,27244.59
Mercedes,E-Class,sedan,gasoline,automatic,2009,213898,2.5,423,5,1,3,35940.04
Ford,F-150,truck,gasoline,automatic,2017,111611,5.2,288,4,0,4,48909.12
Tesla,Model S,sedan,electric,automatic,2025,6484,0.0,507,1,0,5,98635.36
Honda,Accord,sedan,gasoline,automatic,2008,168903,2.2,155,6,1,2,3538.81
Hyundai,Sonata,sedan,hybrid,automatic,2018,58835,4.0,226,4,0,4,45470.06
BMW,3 Series,sedan,gasoline,automatic,2017,116377,2.7,466,3,1,3,61804.13
Chevrolet,Equinox,suv,gasoline,automatic,2019,96532,5.4,276,3,1,5,54184.36
Ford,Mustang,coupe,gasoline,automatic,2024,18068,4.4,238,2,0,5,70626.9
Ford,Mustang,coupe,gasoline,automatic,2006,246426,5.0,229,5,0,1,9267.85
Chevrolet,Silverado,truck,gasoline,manual,2026,6610,5.0,234,1,0,5,75343.05
Hyundai,Tucson,suv,gasoline,automatic,2020,95848,4.6,170,3,0,4,54463.93
Hyundai,Elantra,sedan,gasoline,automatic,2006,194727,2.8,124,5,0,2,4262.82
Chevrolet,Malibu,sedan,gasoline,automatic,2018,71048,2.8,261,1,0,4,45454.95
BMW,5 Series,sedan,hybrid,automatic,2000,362494,5.2,277,6,1,1,4808.44
Chevrolet,Equinox,suv,hybrid,automatic,2007,213890,5.4,252,5,0,2,21875.18
Toyota,Camry,sedan,gasoline,automatic,2020,45215,4.5,298,2,0,5,62382.94
Tesla,Model Y,suv,electric,manual,2008,289957,0.0,488,5,1,2,37640.08
BMW,X5,suv,gasoline,manual,2001,147686,3.1,298,6,0,1,32862.3
Hyundai,Elantra,sedan,gasoline,automatic,2010,74307,2.6,292,4,0,3,34176.39
Tesla,Model 3,sedan,electric,automatic,2015,126041,0.0,489,2,1,3,66917.2
Toyota,Corolla,sedan,gasoline,automatic,2024,19677,3.0,141,2,0,5,56475.64
Ford,F-150,truck,gasoline,automatic,2018,32716,3.9,227,2,0,4,63830.82
Toyota,Corolla,sedan,gasoline,automatic,2015,181117,2.2,245,3,0,3,27827.52
Chevrolet,Equinox,suv,gasoline,automatic,2023,46670,3.5,276,1,0,4,61555.07
Ford,F-150,truck,gasoline,automatic,2017,113542,3.1,132,4,1,3,34313.57
Toyota,RAV4,suv,hybrid,manual,2000,260195,4.4,325,6,0,1,10645.76
Chevrolet,Malibu,sedan,gasoline,automatic,2016,140988,3.6,248,3,0,4,39594.9
Ford,Mustang,coupe,gasoline,manual,2007,249159,4.7,137,4,1,1,5652.14
Honda,Accord,sedan,hybrid,automatic,2019,118180,1.5,174,3,0,4,41080.25
BMW,X5,suv,gasoline,automatic,2018,91483,3.8,466,2,1,4,73685.05
Honda,Accord,sedan,gasoline,automatic,2007,102510,1.9,150,5,1,2,15181.69
Tesla,Model S,sedan,electric,automatic,2019,77485,0.0,477,3,0,4,84952.57
Toyota,Corolla,sedan,gasoline,automatic,2024,24206,5.5,222,1,0,5,71656.38
Hyundai,Sonata,sedan,gasoline,automatic,2015,170063,5.6,190,3,0,3,31803.24
Chevrolet,Malibu,sedan,hybrid,automatic,2008,231742,2.7,201,4,1,2,5904.81
Mercedes,C-Class,sedan,gasoline,automatic,2010,216831,2.2,343,5,0,2,44147.17
Mercedes,GLC,suv,gasoline,automatic,2022,19711,3.2,443,2,1,5,88702.05
Toyota,Camry,sedan,gasoline,automatic,2005,81315,5.6,141,5,0,3,21951.42
Tesla,Model S,sedan,electric,automatic,2016,73859,0.0,509,3,1,3,70981.16
Ford,F-150,truck,gasoline,automatic,2022,39659,2.8,290,3,0,5,63356.33
Tesla,Model 3,sedan,electric,automatic,2002,343722,0.0,348,6,0,1,12720.76
Chevrolet,Malibu,sedan,gasoline,automatic,2012,143464,3.4,137,5,0,3,16178.52
Toyota,RAV4,suv,gasoline,automatic,2019,97636,3.3,282,2,0,5,60410.09
Chevrolet,Silverado,truck,gasoline,automatic,2000,472902,4.7,237,5,0,1,2500.0
Toyota,RAV4,suv,gasoline,automatic,2010,240312,1.5,170,3,0,3,18576.8
Mercedes,C-Class,sedan,gasoline,manual,2000,285975,2.5,345,7,0,1,15224.01
Toyota,Corolla,sedan,gasoline,automatic,2003,341748,3.4,264,6,0,1,2500.0
Toyota,Corolla,sedan,diesel,automatic,2009,150753,1.8,282,5,0,3,33235.61
Ford,F-150,truck,gasoline,manual,2006,448571,5.5,258,5,0,1,2500.0
Honda,Accord,sedan,gasoline,automatic,2022,36046,2.7,249,3,1,4,47671.68
Chevrolet,Malibu,sedan,gasoline,manual,2019,98679,5.7,302,2,0,5,52705.66
Toyota,Camry,sedan,gasoline,automatic,2006,140908,4.1,177,3,1,3,14044.74
Ford,F-150,truck,gasoline,manual,2006,64385,2.6,203,7,0,3,37425.27
Chevrolet,Silverado,truck,gasoline,automatic,2010,94857,1.4,276,5,0,4,38951.02
Chevrolet,Silverado,truck,gasoline,automatic,2001,328093,3.1,229,7,1,1,2500.0
Honda,Accord,sedan,gasoline,automatic,2025,10824,3.6,175,1,0,5,69527.92
Mercedes,GLC,suv,diesel,manual,2023,22222,3.4,374,1,1,5,85350.84
Chevrolet,Equinox,suv,gasoline,manual,2000,30991,4.5,142,6,1,3,19931.78
Ford,F-150,truck,gasoline,automatic,2022,38097,4.8,201,1,0,5,72095.59
BMW,X5,suv,gasoline,automatic,2005,120354,3.5,458,5,0,2,54943.95
Ford,Escape,suv,gasoline,automatic,2014,208650,2.0,264,3,0,3,25679.53
BMW,X5,suv,gasoline,automatic,2011,138003,2.8,310,2,0,3,50782.9
Honda,CR-V,suv,gasoline,manual,2010,163619,5.1,224,5,0,4,29811.56
Honda,CR-V,suv,gasoline,automatic,2025,19434,4.3,307,2,0,5,72381.53
Chevrolet,Malibu,sedan,gasoline,automatic,2011,258432,4.7,301,3,1,2,8027.16
Mercedes,C-Class,sedan,gasoline,automatic,2015,105758,1.8,513,2,0,4,69271.74
Hyundai,Elantra,sedan,gasoline,manual,2006,317386,2.1,175,5,1,2,2500.0
Toyota,Corolla,sedan,gasoline,automatic,2020,77497,4.2,129,3,0,5,50327.03
Honda,CR-V,suv,gasoline,automatic,2017,61997,2.3,204,4,1,5,47563.66
Mercedes,C-Class,sedan,gasoline,automatic,2005,220388,2.9,288,5,1,1,24805.55
Ford,Escape,suv,diesel,manual,2007,195673,4.9,276,4,0,2,25838.44
Toyota,RAV4,suv,gasoline,automatic,2017,84271,1.6,260,2,1,4,44416.59
Honda,Civic,sedan,gasoline,automatic,2021,64034,3.3,206,1,0,5,54874.62
Ford,Escape,suv,gasoline,automatic,2017,119726,4.7,153,3,1,4,36949.38
Chevrolet,Equinox,suv,gasoline,automatic,2010,200155,5.0,285,4,0,3,30494.35
BMW,3 Series,sedan,gasoline,automatic,2021,82050,2.2,448,2,0,4,74356.66
Toyota,RAV4,suv,gasoline,manual,2020,84243,2.3,227,2,0,4,46270.1
Ford,Escape,suv,diesel,automatic,2012,100334,3.1,329,4,0,4,49919.72
Honda,CR-V,suv,hybrid,automatic,2014,86316,2.9,293,5,0,3,49360.66
Tesla,Model 3,sedan,electric,automatic,2004,358065,0.0,389,6,0,1,22473.36
BMW,X5,suv,gasoline,automatic,2004,193199,3.3,500,5,0,2,40574.73
Chevrolet,Silverado,truck,gasoline,automatic,2013,107736,2.4,175,4,0,3,35430.39
Honda,Civic,sedan,gasoline,automatic,2005,155755,4.1,163,6,1,3,8791.06
Toyota,Corolla,sedan,gasoline,automatic,2019,139626,4.2,313,2,0,4,44617.04
Toyota,Camry,sedan,gasoline,automatic,2023,21040,5.2,187,2,0,5,66902.55
Toyota,Camry,sedan,gasoline,manual,2025,14888,2.5,293,1,0,5,70188.34
Ford,Mustang,coupe,gasoline,automatic,2002,251366,2.7,149,6,1,1,2500.0
Ford,F-150,truck,hybrid,manual,2012,123860,2.3,243,5,1,3,34697.81
Hyundai,Sonata,sedan,gasoline,automatic,2001,169371,4.1,235,5,0,2,11653.6
Hyundai,Sonata,sedan,gasoline,automatic,2005,231369,4.7,212,5,0,1,2500.0
Honda,CR-V,suv,hybrid,automatic,2021,78767,5.2,213,2,0,4,55576.5
Mercedes,E-Class,sedan,gasoline,automatic,2008,123253,2.1,518,5,0,3,54738.73
Toyota,Camry,sedan,diesel,manual,2024,15009,5.5,155,2,0,5,60961.6
Tesla,Model 3,sedan,electric,automatic,2026,8924,0.0,292,1,0,5,93737.77
Toyota,Camry,sedan,hybrid,automatic,2012,192948,3.4,250,5,0,2,22693.37
Ford,Mustang,coupe,gasoline,automatic,2008,162721,2.2,254,4,1,3,19324.13
BMW,3 Series,sedan,diesel,automatic,2010,226819,3.3,345,4,1,2,24682.3
BMW,X5,suv,gasoline,automatic,2015,167702,1.9,402,3,1,5,52513.63
Toyota,Corolla,sedan,gasoline,automatic,2026,19448,3.3,126,2,0,5,66645.36
Chevrolet,Equinox,suv,gasoline,automatic,2018,72236,3.4,284,4,1,5,48438.05
Honda,CR-V,suv,gasoline,automatic,2022,17268,1.4,200,1,0,5,61289.25
Honda,Accord,sedan,hybrid,automatic,2015,138220,2.5,219,3,0,3,34181.83
Toyota,Corolla,sedan,gasoline,automatic,2005,416530,1.6,255,5,0,1,2500.0
Hyundai,Elantra,sedan,gasoline,manual,2012,113376,3.5,287,3,0,3,36203.94
Honda,Accord,sedan,gasoline,manual,2022,45298,2.2,312,1,0,5,58460.68
Ford,Mustang,coupe,gasoline,automatic,2022,23984,4.9,278,1,1,5,66016.65
Honda,Civic,sedan,gasoline,automatic,2013,185092,5.4,239,4,1,3,25809.3
Toyota,Camry,sedan,gasoline,automatic,2022,44599,5.0,320,1,0,4,61610.95
Ford,Mustang,coupe,gasoline,automatic,2013,141759,4.4,154,3,0,3,34595.28
Toyota,RAV4,suv,diesel,manual,2016,42110,4.5,150,4,0,4,52608.62
Hyundai,Tucson,suv,hybrid,automatic,2023,34144,4.9,265,1,0,5,74666.32
Mercedes,GLC,suv,hybrid,automatic,2026,16632,5.3,399,1,0,4,96601.27
Ford,Mustang,coupe,gasoline,automatic,2020,38742,3.8,202,2,0,5,55448.75
Chevrolet,Malibu,sedan,gasoline,automatic,2019,53895,4.9,146,2,1,3,32911.99
Toyota,RAV4,suv,gasoline,automatic,2012,136177,3.0,303,4,1,3,28649.54
Tesla,Model S,sedan,electric,automatic,2003,179268,0.0,411,6,0,1,37759.4
Honda,Accord,sedan,gasoline,automatic,2011,81920,2.4,283,4,0,4,32693.69
Hyundai,Elantra,sedan,gasoline,automatic,2021,61968,2.3,209,1,1,5,47780.49
Honda,Civic,sedan,diesel,automatic,2015,121823,4.8,312,3,1,3,29695.33
Toyota,RAV4,suv,diesel,automatic,2020,79616,3.3,303,3,1,5,52367.75
Toyota,Corolla,sedan,gasoline,automatic,2004,284925,1.5,124,4,0,1,2500.0
Chevrolet,Malibu,sedan,gasoline,automatic,2013,198553,2.9,297,3,0,3,25822.71
Tesla,Model 3,sedan,electric,automatic,2007,130251,0.0,423,6,0,2,52228.69
Tesla,Model 3,sedan,electric,automatic,2018,83517,0.0,439,2,0,3,76940.1
Tesla,Model Y,suv,electric,automatic,2021,65424,0.0,271,2,0,5,80958.94
Hyundai,Elantra,sedan,gasoline,automatic,2015,193128,5.0,210,3,0,3,27537.74
Toyota,Camry,sedan,hybrid,automatic,2011,183806,5.4,194,4,0,3,26344.52
Honda,Civic,sedan,gasoline,automatic,2004,108144,3.0,131,5,0,2,17657.24
Hyundai,Elantra,sedan,hybrid,automatic,2010,122598,4.8,306,3,1,3,30264.22
Hyundai,Elantra,sedan,gasoline,automatic,2017,110365,2.3,309,3,1,5,41106.23
Toyota,RAV4,suv,gasoline,automatic,2023,21490,3.7,167,3,0,5,61933.2
Toyota,Camry,sedan,gasoline,manual,2011,269118,3.4,291,4,0,3,15029.04
Chevrolet,Equinox,suv,gasoline,manual,2015,173386,4.8,280,3,0,3,34222.43
Toyota,Corolla,sedan,gasoline,automatic,2023,22039,2.4,260,2,0,5,64325.74
Honda,Civic,sedan,gasoline,automatic,2010,115330,4.5,132,5,0,3,29807.64
Ford,F-150,truck,hybrid,automatic,2018,64723,1.4,326,2,1,3,48424.13
Ford,F-150,truck,hybrid,automatic,2002,545953,5.2,313,5,1,1,2500.0
Mercedes,GLC,suv,gasoline,automatic,2007,242161,2.8,285,4,0,1,24925.12
Honda,Accord,sedan,gasoline,automatic,2000,326961,3.5,208,5,0,1,2500.0
Hyundai,Sonata,sedan,gasoline,automatic,2005,234470,2.1,137,5,0,2,2500.0
Honda,Accord,sedan,gasoline,automatic,2006,213795,5.0,132,5,1,2,3062.62
Toyota,RAV4,suv,hybrid,automatic,2001,327979,4.8,227,4,0,1,2500.0
Honda,Accord,sedan,gasoline,automatic,2004,257771,2.7,216,5,0,1,2776.8
BMW,5 Series,sedan,gasoline,automatic,2023,44555,4.8,371,1,0,5,79403.8
Chevrolet,Silverado,truck,gasoline,automatic,2015,118320,3.7,279,4,0,3,39741.9
Toyota,RAV4,suv,gasoline,automatic,2026,3718,1.6,157,2,0,5,64468.59
Honda,Civic,sedan,gasoline,automatic,2008,150956,4.5,140,5,0,2,13746.41
Mercedes,E-Class,sedan,gasoline,automatic,2023,22507,3.9,483,3,0,5,88726.21
Mercedes,C-Class,sedan,gasoline,automatic,2026,11419,2.7,459,1,0,5,95703.82
Tesla,Model S,sedan,electric,automatic,2013,91709,0.0,456,3,1,4,66252.55
Chevrolet,Equinox,suv,gasoline,automatic,2016,126558,2.6,296,4,0,4,43679.51
Ford,Escape,suv,gasoline,automatic,2006,110208,1.7,221,5,1,2,19311.5
Hyundai,Sonata,sedan,gasoline,automatic,2015,197351,4.0,265,3,0,3,31395.35
Honda,Civic,sedan,diesel,automatic,2025,13349,1.8,261,2,0,5,68216.96
Toyota,Corolla,sedan,hybrid,automatic,2026,17231,2.6,279,1,0,5,70740.57
Chevrolet,Equinox,suv,gasoline,automatic,2004,145790,1.4,306,5,0,3,21053.48
Honda,Accord,sedan,gasoline,automatic,2012,168321,4.4,139,4,0,3,18251.33
Ford,Escape,suv,gasoline,automatic,2015,178023,3.5,312,3,0,2,33883.09
Toyota,Camry,sedan,diesel,automatic,2025,11433,3.4,309,1,0,5,70477.31
Tesla,Model 3,sedan,electric,automatic,2007,185377,0.0,375,6,0,3,44189.78
Toyota,Corolla,sedan,gasoline,automatic,2004,281208,3.0,235,5,1,1,2500.0
Mercedes,GLC,suv,hybrid,manual,2020,43726,2.4,465,3,0,4,83424.61
Honda,Civic,sedan,gasoline,automatic,2018,43964,5.5,320,3,0,4,56411.53
BMW,X5,suv,gasoline,automatic,2013,187768,4.1,332,5,1,3,45025.98
Hyundai,Sonata,sedan,gasoline,automatic,2002,342858,3.3,282,7,1,1,2500.0
Hyundai,Tucson,suv,gasoline,automatic,2015,117117,3.9,177,4,0,3,30935.38
Honda,CR-V,suv,hybrid,automatic,2024,33621,4.2,308,3,0,5,69885.56
Hyundai,Sonata,sedan,hybrid,automatic,2003,208681,1.7,237,6,0,1,7268.05
Toyota,Corolla,sedan,hybrid,automatic,2016,96712,4.1,200,4,1,4,47003.58
Ford,F-150,truck,gasoline,automatic,2009,80404,4.7,317,3,0,3,41088.02
Ford,F-150,truck,gasoline,automatic,2015,155513,3.8,276,3,0,4,42128.72
Toyota,Corolla,sedan,gasoline,automatic,2014,132379,3.1,133,4,0,3,28075.18
Chevrolet,Equinox,suv,gasoline,automatic,2022,52267,3.7,138,4,0,5,53438.42
Mercedes,GLC,suv,gasoline,automatic,2026,2256,3.2,269,2,0,5,89542.37
BMW,X5,suv,gasoline,automatic,2026,11739,4.9,307,1,0,4,90475.59
Tesla,Model Y,suv,electric,automatic,2026,5923,0.0,270,1,0,5,101368.82
Ford,Mustang,coupe,gasoline,manual,2001,415518,3.9,136,7,1,1,2500.0
Hyundai,Elantra,sedan,hybrid,automatic,2019,92034,3.7,294,3,0,4,46469.49
Mercedes,C-Class,sedan,gasoline,automatic,2005,185364,3.2,309,4,1,2,25839.92
Chevrolet,Malibu,sedan,gasoline,automatic,2016,110746,4.6,302,4,0,5,41823.99
Ford,Mustang,coupe,hybrid,automatic,2010,153208,5.1,160,2,1,3,27936.1
BMW,X5,suv,gasoline,automatic,2024,29572,4.2,401,1,0,5,93951.11
BMW,5 Series,sedan,gasoline,automatic,2004,322175,4.4,465,6,0,1,20915.66
BMW,X5,suv,gasoline,automatic,2008,305314,1.6,402,5,0,1,27549.9
Hyundai,Elantra,sedan,gasoline,automatic,2025,6831,4.3,258,1,0,5,71598.18
Honda,Accord,sedan,hybrid,automatic,2013,61934,4.1,165,5,0,3,37314.46
Honda,Civic,sedan,gasoline,automatic,2010,151055,4.9,225,5,0,2,18493.97
Chevrolet,Malibu,sedan,gasoline,automatic,2021,70705,1.7,239,2,0,4,51433.35
Ford,Escape,suv,gasoline,automatic,2002,275443,2.5,226,6,1,1,2500.0
Honda,Accord,sedan,gasoline,automatic,2004,145471,3.0,281,6,0,2,17679.4
BMW,X5,suv,hybrid,automatic,2026,21986,2.8,296,1,0,5,83573.12
BMW,X5,suv,gasoline,automatic,2011,94989,3.3,263,5,1,3,44901.59
BMW,5 Series,sedan,gasoline,automatic,2023,20611,4.5,336,1,0,5,79894.96
Honda,Accord,sedan,hybrid,manual,2012,123346,5.5,267,3,0,2,40088.32
Mercedes,GLC,suv,gasoline,automatic,2011,104334,3.2,437,4,0,3,63929.59
Ford,Mustang,coupe,gasoline,automatic,2008,252771,3.0,314,4,0,1,14276.51
Chevrolet,Silverado,truck,gasoline,automatic,2016,176731,3.9,136,2,0,4,36559.46
Hyundai,Tucson,suv,gasoline,automatic,2006,276006,2.2,151,5,1,2,2500.0
Ford,F-150,truck,gasoline,automatic,2002,185452,1.6,278,5,0,2,14819.77
BMW,X5,suv,gasoline,automatic,2017,59453,4.9,446,4,1,5,71767.87
Toyota,RAV4,suv,gasoline,manual,2022,46460,5.5,228,2,0,4,64894.81
Honda,Civic,sedan,gasoline,automatic,2003,262205,4.1,300,7,0,2,5139.41
Toyota,Camry,sedan,gasoline,automatic,2012,195200,3.8,236,4,0,2,22069.32
Mercedes,C-Class,sedan,gasoline,manual,2005,227172,4.0,364,4,1,2,29347.07
Hyundai,Sonata,sedan,gasoline,automatic,2024,23817,2.3,216,1,0,5,57648.8
Honda,CR-V,suv,gasoline,automatic,2012,209505,1.4,324,5,0,3,25792.65
Ford,Escape,suv,diesel,automatic,2006,214359,3.1,251,6,1,1,10388.89
BMW,3 Series,sedan,diesel,automatic,2015,129884,4.8,308,3,1,3,52286.87
Toyota,Corolla,sedan,gasoline,automatic,2011,66853,4.4,285,5,0,4,38352.98
Mercedes,GLC,suv,gasoline,automatic,2026,2277,2.2,510,1,0,5,104037.26
Mercedes,E-Class,sedan,gasoline,automatic,2001,99993,3.6,390,5,0,2,40255.24
Hyundai,Elantra,sedan,gasoline,automatic,2004,210248,5.5,313,5,1,2,6078.74
Mercedes,E-Class,sedan,gasoline,automatic,2011,153050,2.9,328,3,1,2,43705.45
Honda,Civic,sedan,gasoline,automatic,2017,57083,4.4,156,4,0,5,51323.98
Honda,Accord,sedan,gasoline,automatic,2016,106203,1.8,269,3,0,4,44562.37
Hyundai,Sonata,sedan,diesel,automatic,2014,141745,4.7,221,3,0,4,37168.48
Mercedes,E-Class,sedan,gasoline,automatic,2005,221666,3.7,351,5,0,2,27800.76
Honda,Civic,sedan,gasoline,automatic,2011,167856,3.0,204,4,1,2,9806.41
Toyota,Camry,sedan,gasoline,automatic,2003,308826,2.7,170,6,1,1,2500.0
Ford,Escape,suv,hybrid,automatic,2020,41829,4.4,272,2,0,5,61916.08
Mercedes,GLC,suv,gasoline,automatic,2023,33261,4.8,485,1,0,5,95877.68
Honda,Accord,sedan,gasoline,manual,2005,390444,2.2,265,7,1,1,2500.0
Honda,Accord,sedan,hybrid,automatic,2025,19252,5.5,130,3,1,5,59968.28
Tesla,Model S,sedan,electric,automatic,2003,310956,0.0,334,6,1,1,14168.25
Hyundai,Elantra,sedan,gasoline,automatic,2019,51238,4.6,301,3,0,4,50701.03
BMW,5 Series,sedan,gasoline,automatic,2002,405032,2.9,366,6,0,1,2500.0
Hyundai,Elantra,sedan,gasoline,automatic,2007,182460,4.3,138,5,0,2,10680.64
Hyundai,Elantra,sedan,gasoline,manual,2021,67468,3.6,155,4,0,4,42538.45
Ford,Mustang,coupe,gasoline,automatic,2021,80791,2.2,267,2,0,4,55269.69
Toyota,Camry,sedan,gasoline,automatic,2025,14140,4.0,302,1,0,5,68784.8
Chevrolet,Malibu,sedan,gasoline,automatic,2021,62767,1.6,225,1,0,5,53171.27
Toyota,Camry,sedan,gasoline,automatic,2026,19436,4.3,190,1,0,5,69103.97
Mercedes,E-Class,sedan,gasoline,automatic,2017,148273,2.0,348,4,0,4,55405.45
Toyota,Camry,sedan,gasoline,automatic,2025,21046,4.5,316,1,0,5,70476.76
Toyota,RAV4,suv,gasoline,automatic,2003,312300,4.8,210,6,0,1,2500.0
Toyota,Camry,sedan,gasoline,automatic,2026,15731,3.4,144,1,1,5,58393.82
Toyota,RAV4,suv,gasoline,automatic,2012,152538,5.1,185,5,1,2,24398.17
Hyundai,Tucson,suv,gasoline,automatic,2011,196214,4.9,161,4,0,2,18293.65
Ford,F-150,truck,gasoline,automatic,2016,82564,2.9,126,3,1,3,37547.69
Hyundai,Tucson,suv,gasoline,automatic,2014,82821,2.8,182,4,0,4,32267.2
Hyundai,Sonata,sedan,diesel,automatic,2003,320200,4.2,201,6,0,1,2500.0
Toyota,RAV4,suv,gasoline,automatic,2003,254442,3.8,272,6,1,2,2500.0
Chevrolet,Malibu,sedan,gasoline,automatic,2000,346205,5.2,270,5,0,1,2500.0
Honda,CR-V,suv,hybrid,automatic,2001,142596,3.8,312,6,0,2,24401.94
Honda,Civic,sedan,gasoline,automatic,2021,65648,3.4,313,3,1,4,54581.72
Honda,Accord,sedan,gasoline,automatic,2022,40912,5.3,135,1,0,5,56948.48
Toyota,RAV4,suv,gasoline,automatic,2022,48516,2.2,275,1,0,5,59996.67
Hyundai,Elantra,sedan,gasoline,automatic,2026,3055,3.2,168,1,0,5,63056.76
Mercedes,E-Class,sedan,gasoline,automatic,2002,375737,2.1,459,6,1,1,4105.4
Hyundai,Tucson,suv,hybrid,automatic,2018,55021,2.6,139,2,0,4,50670.91
Toyota,Camry,sedan,gasoline,automatic,2007,204850,2.1,158,4,0,2,9081.92
BMW,3 Series,sedan,gasoline,manual,2009,159428,3.8,452,5,0,3,48839.07
Tesla,Model S,sedan,electric,automatic,2001,335939,0.0,295,7,0,1,11778.63
Toyota,Corolla,sedan,gasoline,automatic,2024,23770,3.7,213,2,0,5,71064.71
Chevrolet,Equinox,suv,diesel,automatic,2000,459246,2.6,222,6,1,1,2500.0
Toyota,RAV4,suv,diesel,automatic,2012,148048,1.6,328,3,0,3,34417.78
BMW,X5,suv,gasoline,automatic,2006,219574,4.7,330,4,0,3,39987.66
Chevrolet,Malibu,sedan,gasoline,manual,2006,99049,2.9,161,5,0,3,18605.93
Hyundai,Sonata,sedan,hybrid,automatic,2015,73724,4.3,179,5,1,3,33615.94
BMW,3 Series,sedan,gasoline,manual,2021,59822,2.5,340,2,1,5,68686.76
Honda,Accord,sedan,gasoline,automatic,2019,79253,3.8,198,3,0,4,45289.47
BMW,X5,suv,diesel,automatic,2020,35086,1.6,364,2,1,4,74087.56
Tesla,Model Y,suv,electric,automatic,2015,106748,0.0,305,4,1,3,61142.87
Hyundai,Tucson,suv,gasoline,automatic,2026,15850,1.8,165,1,0,5,60185.26
BMW,5 Series,sedan,gasoline,automatic,2000,278537,4.6,352,6,1,1,13180.67
Hyundai,Tucson,suv,gasoline,automatic,2000,264448,2.3,328,7,1,1,2500.0
Ford,F-150,truck,gasoline,automatic,2013,131967,4.2,284,4,0,4,42263.68
Ford,Escape,suv,gasoline,automatic,2009,101887,2.3,170,3,1,3,29182.6
Mercedes,GLC,suv,gasoline,automatic,2010,115827,2.8,519,4,0,4,66305.45
Tesla,Model 3,sedan,electric,manual,2005,276504,0.0,279,5,0,1,31641.13
Toyota,Corolla,sedan,hybrid,automatic,2014,81777,3.7,288,4,0,3,39416.84
BMW,3 Series,sedan,gasoline,automatic,2012,186728,5.0,427,4,0,2,48304.83
Hyundai,Sonata,sedan,diesel,automatic,2018,136965,3.8,133,3,0,3,32726.83
Hyundai,Tucson,suv,gasoline,automatic,2002,228393,2.0,268,5,0,1,2718.34
Chevrolet,Malibu,sedan,diesel,automatic,2023,18810,5.2,168,3,1,5,55053.93
BMW,5 Series,sedan,gasoline,automatic,2026,9076,3.2,339,2,0,5,84339.25
Chevrolet,Malibu,sedan,gasoline,automatic,2018,67034,2.5,289,3,0,4,44956.17
Ford,F-150,truck,gasoline,automatic,2016,40133,2.4,144,4,0,3,38668.05
Ford,Mustang,coupe,gasoline,automatic,2008,218793,4.7,159,4,1,1,6190.04
Toyota,RAV4,suv,gasoline,automatic,2004,321818,4.3,123,6,0,1,2500.0
Honda,CR-V,suv,gasoline,automatic,2016,60560,3.1,181,3,1,5,43846.4
Honda,CR-V,suv,gasoline,automatic,2013,169290,3.7,169,4,1,2,22045.49
Hyundai,Elantra,sedan,gasoline,automatic,2021,50556,2.7,312,2,0,5,54932.93
Honda,Accord,sedan,gasoline,automatic,2018,77797,2.4,263,2,1,3,37349.01
Ford,F-150,truck,hybrid,manual,2007,169727,5.7,307,5,0,3,32175.79
Toyota,Camry,sedan,gasoline,automatic,2013,141281,1.6,172,3,0,3,26857.05
Chevrolet,Equinox,suv,gasoline,automatic,2022,26299,2.9,284,2,0,4,63926.78
Hyundai,Elantra,sedan,gasoline,automatic,2017,85265,3.4,170,2,1,5,38381.02
Tesla,Model S,sedan,electric,automatic,2007,177526,0.0,423,6,0,4,54353.61
Tesla,Model S,sedan,electric,automatic,2002,339349,0.0,421,6,0,1,23406.86
Ford,Escape,suv,gasoline,automatic,2021,58806,3.5,306,2,1,4,54448.05
Hyundai,Tucson,suv,gasoline,automatic,2001,264280,4.4,280,5,0,1,7468.87
Chevrolet,Malibu,sedan,diesel,automatic,2006,280494,1.9,134,4,0,2,2500.0
Ford,F-150,truck,gasoline,automatic,2009,117051,5.5,313,4,0,3,42317.41
BMW,3 Series,sedan,hybrid,automatic,2016,84642,4.5,377,4,1,5,67214.5
Mercedes,C-Class,sedan,gasoline,automatic,2016,73273,4.3,463,5,1,4,64636.63
Ford,Escape,suv,hybrid,automatic,2002,329357,3.4,159,5,0,1,2500.0
Honda,Civic,sedan,gasoline,manual,2018,68748,4.2,137,2,0,5,50890.4
Hyundai,Sonata,sedan,gasoline,automatic,2017,82633,5.1,238,3,0,5,48143.06
Toyota,RAV4,suv,gasoline,automatic,2015,128013,3.5,190,3,0,4,33945.63
BMW,5 Series,sedan,gasoline,automatic,2022,21476,5.6,443,2,0,5,88550.38
Ford,Escape,suv,gasoline,manual,2019,100008,5.1,182,1,0,4,48054.12
BMW,3 Series,sedan,gasoline,automatic,2013,115214,2.8,452,4,0,4,58662.08
Toyota,RAV4,suv,gasoline,automatic,2000,477140,1.7,168,7,1,1,2500.0
Honda,Accord,sedan,gasoline,automatic,2020,18885,1.8,138,3,1,3,45605.61
Honda,Accord,sedan,gasoline,manual,2002,288039,2.4,265,7,1,1,2500.0
Hyundai,Sonata,sedan,gasoline,automatic,2016,119205,2.1,222,4,1,4,24642.98
Mercedes,GLC,suv,gasoline,automatic,2009,191039,4.8,311,7,1,3,41370.28
Mercedes,E-Class,sedan,gasoline,automatic,2005,151803,2.8,486,5,0,3,46975.49
Honda,CR-V,suv,hybrid,automatic,2001,329224,3.0,222,7,1,1,2500.0
BMW,5 Series,sedan,gasoline,manual,2008,120456,5.1,339,4,0,3,40301.95
Ford,Escape,suv,hybrid,automatic,2014,168326,4.7,253,4,0,3,32372.81
BMW,X5,suv,gasoline,automatic,2025,19801,2.7,368,2,0,5,91773.34
BMW,X5,suv,diesel,automatic,2004,284703,5.6,358,5,1,1,23347.69
Ford,F-150,truck,gasoline,automatic,2009,122185,2.6,228,4,0,4,30758.12
Chevrolet,Silverado,truck,gasoline,automatic,2024,24169,4.6,213,3,0,5,67772.87
Mercedes,E-Class,sedan,gasoline,automatic,2013,160904,3.4,310,3,0,3,50294.25
Mercedes,GLC,suv,hybrid,automatic,2006,206927,3.5,329,4,0,2,42555.23
Honda,Civic,sedan,gasoline,automatic,2014,193413,2.6,328,3,0,3,33631.84
Toyota,RAV4,suv,gasoline,automatic,2019,20765,1.6,131,2,0,5,59272.97
Honda,Accord,sedan,gasoline,automatic,2023,33561,4.9,289,1,0,5,64217.99
Tesla,Model 3,sedan,electric,automatic,2016,147150,0.0,360,2,0,4,69080.93
Hyundai,Tucson,suv,gasoline,automatic,2009,240402,5.1,231,4,0,2,19854.75
Hyundai,Sonata,sedan,hybrid,manual,2007,140196,5.4,315,7,0,2,20396.98
Toyota,Corolla,sedan,hybrid,automatic,2018,30207,2.6,257,3,0,4,51804.99
Tesla,Model 3,sedan,electric,automatic,2017,93390,0.0,295,4,0,5,70602.67
Ford,F-150,truck,hybrid,automatic,2003,263607,2.7,221,6,0,1,2500.0
Honda,Accord,sedan,gasoline,automatic,2015,153400,3.7,195,3,0,4,35314.57
Tesla,Model 3,sedan,electric,manual,2004,319493,0.0,357,7,0,1,24410.73
Tesla,Model Y,suv,electric,automatic,2000,344128,0.0,417,6,0,1,16220.47
Hyundai,Tucson,suv,gasoline,automatic,2001,384652,5.3,257,7,0,1,2500.0
Toyota,RAV4,suv,gasoline,automatic,2014,161517,1.5,218,2,1,3,29271.48
Hyundai,Elantra,sedan,gasoline,automatic,2009,204538,1.6,308,5,0,2,16401.57
BMW,5 Series,sedan,gasoline,automatic,2004,201393,2.5,347,7,0,2,22274.7
BMW,3 Series,sedan,gasoline,manual,2007,139866,3.8,338,5,0,3,40748.54
Ford,Escape,suv,gasoline,manual,2014,185362,3.9,265,4,0,3,32876.23
Ford,Escape,suv,hybrid,automatic,2006,185410,3.6,132,5,0,1,12154.57
Toyota,Camry,sedan,gasoline,automatic,2021,12276,3.3,120,3,0,5,53205.88
Ford,Mustang,coupe,gasoline,automatic,2015,106639,5.6,164,4,0,4,40004.18
BMW,3 Series,sedan,gasoline,automatic,2023,40354,3.0,328,1,0,5,79878.44
Hyundai,Sonata,sedan,gasoline,automatic,2025,7674,4.6,242,1,0,5,61990.7
Honda,Civic,sedan,gasoline,automatic,2021,20683,4.0,148,3,0,5,56844.95
Toyota,RAV4,suv,gasoline,automatic,2021,22089,3.9,308,1,1,4,53640.92
Hyundai,Sonata,sedan,gasoline,automatic,2023,32306,4.6,208,2,0,5,51450.75
BMW,X5,suv,gasoline,automatic,2024,21092,4.0,516,1,0,5,93387.9
Chevrolet,Malibu,sedan,gasoline,automatic,2005,203394,2.8,138,5,0,2,2500.0
Hyundai,Tucson,suv,gasoline,automatic,2015,107894,4.8,250,3,1,3,36653.8
Toyota,Corolla,sedan,gasoline,automatic,2001,389749,4.3,242,7,1,1,2500.0
Honda,Accord,sedan,gasoline,automatic,2003,226263,4.3,264,6,1,1,2500.0
Hyundai,Elantra,sedan,hybrid,manual,2024,24421,3.2,123,1,1,5,53470.13
BMW,X5,suv,diesel,automatic,2012,148040,3.5,420,4,1,3,52270.03
Honda,Civic,sedan,hybrid,automatic,2005,233738,3.2,197,4,1,3,7787.2
Tesla,Model Y,suv,electric,automatic,2025,13658,0.0,263,2,0,5,90904.33
Toyota,Camry,sedan,gasoline,automatic,2000,378115,3.2,212,7,0,1,2500.0
Chevrolet,Malibu,sedan,gasoline,automatic,2020,85728,5.5,273,1,0,5,56411.95
BMW,5 Series,sedan,gasoline,manual,2012,255554,5.4,294,5,1,2,22659.73
Ford,F-150,truck,gasoline,manual,2010,202800,5.3,292,5,0,2,23080.14
Mercedes,E-Class,sedan,gasoline,automatic,2003,144587,3.9,379,6,0,2,37326.58
Tesla,Model S,sedan,electric,automatic,2007,152712,0.0,343,5,0,3,51640.58
Toyota,RAV4,suv,gasoline,automatic,2022,36430,5.7,169,1,0,5,62241.26
Toyota,RAV4,suv,diesel,automatic,2013,93667,2.7,244,4,0,3,39643.76
Honda,CR-V,suv,gasoline,automatic,2003,297936,1.6,160,7,1,1,2500.0
Chevrolet,Equinox,suv,gasoline,automatic,2019,41923,5.1,154,2,0,4,52280.29
Chevrolet,Silverado,truck,gasoline,automatic,2017,119028,3.7,199,4,0,4,42012.82
Tesla,Model S,sedan,electric,automatic,2008,185459,0.0,473,5,1,2,48679.17
BMW,5 Series,sedan,gasoline,automatic,2008,211364,2.9,513,4,1,3,32713.1
Toyota,Camry,sedan,gasoline,manual,2022,25817,4.7,324,2,0,5,68787.09
Ford,F-150,truck,gasoline,automatic,2009,299212,4.5,225,6,1,2,6073.87
Ford,Mustang,coupe,gasoline,automatic,2007,211512,5.3,316,5,0,3,24015.35
Toyota,RAV4,suv,gasoline,automatic,2018,168914,3.3,323,2,1,4,43263.93
Honda,Accord,sedan,gasoline,automatic,2012,142898,3.8,195,5,0,4,26741.16
Mercedes,E-Class,sedan,gasoline,automatic,2007,230059,2.8,265,6,0,3,24805.44
Honda,Civic,sedan,hybrid,automatic,2014,94872,3.1,285,3,0,2,36573.07
Mercedes,GLC,suv,gasoline,manual,2013,140304,3.7,480,2,0,3,70035.75
Toyota,RAV4,suv,gasoline,automatic,2015,123411,2.3,141,4,1,4,26439.98
Mercedes,GLC,suv,hybrid,automatic,2022,25167,1.7,422,3,0,5,92439.77
Toyota,Camry,sedan,gasoline,manual,2010,201311,1.9,181,4,0,3,12242.35
Mercedes,GLC,suv,gasoline,automatic,2017,149071,2.4,314,3,0,2,66280.32
Hyundai,Tucson,suv,gasoline,automatic,2024,29195,1.8,238,1,0,5,61490.77
Mercedes,C-Class,sedan,gasoline,automatic,2006,316264,5.3,283,6,0,1,21650.97
Ford,F-150,truck,gasoline,automatic,2020,40879,4.9,239,2,0,5,65460.91
Chevrolet,Silverado,truck,diesel,automatic,2010,182604,2.3,310,5,0,2,27434.3
Ford,Escape,suv,hybrid,automatic,2007,188974,3.3,283,5,0,2,22201.28
BMW,X5,suv,gasoline,manual,2015,107997,5.5,495,4,1,4,67737.75
Toyota,Corolla,sedan,gasoline,automatic,2007,213731,3.8,181,5,1,2,3275.73
Toyota,Camry,sedan,gasoline,automatic,2010,247118,4.5,250,4,1,3,13566.03
Tesla,Model 3,sedan,electric,automatic,2005,276255,0.0,355,4,1,2,21692.09
Honda,CR-V,suv,gasoline,automatic,2017,115195,5.3,125,2,1,3,36008.11
Chevrolet,Equinox,suv,gasoline,automatic,2023,35954,4.7,274,2,1,4,57500.13
Honda,Accord,sedan,gasoline,automatic,2004,343803,3.3,229,5,1,1,2500.0
Mercedes,E-Class,sedan,gasoline,automatic,2011,153404,1.6,365,4,1,2,39914.63
Toyota,Corolla,sedan,hybrid,automatic,2026,18630,2.3,315,1,1,5,65051.88
Honda,Accord,sedan,gasoline,automatic,2010,211572,3.3,299,5,0,2,17698.25
Ford,F-150,truck,gasoline,automatic,2016,117074,3.2,146,3,1,3,37247.32
BMW,X5,suv,gasoline,automatic,2025,15596,3.1,282,2,0,5,88750.21
Honda,Civic,sedan,gasoline,automatic,2020,61966,3.5,229,1,0,4,59018.57
Honda,Civic,sedan,gasoline,automatic,2005,255608,2.6,272,7,1,1,2500.0
Mercedes,E-Class,sedan,gasoline,automatic,2006,306182,5.2,497,6,0,3,33910.61
Hyundai,Tucson,suv,gasoline,automatic,2010,174502,2.8,147,4,1,4,23502.1
Tesla,Model Y,suv,electric,automatic,2026,19169,0.0,518,1,1,5,97067.13
Ford,Escape,suv,hybrid,automatic,2002,276418,3.2,236,6,1,1,2510.2
Honda,Accord,sedan,hybrid,manual,2003,272422,5.5,163,6,1,1,2500.0
Tesla,Model 3,sedan,electric,automatic,2021,33410,0.0,416,2,1,5,80572.83
Toyota,Camry,sedan,gasoline,automatic,2020,22826,2.2,199,3,0,5,48070.98
Mercedes,C-Class,sedan,gasoline,manual,2013,232769,1.9,469,3,0,4,50119.6
BMW,X5,suv,gasoline,manual,2021,69954,3.4,282,2,0,5,78375.42
Mercedes,C-Class,sedan,gasoline,automatic,2015,138223,1.5,447,4,0,4,53123.36
Toyota,Camry,sedan,gasoline,automatic,2019,68047,4.3,146,2,0,4,49925.74
Hyundai,Sonata,sedan,gasoline,automatic,2011,167921,5.7,316,4,1,2,18075.4
Toyota,RAV4,suv,gasoline,automatic,2024,24099,3.5,244,1,0,5,68761.48
Mercedes,C-Class,sedan,gasoline,automatic,2026,13367,3.6,470,1,0,5,98290.06
Toyota,Corolla,sedan,hybrid,automatic,2004,301735,3.2,174,5,0,1,2500.0
Toyota,Corolla,sedan,gasoline,automatic,2008,200889,5.4,275,5,1,2,11445.39
Mercedes,C-Class,sedan,gasoline,automatic,2015,171307,4.9,344,1,0,3,55099.71
Ford,Mustang,coupe,gasoline,automatic,2007,227989,1.7,324,5,0,2,14258.08
Mercedes,C-Class,sedan,gasoline,automatic,2010,211137,5.1,297,3,0,3,38411.33
Ford,Mustang,coupe,hybrid,automatic,2020,37127,1.9,193,2,0,5,58520.45
Toyota,Camry,sedan,gasoline,automatic,2021,81858,3.1,258,3,0,4,58805.92
Hyundai,Elantra,sedan,gasoline,automatic,2006,178560,3.3,280,4,0,2,12171.32
Chevrolet,Silverado,truck,gasoline,automatic,2004,148099,4.7,142,5,1,2,15078.79
Chevrolet,Silverado,truck,gasoline,automatic,2025,10776,2.2,208,1,0,5,68808.59
Hyundai,Tucson,suv,gasoline,automatic,2018,112011,4.5,229,3,1,4,38131.02
BMW,X5,suv,gasoline,automatic,2004,360991,3.5,370,5,0,1,16312.64
Chevrolet,Malibu,sedan,gasoline,automatic,2007,262053,5.1,174,5,1,3,4503.53
Ford,F-150,truck,gasoline,automatic,2012,184776,5.4,289,3,0,2,31869.79
Chevrolet,Malibu,sedan,gasoline,automatic,2020,38734,4.8,121,3,0,5,45222.52
BMW,5 Series,sedan,gasoline,automatic,2016,166715,4.1,447,5,0,3,54722.24
Toyota,RAV4,suv,hybrid,automatic,2018,122023,3.9,257,2,0,4,54928.31
BMW,3 Series,sedan,gasoline,automatic,2022,49771,3.9,346,2,0,5,74605.85
Mercedes,E-Class,sedan,gasoline,automatic,2010,225150,4.0,487,4,1,1,36912.08
Mercedes,C-Class,sedan,gasoline,automatic,2015,119564,2.7,392,4,0,3,60836.14
Mercedes,C-Class,sedan,gasoline,automatic,2007,198798,4.8,354,6,0,2,36695.87
Toyota,RAV4,suv,gasoline,automatic,2025,14266,3.1,239,1,0,5,69431.61
Mercedes,C-Class,sedan,gasoline,automatic,2020,47864,4.8,297,3,1,4,65765.01
Ford,F-150,truck,gasoline,automatic,2003,425798,5.4,142,6,1,1,2500.0
Toyota,Camry,sedan,gasoline,automatic,2020,25320,2.3,199,1,0,4,54074.16
Mercedes,E-Class,sedan,gasoline,automatic,2004,104658,5.2,422,6,0,2,47995.12
BMW,3 Series,sedan,gasoline,automatic,2007,191705,3.7,488,4,0,2,35053.53
Mercedes,E-Class,sedan,diesel,manual,2020,70597,2.1,266,2,1,5,70615.58
BMW,3 Series,sedan,hybrid,automatic,2022,23402,2.3,448,1,0,5,84583.17
Chevrolet,Equinox,suv,hybrid,automatic,2019,59951,3.4,237,3,1,5,58625.78
Mercedes,E-Class,sedan,gasoline,automatic,2025,10303,5.0,433,1,0,5,91467.9
Honda,Civic,sedan,gasoline,automatic,2003,332228,2.8,245,6,1,1,2500.0
BMW,3 Series,sedan,gasoline,automatic,2024,27753,2.5,291,1,1,5,68522.52
Ford,Mustang,coupe,hybrid,automatic,2025,18902,4.5,239,1,0,5,69922.68
Toyota,RAV4,suv,gasoline,automatic,2005,167347,2.7,285,6,1,2,15257.51
Toyota,Camry,sedan,gasoline,automatic,2005,182764,5.3,246,5,0,1,13156.69
Hyundai,Tucson,suv,gasoline,automatic,2012,115850,2.4,243,4,0,3,31547.36
Toyota,Camry,sedan,hybrid,automatic,2001,188356,1.5,191,5,1,1,2500.0
Ford,Mustang,coupe,gasoline,automatic,2024,35815,4.4,228,1,0,5,62293.18
Hyundai,Elantra,sedan,gasoline,automatic,2019,126763,1.5,125,2,1,5,28442.28
Mercedes,GLC,suv,hybrid,automatic,2007,149857,2.0,410,5,0,1,44613.03
Hyundai,Tucson,suv,gasoline,manual,2006,266537,1.7,122,5,0,1,2500.0
BMW,3 Series,sedan,gasoline,automatic,2022,23321,1.6,288,3,0,4,71265.21
Chevrolet,Silverado,truck,hybrid,automatic,2026,12709,2.8,256,1,1,5,75925.69
Toyota,Camry,sedan,gasoline,manual,2018,147337,5.0,134,1,0,4,33472.5
Ford,Escape,suv,gasoline,automatic,2023,43185,3.0,183,2,0,5,65370.28
Honda,Civic,sedan,gasoline,automatic,2004,116995,3.3,312,5,0,2,22553.17
Hyundai,Elantra,sedan,gasoline,automatic,2017,77858,2.3,194,3,0,3,35556.25
Mercedes,GLC,suv,gasoline,automatic,2013,97012,3.2,508,4,1,3,62424.29
Toyota,Camry,sedan,gasoline,automatic,2025,15873,2.9,127,1,0,5,58242.61
Toyota,Corolla,sedan,gasoline,automatic,2023,38544,2.2,324,2,0,5,66336.87
Toyota,Corolla,sedan,hybrid,automatic,2022,38249,3.8,171,3,0,4,50870.63
Honda,Civic,sedan,gasoline,automatic,2002,351504,2.3,171,4,1,1,2500.0
BMW,X5,suv,diesel,automatic,2010,295009,4.2,387,4,0,1,36607.39
Chevrolet,Equinox,suv,gasoline,automatic,2022,30644,3.5,285,2,0,5,64090.78
Toyota,RAV4,suv,gasoline,automatic,2017,167899,5.3,188,2,0,3,32229.4
Hyundai,Sonata,sedan,gasoline,automatic,2021,66804,3.9,126,2,0,5,46068.69
Toyota,RAV4,suv,gasoline,automatic,2026,5664,3.9,192,1,0,5,72159.33
Ford,Escape,suv,gasoline,automatic,2002,365754,5.3,281,7,0,1,2500.0
Honda,CR-V,suv,gasoline,automatic,2005,333492,4.9,236,6,0,2,4512.53
Chevrolet,Equinox,suv,gasoline,automatic,2008,151530,2.9,153,5,0,3,20000.58
Mercedes,C-Class,sedan,diesel,automatic,2014,133598,1.7,283,4,1,4,54962.8
Hyundai,Elantra,sedan,gasoline,automatic,2007,221364,4.1,313,5,0,3,16043.59
Hyundai,Sonata,sedan,gasoline,automatic,2001,273685,4.2,189,6,0,2,2500.0
Honda,Civic,sedan,gasoline,automatic,2009,184055,2.2,268,3,1,2,11100.15
Hyundai,Elantra,sedan,gasoline,automatic,2022,38016,5.4,257,1,0,5,60189.94
Honda,Accord,sedan,gasoline,manual,2009,151345,5.1,232,3,1,3,20293.47
Toyota,RAV4,suv,diesel,manual,2002,249610,3.3,175,5,1,2,2500.0
Mercedes,C-Class,sedan,gasoline,automatic,2016,102381,3.8,347,3,0,4,63387.73
Mercedes,C-Class,sedan,gasoline,manual,2025,6486,1.7,508,2,0,5,90666.49
Mercedes,GLC,suv,gasoline,automatic,2000,336768,2.5,261,7,1,1,2500.0
Toyota,Corolla,sedan,gasoline,automatic,2025,16071,2.3,303,1,0,5,71600.13
Chevrolet,Silverado,truck,gasoline,automatic,2024,25592,5.0,233,1,0,5,67212.5
Tesla,Model Y,suv,electric,automatic,2012,181771,0.0,411,3,1,3,54888.18
BMW,5 Series,sedan,diesel,automatic,2012,119526,3.4,341,5,0,3,49644.61
Chevrolet,Equinox,suv,gasoline,automatic,2011,189607,5.2,200,4,0,3,24264.03
Mercedes,E-Class,sedan,gasoline,automatic,2004,225158,5.2,424,5,1,2,26457.47
Ford,Escape,suv,gasoline,automatic,2003,151273,2.6,261,6,0,2,19963.08
Toyota,RAV4,suv,gasoline,automatic,2017,104171,2.7,155,2,0,4,46970.79
Toyota,Corolla,sedan,gasoline,automatic,2021,38822,3.0,183,2,0,4,56505.44
Mercedes,C-Class,sedan,gasoline,automatic,2026,15596,3.8,502,1,0,5,99459.54
Mercedes,E-Class,sedan,gasoline,manual,2015,97079,2.6,443,5,1,4,51200.3
Ford,Escape,suv,gasoline,automatic,2020,68718,5.0,248,3,0,5,58079.03
Mercedes,E-Class,sedan,hybrid,automatic,2020,96619,5.0,417,4,0,5,77465.34
Honda,Accord,sedan,gasoline,manual,2007,207184,3.3,217,4,0,2,14454.93
Hyundai,Sonata,sedan,gasoline,automatic,2016,78649,1.8,158,3,0,4,36044.8
Honda,Civic,sedan,gasoline,automatic,2012,134730,2.9,253,4,0,3,38162.87
Tesla,Model Y,suv,electric,automatic,2012,101990,0.0,411,4,0,3,64809.05
Chevrolet,Silverado,truck,gasoline,automatic,2021,54124,5.5,258,3,0,5,65806.13
BMW,5 Series,sedan,hybrid,automatic,2015,104226,2.4,314,4,0,4,61904.25
Mercedes,E-Class,sedan,gasoline,automatic,2016,206416,2.5,287,2,0,3,48252.45
Ford,Escape,suv,gasoline,automatic,2009,243306,3.5,254,3,1,1,11916.36
BMW,3 Series,sedan,gasoline,automatic,2020,79328,3.1,420,3,0,5,75599.05
Mercedes,GLC,suv,hybrid,automatic,2020,80557,4.3,310,2,1,4,69867.6
Toyota,Corolla,sedan,gasoline,automatic,2002,106479,2.8,160,5,1,3,12689.91
BMW,X5,suv,gasoline,automatic,2014,127795,2.9,508,4,0,4,64137.24
Chevrolet,Equinox,suv,gasoline,automatic,2020,110679,3.1,166,3,1,4,38163.28
Ford,Escape,suv,gasoline,automatic,2001,341003,4.6,264,6,0,1,2500.0
Honda,CR-V,suv,gasoline,automatic,2026,20622,2.1,309,2,0,5,69480.89
Toyota,Camry,sedan,gasoline,automatic,2005,330128,5.7,214,5,1,3,2500.0
Tesla,Model 3,sedan,electric,automatic,2016,86706,0.0,367,3,0,4,66335.42
Toyota,RAV4,suv,gasoline,automatic,2024,24108,5.5,235,2,0,4,67547.87
Toyota,RAV4,suv,gasoline,automatic,2001,342624,2.2,169,5,0,1,2500.0
Hyundai,Sonata,sedan,hybrid,automatic,2012,136490,5.4,128,4,0,3,28342.0
BMW,3 Series,sedan,gasoline,automatic,2009,192942,3.3,433,6,0,3,43759.87
Hyundai,Elantra,sedan,gasoline,automatic,2016,117274,2.1,238,4,0,5,37256.23
BMW,5 Series,sedan,gasoline,automatic,2013,102240,4.0,410,2,1,3,55253.66
Toyota,Corolla,sedan,hybrid,automatic,2016,158835,4.2,180,4,0,3,32578.02
Honda,Civic,sedan,gasoline,automatic,2000,536180,5.0,152,6,1,1,2500.0
Hyundai,Elantra,sedan,hybrid,automatic,2009,237266,2.1,254,5,1,2,12497.83
Toyota,RAV4,suv,hybrid,automatic,2010,145422,5.2,310,4,1,2,29966.33
Hyundai,Sonata,sedan,hybrid,automatic,2012,200673,3.6,162,2,0,2,23289.28
Hyundai,Elantra,sedan,gasoline,automatic,2006,213858,3.0,305,5,1,1,3202.66
Mercedes,GLC,suv,hybrid,automatic,2000,273886,4.6,387,6,0,1,20164.52
Toyota,Camry,sedan,gasoline,automatic,2011,241192,4.0,225,5,0,2,12014.73
Ford,Escape,suv,hybrid,manual,2003,309471,1.8,227,5,1,1,2500.0
Ford,F-150,truck,gasoline,automatic,2004,379126,3.4,211,7,0,1,2500.0
Ford,Escape,suv,hybrid,automatic,2010,60712,2.5,194,3,1,3,33042.12
Toyota,Camry,sedan,gasoline,automatic,2013,75289,3.3,236,3,1,3,40572.48
BMW,5 Series,sedan,gasoline,automatic,2011,215989,4.5,445,4,1,2,41534.52
BMW,X5,suv,gasoline,automatic,2019,80445,5.1,399,2,1,4,72752.41
Honda,Accord,sedan,hybrid,automatic,2013,82059,3.3,261,2,0,3,45517.08
Toyota,RAV4,suv,gasoline,automatic,2013,90693,4.9,280,2,1,4,46941.95
Toyota,Corolla,sedan,diesel,automatic,2024,21585,4.6,218,1,0,5,67926.51
Ford,F-150,truck,hybrid,manual,2020,91444,3.9,216,2,0,5,62720.96
Honda,Civic,sedan,gasoline,automatic,2002,354527,3.3,225,6,1,1,2500.0
Honda,Civic,sedan,hybrid,automatic,2000,187500,4.3,237,7,1,1,2500.0
BMW,X5,suv,gasoline,manual,2025,21294,2.5,356,2,0,5,87013.8
Toyota,RAV4,suv,gasoline,automatic,2011,178200,3.1,199,5,0,3,21438.5
Toyota,Corolla,sedan,gasoline,automatic,2025,12852,3.1,157,1,0,5,60470.78
Hyundai,Tucson,suv,gasoline,manual,2012,170710,3.3,320,5,0,3,33623.38
Toyota,Corolla,sedan,diesel,manual,2007,233838,2.9,168,5,0,3,18003.89
Toyota,RAV4,suv,gasoline,automatic,2011,120905,4.6,171,4,0,3,34730.58
Tesla,Model Y,suv,electric,automatic,2016,113183,0.0,416,4,0,3,71045.86
Tesla,Model Y,suv,electric,automatic,2011,257049,0.0,458,6,0,2,52628.05
BMW,5 Series,sedan,hybrid,automatic,2012,141060,1.8,272,4,0,4,45622.12
Toyota,Corolla,sedan,hybrid,automatic,2020,62267,3.9,159,1,0,5,47660.74
Ford,Escape,suv,gasoline,automatic,2014,185952,4.3,266,3,1,3,29193.16
BMW,X5,suv,gasoline,manual,2016,121395,5.5,395,3,1,4,57498.42
Tesla,Model S,sedan,electric,automatic,2002,213728,0.0,404,7,1,1,26824.84
Honda,CR-V,suv,gasoline,automatic,2016,74104,1.8,124,3,0,3,39214.84
Mercedes,E-Class,sedan,gasoline,manual,2007,177090,4.4,281,4,0,3,40941.56
Ford,Escape,suv,hybrid,automatic,2021,32295,4.5,213,1,0,5,62209.55
Ford,F-150,truck,gasoline,manual,2002,268003,3.2,317,5,0,2,12205.75
BMW,X5,suv,gasoline,automatic,2011,115287,2.9,376,5,0,3,56267.31
BMW,X5,suv,gasoline,automatic,2007,295384,1.5,449,5,0,2,24362.58
Toyota,Camry,sedan,gasoline,automatic,2022,44401,5.0,222,2,1,5,48612.45
Hyundai,Tucson,suv,gasoline,automatic,2003,207464,2.9,294,7,0,1,11574.81
Tesla,Model S,sedan,electric,automatic,2021,41366,0.0,295,2,0,5,83149.49
Honda,CR-V,suv,gasoline,automatic,2012,79516,5.1,224,3,0,3,47436.13
Ford,Mustang,coupe,gasoline,automatic,2025,13588,5.3,140,3,0,5,63076.54
Toyota,Corolla,sedan,gasoline,automatic,2007,121185,2.5,202,5,0,3,24034.61
Honda,CR-V,suv,gasoline,manual,2010,153022,2.2,222,5,0,4,24513.5
Honda,Civic,sedan,diesel,automatic,2015,69431,2.2,200,3,0,5,42603.4
Honda,Accord,sedan,gasoline,automatic,2015,102330,5.0,261,5,1,4,41429.15
BMW,5 Series,sedan,hybrid,manual,2026,18489,5.4,388,1,0,4,83609.83
Toyota,Corolla,sedan,gasoline,automatic,2023,41377,5.2,203,2,0,5,65786.68
Chevrolet,Silverado,truck,gasoline,automatic,2005,324569,1.6,144,5,1,1,2500.0
Honda,CR-V,suv,gasoline,automatic,2003,194332,4.2,268,5,1,2,9166.83
Tesla,Model S,sedan,electric,automatic,2009,219673,0.0,406,7,1,3,39131.01
Ford,F-150,truck,gasoline,automatic,2009,174615,2.4,265,6,0,3,26891.84
Toyota,RAV4,suv,diesel,automatic,2003,89980,2.4,295,5,0,3,26183.76
BMW,5 Series,sedan,gasoline,automatic,2007,178471,1.8,431,6,0,1,33916.92
Ford,F-150,truck,gasoline,automatic,2025,15576,2.6,191,1,0,5,70072.78
Tesla,Model S,sedan,electric,automatic,2018,142542,0.0,383,2,0,3,69818.2
Toyota,Corolla,sedan,gasoline,automatic,2003,187028,5.4,193,5,0,1,8670.9
Toyota,Corolla,sedan,gasoline,automatic,2005,260304,4.5,175,6,0,2,8392.59
Ford,Escape,suv,gasoline,manual,2007,120047,5.4,283,5,0,2,33914.34
Toyota,Corolla,sedan,gasoline,automatic,2022,48264,5.5,271,3,0,5,64733.79
Honda,Civic,sedan,hybrid,automatic,2013,216331,3.1,226,2,0,3,25477.89
BMW,X5,suv,gasoline,automatic,2025,10338,3.7,395,1,0,5,101193.56
Honda,Civic,sedan,diesel,automatic,2008,60778,4.7,232,5,0,4,41605.68
Ford,F-150,truck,gasoline,automatic,2002,167791,3.1,305,6,1,1,9708.96
Honda,Accord,sedan,gasoline,automatic,2025,20163,3.4,246,1,0,5,67186.62
BMW,3 Series,sedan,gasoline,automatic,2025,13215,3.9,301,2,0,5,82883.53
Mercedes,GLC,suv,gasoline,automatic,2026,17027,4.9,348,3,0,5,92464.13
BMW,3 Series,sedan,gasoline,manual,2024,16431,4.2,332,3,1,5,76594.51
Ford,Escape,suv,diesel,automatic,2008,177597,2.3,154,4,1,1,13824.11
BMW,5 Series,sedan,gasoline,automatic,2023,43183,3.0,498,1,0,5,86473.9
Honda,Civic,sedan,gasoline,automatic,2006,284566,2.9,152,6,0,2,2500.0
Honda,Accord,sedan,gasoline,automatic,2013,113991,3.6,292,4,0,3,38224.18
Chevrolet,Equinox,suv,diesel,automatic,2026,18070,3.5,318,1,1,5,67868.31
Honda,Accord,sedan,gasoline,automatic,2010,198978,5.1,231,4,1,3,23804.11
Honda,Accord,sedan,gasoline,automatic,2002,221666,4.3,281,6,0,1,3743.95
Chevrolet,Silverado,truck,gasoline,automatic,2006,244431,2.6,268,5,0,1,8684.14
Toyota,Camry,sedan,gasoline,automatic,2023,41935,3.8,251,3,0,5,60991.62
Hyundai,Sonata,sedan,gasoline,automatic,2021,53581,4.7,161,1,0,4,52588.28
Mercedes,C-Class,sedan,gasoline,automatic,2007,161800,4.7,324,7,1,2,34678.74
Honda,CR-V,suv,gasoline,manual,2000,421587,2.4,162,6,0,1,2500.0
Honda,Accord,sedan,gasoline,automatic,2004,285595,3.8,316,6,1,1,2500.0
Hyundai,Sonata,sedan,hybrid,automatic,2015,130227,2.2,268,3,0,4,45213.0
Mercedes,C-Class,sedan,gasoline,automatic,2006,205423,2.2,452,6,1,1,21737.71
Toyota,RAV4,suv,gasoline,automatic,2014,140311,1.4,260,4,1,3,27196.88
BMW,3 Series,sedan,diesel,manual,2014,145788,2.4,443,3,0,2,49239.14
Ford,Escape,suv,gasoline,automatic,2005,171328,3.9,305,5,1,3,25816.43
Honda,CR-V,suv,gasoline,automatic,2003,327023,2.7,329,6,1,1,2500.0
Ford,Mustang,coupe,gasoline,automatic,2009,263843,3.2,248,4,0,1,5452.58
Ford,F-150,truck,gasoline,automatic,2023,38252,3.2,319,2,0,5,66578.83
Ford,Escape,suv,hybrid,automatic,2018,41821,2.3,306,2,0,3,56967.91
Tesla,Model S,sedan,electric,manual,2009,186582,0.0,384,5,1,2,46491.79
Tesla,Model Y,suv,electric,automatic,2023,19272,0.0,485,1,0,5,95722.38
Mercedes,C-Class,sedan,gasoline,automatic,2004,262362,2.0,362,5,0,1,24769.86
Honda,Accord,sedan,gasoline,automatic,2010,166730,4.0,302,4,0,3,24252.65
Ford,F-150,truck,gasoline,automatic,2012,127302,3.2,291,4,1,2,28604.82
Ford,F-150,truck,hybrid,manual,2026,3598,1.5,231,1,0,5,74121.21
Honda,Accord,sedan,diesel,automatic,2017,89816,3.9,324,3,0,4,51348.44
Hyundai,Sonata,sedan,gasoline,automatic,2018,86350,3.6,303,3,0,5,55789.31
BMW,3 Series,sedan,gasoline,automatic,2004,146960,4.0,519,5,0,2,41119.76
Honda,Accord,sedan,gasoline,automatic,2008,192091,4.9,137,5,0,3,9533.94
BMW,X5,suv,gasoline,automatic,2021,57605,3.8,314,3,1,4,72969.72
Tesla,Model S,sedan,electric,automatic,2023,34121,0.0,459,1,0,5,95755.82
Honda,Civic,sedan,hybrid,automatic,2002,295653,4.1,146,5,0,1,2500.0
Honda,Civic,sedan,diesel,automatic,2020,74525,3.5,178,3,0,5,52951.26
Tesla,Model 3,sedan,electric,automatic,2005,269941,0.0,430,4,1,2,34294.85
Honda,CR-V,suv,gasoline,automatic,2019,80707,2.3,246,3,0,3,48212.68
Honda,Accord,sedan,gasoline,automatic,2000,298213,2.8,259,5,1,1,2500.0
Toyota,Camry,sedan,hybrid,automatic,2018,33930,1.5,134,2,0,5,53533.02
Hyundai,Elantra,sedan,hybrid,automatic,2019,43269,3.6,269,3,0,5,54235.84
Toyota,RAV4,suv,hybrid,automatic,2007,222007,2.5,189,6,0,2,15676.7
Toyota,Camry,sedan,gasoline,automatic,2010,117876,2.2,266,4,0,3,25745.68
Ford,Escape,suv,hybrid,automatic,2022,43800,4.4,253,3,0,5,65193.36
Toyota,RAV4,suv,gasoline,automatic,2014,99554,3.7,139,3,0,4,44281.24
Chevrolet,Silverado,truck,gasoline,automatic,2010,158226,4.0,232,5,0,3,33328.98
Hyundai,Tucson,suv,gasoline,automatic,2023,23322,2.3,237,1,0,5,66788.83
Honda,Civic,sedan,gasoline,automatic,2009,259584,4.8,264,6,0,2,10466.87
Honda,Civic,sedan,gasoline,automatic,2023,43885,2.6,213,1,0,5,58102.69
Tesla,Model Y,suv,electric,automatic,2008,251878,0.0,487,5,0,2,52566.93
Toyota,RAV4,suv,gasoline,automatic,2009,240947,2.3,235,4,0,2,22265.15
Chevrolet,Equinox,suv,hybrid,automatic,2005,122939,2.4,270,5,1,1,17498.94
BMW,3 Series,sedan,hybrid,automatic,2002,172257,3.3,358,6,0,1,27635.79
Honda,CR-V,suv,hybrid,automatic,2022,63657,1.6,191,2,0,3,46445.78
Mercedes,E-Class,sedan,hybrid,automatic,2021,47559,3.5,442,3,0,5,82543.09
Mercedes,GLC,suv,gasoline,automatic,2015,112909,4.2,515,3,0,4,80348.42
BMW,5 Series,sedan,gasoline,automatic,2001,301322,2.7,413,6,1,1,6570.28
Honda,Civic,sedan,gasoline,automatic,2000,206955,5.0,131,7,0,2,2500.0
Honda,Civic,sedan,gasoline,automatic,2024,27378,3.0,260,1,1,5,53928.71
BMW,5 Series,sedan,gasoline,manual,2015,99775,2.8,281,5,0,4,50107.2
Honda,CR-V,suv,gasoline,automatic,2004,215114,3.5,257,6,0,1,12632.1
Honda,Accord,sedan,hybrid,automatic,2008,121096,5.1,269,3,0,3,34824.03
Tesla,Model Y,suv,electric,automatic,2010,78015,0.0,447,3,0,3,72787.27
BMW,5 Series,sedan,gasoline,automatic,2017,116910,5.6,333,1,0,3,67716.78
BMW,5 Series,sedan,gasoline,automatic,2023,26897,3.9,272,3,0,5,80675.03
Honda,Accord,sedan,diesel,automatic,2013,178036,4.1,175,3,0,3,27857.39
Hyundai,Tucson,suv,gasoline,automatic,2022,62480,1.5,290,3,0,5,59066.87
Honda,CR-V,suv,gasoline,automatic,2014,166429,2.9,315,4,0,4,38629.52
Honda,CR-V,suv,gasoline,manual,2016,97516,2.9,313,3,0,4,44499.48
BMW,5 Series,sedan,hybrid,automatic,2014,154839,3.4,335,3,1,4,51483.25
Honda,Accord,sedan,hybrid,automatic,2026,19960,3.6,130,1,0,5,68839.85
Chevrolet,Silverado,truck,gasoline,automatic,2008,189457,3.5,285,4,0,2,20615.38
Toyota,Corolla,sedan,diesel,automatic,2004,403145,3.7,312,4,0,1,2500.0
Tesla,Model S,sedan,electric,manual,2000,353349,0.0,429,7,0,1,16013.76
Hyundai,Sonata,sedan,gasoline,automatic,2019,52928,3.3,230,2,0,4,46959.75
BMW,X5,suv,gasoline,automatic,2021,64744,4.0,494,2,0,5,82609.46
Hyundai,Sonata,sedan,gasoline,automatic,2025,7638,5.4,182,2,0,5,66682.21
Ford,Escape,suv,gasoline,automatic,2025,19174,3.1,135,1,0,5,67141.83
Chevrolet,Equinox,suv,gasoline,automatic,2001,224372,2.1,329,7,1,1,2500.0
Toyota,Camry,sedan,gasoline,automatic,2025,10221,1.7,232,1,0,4,62848.1
Honda,Accord,sedan,gasoline,automatic,2011,77017,4.6,290,3,0,3,39443.46
Mercedes,E-Class,sedan,gasoline,manual,2001,383785,3.4,459,6,0,1,7184.36
Mercedes,GLC,suv,hybrid,automatic,2007,384599,5.2,286,4,0,1,25695.3
Mercedes,C-Class,sedan,gasoline,automatic,2018,65906,4.3,343,2,0,4,73963.11
Hyundai,Tucson,suv,gasoline,automatic,2018,103203,4.0,207,2,0,4,41213.55
Honda,Accord,sedan,hybrid,manual,2009,174157,4.1,178,5,0,4,23637.56
Toyota,Camry,sedan,gasoline,automatic,2011,75183,1.9,329,5,1,3,34921.34
Chevrolet,Equinox,suv,gasoline,automatic,2012,136506,4.2,306,4,1,2,21152.07
Ford,F-150,truck,gasoline,automatic,2015,121713,2.7,315,4,0,3,39966.28
Mercedes,E-Class,sedan,diesel,automatic,2002,157273,2.5,509,7,0,2,40802.57
Toyota,RAV4,suv,gasoline,automatic,2017,110973,5.4,298,2,1,5,51500.14
Chevrolet,Equinox,suv,gasoline,automatic,2017,134686,1.7,135,3,0,4,39906.77
BMW,3 Series,sedan,gasoline,automatic,2025,13916,2.8,285,3,0,5,85103.1
Mercedes,E-Class,sedan,hybrid,manual,2006,210186,3.4,407,5,1,1,35588.0
BMW,5 Series,sedan,gasoline,automatic,2002,159650,5.0,396,5,1,2,28415.92
Toyota,RAV4,suv,gasoline,automatic,2005,236616,4.4,263,6,1,2,7024.26
Hyundai,Elantra,sedan,gasoline,automatic,2000,333495,3.9,169,5,0,1,2500.0
Toyota,RAV4,suv,hybrid,automatic,2019,53864,4.2,134,3,0,4,49165.67
Ford,F-150,truck,gasoline,automatic,2026,20163,1.8,132,1,0,5,67832.67
Honda,CR-V,suv,hybrid,manual,2012,211238,4.9,296,3,0,3,33839.33
BMW,3 Series,sedan,gasoline,automatic,2007,143912,3.8,372,5,1,4,38915.86
Honda,Civic,sedan,gasoline,automatic,2016,128705,4.8,238,4,1,4,38839.23
Toyota,Corolla,sedan,gasoline,automatic,2008,174964,3.4,273,5,0,2,18422.47
Ford,F-150,truck,diesel,automatic,2004,387762,4.8,276,4,0,1,2500.0
Honda,Civic,sedan,hybrid,manual,2024,22981,1.5,182,3,0,4,55480.77
Mercedes,GLC,suv,gasoline,automatic,2015,115467,3.4,401,2,1,5,67046.23
BMW,5 Series,sedan,gasoline,automatic,2001,325850,3.9,324,7,0,1,4698.35
Ford,F-150,truck,gasoline,automatic,2025,14250,4.0,223,2,0,5,71586.23
Ford,F-150,truck,gasoline,manual,2018,68018,3.6,209,3,0,4,48924.09
BMW,X5,suv,gasoline,automatic,2009,108108,2.1,261,3,0,2,51729.63
Toyota,Camry,sedan,diesel,automatic,2008,209282,5.0,189,6,0,2,12283.71
Ford,F-150,truck,hybrid,automatic,2009,185821,2.8,299,5,1,4,30908.25
Honda,Accord,sedan,diesel,automatic,2021,72331,2.5,168,1,1,5,41545.44
Ford,Escape,suv,gasoline,automatic,2005,298797,4.4,249,4,0,2,5574.97
Honda,CR-V,suv,hybrid,automatic,2005,209575,4.6,260,6,0,3,22219.04
Toyota,RAV4,suv,gasoline,manual,2007,212207,4.1,208,6,1,1,4974.16
Hyundai,Sonata,sedan,gasoline,automatic,2013,114845,1.8,283,4,0,2,24012.67
BMW,5 Series,sedan,gasoline,manual,2008,136257,3.2,320,4,1,2,37264.22
Honda,Accord,sedan,gasoline,automatic,2023,30762,4.7,318,2,0,5,63498.68
Chevrolet,Equinox,suv,gasoline,automatic,2023,35180,5.2,319,2,0,5,72572.78
Hyundai,Tucson,suv,gasoline,automatic,2026,17022,4.6,152,1,0,5,71523.45
Toyota,RAV4,suv,hybrid,automatic,2009,283826,5.6,120,3,0,2,10572.71
Toyota,Camry,sedan,gasoline,automatic,2021,57687,5.2,159,2,0,5,49177.42
Hyundai,Elantra,sedan,gasoline,automatic,2006,189123,4.5,157,5,1,2,8222.81
Honda,Accord,sedan,gasoline,automatic,2020,69003,5.5,209,3,1,4,47842.41
Ford,F-150,truck,gasoline,automatic,2023,50035,3.3,241,1,0,5,62175.23
Tesla,Model S,sedan,electric,automatic,2020,48517,0.0,309,2,0,4,83600.31
Ford,Escape,suv,gasoline,automatic,2011,152899,4.5,176,4,1,2,24138.93
Chevrolet,Equinox,suv,gasoline,automatic,2002,369383,2.2,311,5,0,2,2500.0
Toyota,Camry,sedan,gasoline,automatic,2024,14620,2.9,151,3,0,5,58682.38
Mercedes,C-Class,sedan,gasoline,automatic,2000,320049,2.3,410,6,1,1,6251.6
Ford,F-150,truck,gasoline,automatic,2007,208917,5.3,271,5,0,3,26696.37
Mercedes,GLC,suv,hybrid,automatic,2001,257109,2.6,364,5,0,1,26000.27
Hyundai,Sonata,sedan,gasoline,automatic,2007,135172,3.1,259,4,1,3,16746.45
BMW,5 Series,sedan,gasoline,automatic,2026,5393,2.9,376,1,0,5,87496.99
Tesla,Model 3,sedan,electric,automatic,2012,48732,0.0,262,4,0,3,62202.03
Tesla,Model 3,sedan,electric,automatic,2023,28512,0.0,479,1,0,5,97246.25
Hyundai,Tucson,suv,hybrid,manual,2001,357292,2.3,290,7,0,1,2500.0
Mercedes,C-Class,sedan,gasoline,automatic,2016,76925,1.8,332,3,0,4,63719.52
BMW,X5,suv,gasoline,automatic,2024,22909,1.7,387,2,0,5,92324.24
Mercedes,C-Class,sedan,gasoline,automatic,2007,373622,4.5,394,4,1,1,10570.24
Toyota,Corolla,sedan,gasoline,automatic,2022,23731,5.6,263,2,0,5,63899.68
Mercedes,C-Class,sedan,gasoline,automatic,2020,55554,5.1,314,3,1,5,70713.57
Hyundai,Elantra,sedan,gasoline,automatic,2021,72550,3.3,288,2,0,5,51885.76
Honda,CR-V,suv,hybrid,automatic,2025,14708,2.9,284,2,0,5,74576.0
Ford,Mustang,coupe,gasoline,automatic,2008,139755,3.1,173,4,0,2,21191.13
Hyundai,Sonata,sedan,gasoline,automatic,2013,79561,3.3,267,4,1,3,26832.76
Mercedes,E-Class,sedan,gasoline,automatic,2023,18541,2.4,477,1,0,5,86248.57
Mercedes,C-Class,sedan,gasoline,automatic,2017,140653,1.8,293,3,0,5,62769.87
Toyota,Corolla,sedan,gasoline,automatic,2012,115070,2.0,200,3,0,3,30602.4
BMW,5 Series,sedan,hybrid,manual,2010,243619,4.6,398,5,0,2,39644.24
Honda,CR-V,suv,gasoline,automatic,2015,157145,3.2,319,4,0,3,36436.5
BMW,5 Series,sedan,gasoline,automatic,2021,54583,2.2,324,3,0,5,71996.42
Chevrolet,Silverado,truck,gasoline,automatic,2004,167089,3.2,150,5,0,1,11086.34
Tesla,Model 3,sedan,electric,automatic,2021,82644,0.0,507,3,1,5,78811.87
Honda,Civic,sedan,hybrid,automatic,2003,249185,4.6,291,5,0,2,8437.17
Honda,Civic,sedan,gasoline,automatic,2020,95864,4.1,143,3,0,4,41279.03
Ford,F-150,truck,gasoline,automatic,2014,155502,3.2,149,3,0,2,33459.25
Mercedes,GLC,suv,gasoline,automatic,2023,32481,1.8,296,2,0,5,84449.46
Toyota,RAV4,suv,gasoline,automatic,2011,190084,3.1,328,3,1,2,21521.04
Mercedes,C-Class,sedan,hybrid,automatic,2023,46009,3.6,409,1,0,5,91707.14
BMW,X5,suv,gasoline,manual,2007,194469,4.3,353,4,1,3,37535.8
Honda,Accord,sedan,gasoline,automatic,2009,134517,2.7,290,6,1,2,24216.01
Mercedes,E-Class,sedan,hybrid,automatic,2023,19840,4.9,384,1,1,5,91387.48
Mercedes,E-Class,sedan,hybrid,automatic,2012,182492,3.4,405,4,1,2,43528.52
Ford,Mustang,coupe,hybrid,automatic,2020,106129,2.7,221,4,0,4,44552.74
Toyota,Camry,sedan,gasoline,automatic,2019,102366,4.2,314,2,0,4,51902.6
Honda,Accord,sedan,gasoline,manual,2010,113048,4.0,201,4,0,2,25449.34
Chevrolet,Equinox,suv,hybrid,automatic,2015,208169,3.6,285,4,0,2,33151.81
Toyota,Camry,sedan,gasoline,automatic,2002,292471,1.7,200,6,0,1,2500.0
Tesla,Model 3,sedan,electric,automatic,2005,302605,0.0,469,5,1,1,23161.07
Honda,Accord,sedan,hybrid,automatic,2005,252306,1.6,152,5,0,1,2500.0
Honda,CR-V,suv,hybrid,automatic,2017,105230,4.0,311,2,0,4,54237.78
Toyota,Corolla,sedan,gasoline,automatic,2020,34907,2.7,220,2,0,4,54120.02
Mercedes,C-Class,sedan,hybrid,automatic,2016,91496,2.2,444,4,1,4,69499.52
Toyota,Corolla,sedan,gasoline,automatic,2000,237523,4.1,291,6,0,2,2500.0
Hyundai,Elantra,sedan,gasoline,automatic,2010,115058,1.9,217,4,0,3,27353.58
Mercedes,GLC,suv,hybrid,automatic,2015,170112,1.8,375,2,0,2,55615.39
Toyota,Camry,sedan,gasoline,automatic,2009,221632,1.9,310,5,0,1,10780.3
Honda,Civic,sedan,gasoline,automatic,2014,154000,4.7,197,4,1,3,28069.04
Toyota,RAV4,suv,gasoline,automatic,2001,323889,5.6,160,5,1,1,2500.0
Ford,Mustang,coupe,gasoline,automatic,2022,39455,4.8,278,2,0,5,61935.98
Tesla,Model S,sedan,electric,automatic,2022,52265,0.0,324,2,0,5,81955.87
Hyundai,Elantra,sedan,gasoline,automatic,2022,46448,2.1,158,2,0,5,46922.8
Toyota,Corolla,sedan,gasoline,automatic,2016,148689,4.4,183,5,1,4,27982.0
Honda,Civic,sedan,gasoline,automatic,2024,11311,3.7,220,2,0,5,70630.98
Mercedes,E-Class,sedan,gasoline,automatic,2020,55881,2.7,273,3,0,3,63274.66
Honda,CR-V,suv,gasoline,automatic,2003,231765,2.6,123,6,0,1,3158.41
Honda,Civic,sedan,gasoline,automatic,2012,146185,4.7,174,5,1,3,21248.52
BMW,3 Series,sedan,diesel,automatic,2005,140168,4.2,287,5,1,1,27030.31
Ford,Escape,suv,gasoline,automatic,2007,190328,4.3,140,4,0,2,23680.9
BMW,5 Series,sedan,gasoline,automatic,2002,314018,2.1,505,6,0,1,15365.6
Toyota,RAV4,suv,gasoline,automatic,2008,224455,2.5,191,5,1,3,9054.56
Chevrolet,Equinox,suv,gasoline,automatic,2007,228885,3.6,314,5,1,3,16107.35
Toyota,Corolla,sedan,gasoline,manual,2024,20443,4.8,289,1,0,5,68993.33
Toyota,Camry,sedan,gasoline,automatic,2005,323130,2.5,253,6,1,1,2500.0
Toyota,Camry,sedan,gasoline,automatic,2020,40179,2.5,182,2,0,5,54939.22
BMW,3 Series,sedan,gasoline,manual,2008,180986,3.1,286,4,0,2,32220.93
Toyota,Camry,sedan,gasoline,automatic,2014,179162,1.9,152,3,0,4,20542.75
Chevrolet,Silverado,truck,gasoline,automatic,2009,88162,1.4,327,3,0,3,45107.5
BMW,X5,suv,gasoline,automatic,2019,49027,3.3,498,3,0,5,83722.93
Toyota,Camry,sedan,gasoline,automatic,2007,238719,3.2,310,5,0,3,13604.71
Mercedes,GLC,suv,gasoline,automatic,2004,451453,3.9,451,5,0,1,10083.89
Honda,Civic,sedan,gasoline,automatic,2008,139166,3.0,232,4,1,2,16990.01
Chevrolet,Silverado,truck,gasoline,automatic,2014,111199,5.2,185,4,0,3,34907.26
Toyota,Camry,sedan,gasoline,automatic,2013,239592,3.9,147,3,1,1,6731.02
Hyundai,Sonata,sedan,hybrid,automatic,2011,181311,1.7,141,5,0,3,17194.55
Chevrolet,Equinox,suv,gasoline,automatic,2023,24996,3.6,132,1,0,5,61537.35
Hyundai,Tucson,suv,gasoline,automatic,2004,468859,3.7,183,4,0,1,2500.0
Ford,Escape,suv,gasoline,automatic,2025,17444,2.6,266,1,0,5,70311.75
BMW,X5,suv,hybrid,automatic,2023,24158,5.0,485,1,0,5,99744.98
Honda,CR-V,suv,gasoline,automatic,2024,29556,1.9,295,2,0,4,66184.45
Mercedes,GLC,suv,hybrid,automatic,2010,214749,3.7,317,4,0,3,51864.0
Mercedes,E-Class,sedan,gasoline,automatic,2011,224533,5.1,492,5,0,2,44914.41
Ford,F-150,truck,gasoline,automatic,2016,103694,3.4,131,2,1,4,37799.18
Toyota,Camry,sedan,gasoline,automatic,2020,110356,2.5,256,1,1,5,47614.46
Hyundai,Sonata,sedan,gasoline,automatic,2017,113025,5.0,284,1,0,4,40634.3
BMW,3 Series,sedan,gasoline,automatic,2020,60825,2.8,340,2,0,4,71936.87
BMW,5 Series,sedan,gasoline,automatic,2020,84863,4.0,337,2,0,4,67367.01
Mercedes,E-Class,sedan,gasoline,automatic,2019,61767,3.4,385,1,0,5,83652.26
Ford,Escape,suv,gasoline,automatic,2010,217749,4.8,265,2,1,2,23737.36
Tesla,Model Y,suv,electric,automatic,2019,118419,0.0,290,2,0,4,71646.84
BMW,5 Series,sedan,gasoline,automatic,2020,76461,1.5,358,3,1,5,67172.72
Tesla,Model 3,sedan,electric,automatic,2001,352401,0.0,518,7,0,1,23598.01
Honda,CR-V,suv,gasoline,manual,2019,61454,5.4,207,2,0,5,53816.45
Honda,Civic,sedan,gasoline,automatic,2003,150725,1.9,162,6,1,1,2500.0
Honda,CR-V,suv,gasoline,automatic,2024,12166,3.9,247,1,0,5,70719.57
BMW,5 Series,sedan,gasoline,automatic,2017,94103,5.7,344,3,0,4,63633.21
Hyundai,Sonata,sedan,hybrid,automatic,2024,20647,4.0,136,2,0,5,59766.81
Hyundai,Elantra,sedan,gasoline,automatic,2021,50724,3.8,169,2,0,5,55674.64
Honda,Civic,sedan,hybrid,automatic,2021,35702,3.7,316,2,0,5,63314.23
Chevrolet,Silverado,truck,diesel,automatic,2003,257528,2.1,228,5,0,1,3762.26
Ford,Mustang,coupe,hybrid,automatic,2012,215153,4.4,205,5,0,2,24030.58
Ford,Mustang,coupe,hybrid,automatic,2004,233279,4.2,313,5,1,2,6703.09
Tesla,Model 3,sedan,electric,automatic,2020,98775,0.0,477,3,1,4,68334.16
Mercedes,E-Class,sedan,hybrid,manual,2007,346398,3.7,361,6,0,2,27624.22
Toyota,Corolla,sedan,gasoline,automatic,2026,20697,3.8,138,1,0,5,63879.72
Hyundai,Sonata,sedan,gasoline,automatic,2002,285291,5.5,237,6,1,2,2500.0
Toyota,Camry,sedan,hybrid,automatic,2022,27071,5.5,293,1,0,5,70325.5
BMW,X5,suv,gasoline,automatic,2005,204315,3.9,337,7,0,2,31202.33
Honda,Accord,sedan,hybrid,automatic,2008,119290,1.9,159,4,1,3,24266.47
Chevrolet,Equinox,suv,gasoline,automatic,2011,155073,1.7,207,3,0,4,25452.39
Ford,Mustang,coupe,gasoline,manual,2005,191919,3.5,217,6,0,2,13408.8
Tesla,Model 3,sedan,electric,automatic,2011,195973,0.0,372,4,0,3,50389.15
Hyundai,Tucson,suv,hybrid,automatic,2003,345154,1.5,207,6,0,1,2500.0
Hyundai,Tucson,suv,gasoline,automatic,2013,169898,4.0,146,4,0,4,28325.11
BMW,3 Series,sedan,hybrid,automatic,2017,117854,1.6,437,3,0,3,63047.68
Chevrolet,Silverado,truck,diesel,automatic,2011,211953,3.8,252,3,1,4,29576.34
Honda,Accord,sedan,gasoline,automatic,2015,164140,4.5,153,4,1,3,22642.86
Honda,Civic,sedan,gasoline,automatic,2014,60285,3.8,275,5,1,5,41582.67
Ford,Escape,suv,gasoline,automatic,2004,267108,1.7,280,6,0,1,7223.6
BMW,5 Series,sedan,diesel,automatic,2023,33214,2.9,384,2,0,4,84407.16
BMW,5 Series,sedan,gasoline,automatic,2008,147980,2.2,376,5,1,1,31836.15
Toyota,Camry,sedan,gasoline,automatic,2015,170622,2.8,311,3,0,3,37252.82
BMW,5 Series,sedan,gasoline,automatic,2020,98097,1.5,343,3,0,5,68852.88
Chevrolet,Silverado,truck,hybrid,automatic,2011,153777,2.0,287,5,0,3,31595.1
Honda,Civic,sedan,gasoline,automatic,2010,252920,2.7,262,4,0,1,11537.06
Ford,Mustang,coupe,gasoline,automatic,2001,317002,1.5,259,6,0,1,2500.0
Honda,Civic,sedan,gasoline,automatic,2024,12320,4.1,215,1,0,5,60354.14
Honda,Accord,sedan,gasoline,automatic,2021,51024,2.8,192,3,0,5,46996.72
Chevrolet,Malibu,sedan,gasoline,manual,2009,104489,1.5,212,4,0,2,19739.96
BMW,X5,suv,hybrid,manual,2026,6097,5.7,341,1,0,5,94744.96
Toyota,Camry,sedan,gasoline,automatic,2026,6508,3.6,156,1,0,5,61278.31
Toyota,Corolla,sedan,gasoline,manual,2016,134376,4.0,185,3,1,3,26647.63
Toyota,Corolla,sedan,hybrid,automatic,2015,116459,4.3,182,4,0,3,31209.34
Honda,Accord,sedan,gasoline,automatic,2003,226830,1.6,189,7,0,1,2500.0
Toyota,Camry,sedan,gasoline,automatic,2016,89658,1.5,239,5,0,3,36773.32
Tesla,Model S,sedan,electric,automatic,2010,125892,0.0,307,3,0,2,55777.47
Hyundai,Elantra,sedan,gasoline,automatic,2018,91069,2.3,198,3,0,5,42188.6
Hyundai,Tucson,suv,gasoline,automatic,2021,85659,3.5,212,2,0,4,49122.24
Toyota,RAV4,suv,gasoline,automatic,2012,169445,5.4,240,4,1,3,25639.82
Toyota,Camry,sedan,diesel,automatic,2021,106157,3.7,141,1,0,5,46322.66
BMW,X5,suv,hybrid,manual,2016,135136,2.4,352,2,0,3,65760.46
Honda,Accord,sedan,hybrid,automatic,2021,68565,5.1,228,2,0,4,59649.11
Toyota,RAV4,suv,gasoline,automatic,2014,185422,5.1,262,4,0,3,34031.81
Toyota,RAV4,suv,gasoline,automatic,2011,196401,3.1,224,4,1,2,21797.72
Chevrolet,Malibu,sedan,gasoline,automatic,2008,171963,1.5,253,5,1,2,7835.27
Honda,Civic,sedan,gasoline,automatic,2015,106851,1.4,300,3,0,2,34826.85
Honda,Civic,sedan,gasoline,automatic,2011,167770,5.5,286,4,1,2,21387.15
Hyundai,Sonata,sedan,gasoline,automatic,2005,257590,4.6,257,4,1,1,2500.0
Toyota,Corolla,sedan,gasoline,manual,2026,15524,3.0,291,1,0,5,69872.83
Toyota,RAV4,suv,gasoline,automatic,2016,157868,1.4,256,3,0,3,34006.59
Honda,Accord,sedan,diesel,automatic,2009,123917,2.3,145,3,1,3,20656.44
Honda,Civic,sedan,gasoline,automatic,2015,128892,5.4,240,4,1,4,29390.0
Honda,Accord,sedan,gasoline,automatic,2000,238747,4.0,184,7,0,1,2500.0
BMW,5 Series,sedan,gasoline,automatic,2021,31968,4.1,282,4,0,5,72713.7
BMW,3 Series,sedan,hybrid,automatic,2017,123302,2.1,395,2,0,3,63664.82
Hyundai,Elantra,sedan,gasoline,automatic,2008,156648,3.4,257,5,0,3,23214.05
Toyota,RAV4,suv,gasoline,automatic,2012,121866,1.9,222,3,0,3,32903.46
Mercedes,GLC,suv,gasoline,automatic,2019,52546,3.8,314,2,1,4,68753.83
Hyundai,Sonata,sedan,gasoline,automatic,2019,15596,2.6,251,2,1,5,52027.86
Hyundai,Sonata,sedan,gasoline,automatic,2023,38086,2.6,199,1,0,5,51417.69
Chevrolet,Malibu,sedan,gasoline,automatic,2025,19719,3.5,169,1,0,5,61780.31
BMW,3 Series,sedan,gasoline,automatic,2006,43939,4.7,465,4,1,2,49365.56
Ford,Mustang,coupe,gasoline,automatic,2007,189251,4.6,136,5,1,2,17805.83
Tesla,Model S,sedan,electric,automatic,2020,104945,0.0,382,1,0,5,83895.4
Hyundai,Sonata,sedan,gasoline,automatic,2007,112177,5.0,319,5,0,2,28935.5
Chevrolet,Malibu,sedan,gasoline,automatic,2023,11353,5.4,152,1,0,5,63560.05
Honda,CR-V,suv,diesel,automatic,2020,30188,4.3,177,2,0,4,55281.22
Hyundai,Sonata,sedan,gasoline,automatic,2024,23615,4.5,177,1,0,5,62066.18
Ford,F-150,truck,gasoline,automatic,2002,218906,5.2,150,7,0,2,4228.49
Honda,Civic,sedan,gasoline,automatic,2005,258914,3.6,215,6,0,2,2500.0
Chevrolet,Equinox,suv,hybrid,automatic,2009,225639,3.9,136,5,0,2,13420.26
Toyota,RAV4,suv,diesel,automatic,2024,26609,5.0,297,1,0,4,70154.0
Tesla,Model 3,sedan,electric,automatic,2022,32618,0.0,290,2,0,5,93281.72
Ford,F-150,truck,gasoline,automatic,2017,124663,3.8,144,3,0,4,41971.57
Mercedes,GLC,suv,gasoline,automatic,2009,168198,3.3,454,5,0,2,48555.26
Tesla,Model 3,sedan,electric,automatic,2018,89711,0.0,326,3,0,3,69519.16
Mercedes,C-Class,sedan,hybrid,automatic,2001,298564,5.2,451,6,1,1,19310.3
Honda,CR-V,suv,hybrid,manual,2012,119421,5.5,298,5,0,3,50266.0
Ford,Mustang,coupe,gasoline,automatic,2000,207209,5.1,250,7,0,1,7030.02
BMW,X5,suv,gasoline,automatic,2005,267619,3.4,429,5,1,1,27126.75
Hyundai,Elantra,sedan,gasoline,automatic,2004,191357,2.3,198,6,1,2,2500.0
Hyundai,Elantra,sedan,gasoline,automatic,2012,162576,5.5,302,4,0,3,27786.89
BMW,X5,suv,gasoline,manual,2000,434399,5.1,262,7,1,1,2500.0
Tesla,Model S,sedan,electric,automatic,2018,52371,0.0,344,3,0,5,76700.79
Ford,Mustang,coupe,gasoline,automatic,2008,195044,4.0,158,4,1,3,13471.1
Mercedes,C-Class,sedan,gasoline,automatic,2001,352175,2.0,479,5,1,1,13525.84
Honda,CR-V,suv,gasoline,automatic,2017,116989,2.6,152,2,0,4,45041.79
BMW,5 Series,sedan,gasoline,automatic,2011,164045,5.0,343,6,0,3,45265.67
Ford,F-150,truck,diesel,automatic,2011,139702,4.3,161,3,0,3,30702.92
Toyota,Camry,sedan,gasoline,manual,2001,344867,2.8,144,5,1,1,2500.0
Tesla,Model Y,suv,electric,automatic,2003,240125,0.0,262,6,1,1,31594.66
Ford,Mustang,coupe,gasoline,automatic,2009,199118,2.9,285,6,0,3,18274.82
Honda,CR-V,suv,gasoline,automatic,2017,63839,4.0,125,2,1,3,40646.62
Mercedes,GLC,suv,diesel,automatic,2006,236101,2.0,433,5,1,2,30132.6
Chevrolet,Equinox,suv,gasoline,automatic,2020,89468,5.5,166,2,0,5,60859.54
Ford,F-150,truck,gasoline,automatic,2013,102866,4.5,215,2,0,3,43397.67
Hyundai,Elantra,sedan,diesel,automatic,2025,14950,3.1,216,1,0,5,59619.66
Hyundai,Tucson,suv,gasoline,automatic,2014,122469,1.9,255,4,0,4,42951.79
Toyota,Camry,sedan,gasoline,automatic,2016,106238,3.4,134,2,1,4,32425.91
Hyundai,Sonata,sedan,hybrid,automatic,2009,111443,2.3,234,4,0,4,26796.91
Hyundai,Tucson,suv,gasoline,automatic,2023,40741,3.1,242,2,1,5,52361.95
Chevrolet,Equinox,suv,gasoline,automatic,2024,22117,2.3,300,1,0,5,65718.53
Hyundai,Sonata,sedan,hybrid,automatic,2023,33212,4.4,278,1,0,5,63073.19
BMW,X5,suv,gasoline,automatic,2016,85257,5.3,460,3,0,5,74073.3
Honda,Accord,sedan,gasoline,automatic,2000,285655,1.4,181,7,1,1,2500.0
Ford,F-150,truck,gasoline,automatic,2012,103897,3.0,175,4,0,3,40851.49
BMW,5 Series,sedan,gasoline,automatic,2013,62339,2.0,513,4,0,3,66585.06
Chevrolet,Malibu,sedan,gasoline,automatic,2017,111275,3.6,142,3,0,3,33695.26
Chevrolet,Malibu,sedan,gasoline,automatic,2025,12815,4.8,308,2,0,5,65826.22
BMW,3 Series,sedan,gasoline,automatic,2023,30322,4.2,269,2,1,5,70792.24
Toyota,Camry,sedan,gasoline,manual,2019,53457,5.0,317,1,0,5,60887.69
Honda,Civic,sedan,gasoline,automatic,2023,35440,5.2,125,2,0,5,57540.63
Chevrolet,Silverado,truck,gasoline,automatic,2009,222512,4.2,327,4,0,3,29127.94
Ford,Escape,suv,gasoline,automatic,2021,78969,1.5,241,2,0,4,51205.91
Tesla,Model 3,sedan,electric,automatic,2018,78051,0.0,363,1,0,4,75975.33
Toyota,RAV4,suv,gasoline,automatic,2003,329000,5.4,174,6,0,1,2500.0
Ford,Escape,suv,gasoline,manual,2012,106169,3.0,299,3,1,3,39805.19
Honda,Civic,sedan,gasoline,automatic,2007,236003,1.9,327,4,0,3,14864.21
Honda,CR-V,suv,gasoline,automatic,2018,101694,4.1,229,3,0,3,46448.68
Honda,CR-V,suv,gasoline,automatic,2016,140463,3.0,136,3,0,3,35327.73
Tesla,Model Y,suv,electric,automatic,2007,260328,0.0,313,3,1,2,39217.02
Tesla,Model S,sedan,electric,automatic,2020,62819,0.0,414,4,0,5,78589.71
Honda,CR-V,suv,gasoline,automatic,2023,26164,1.6,329,1,0,5,71721.03
BMW,3 Series,sedan,gasoline,manual,2023,17740,3.1,443,1,0,5,88310.16
Honda,Civic,sedan,gasoline,automatic,2025,11768,5.7,174,1,1,5,63978.93
Chevrolet,Malibu,sedan,gasoline,manual,2026,7323,2.6,281,2,0,5,67635.1
Toyota,RAV4,suv,gasoline,manual,2025,8821,1.6,141,1,0,5,60632.71
Honda,Accord,sedan,gasoline,automatic,2014,160964,5.1,246,4,0,3,29506.99
Tesla,Model 3,sedan,electric,manual,2025,17143,0.0,348,1,0,5,89723.98
Toyota,RAV4,suv,gasoline,manual,2007,147488,3.0,169,5,0,2,24236.83
Mercedes,GLC,suv,gasoline,manual,2008,123675,4.5,334,5,1,2,47410.17
Hyundai,Elantra,sedan,gasoline,automatic,2013,85244,1.8,170,4,1,4,27319.33
Chevrolet,Malibu,sedan,hybrid,automatic,2002,254978,4.6,258,6,0,1,2500.0
Tesla,Model S,sedan,electric,automatic,2016,161811,0.0,320,3,0,3,60845.75
Chevrolet,Silverado,truck,diesel,automatic,2012,40596,3.1,307,5,1,2,41474.82
Hyundai,Tucson,suv,gasoline,automatic,2026,16742,4.8,270,2,0,5,63916.63
Toyota,Camry,sedan,gasoline,automatic,2000,530226,2.8,153,6,1,1,2500.0
Hyundai,Sonata,sedan,gasoline,automatic,2001,360750,1.8,156,6,0,1,2500.0
Toyota,Corolla,sedan,gasoline,automatic,2023,26332,4.2,317,1,1,5,59180.02
Ford,Escape,suv,hybrid,automatic,2020,69504,4.4,274,1,0,5,61814.61
Toyota,RAV4,suv,gasoline,automatic,2016,149502,3.5,305,3,1,3,37712.01
Tesla,Model 3,sedan,electric,automatic,2009,106868,0.0,365,5,1,3,54288.86
Chevrolet,Silverado,truck,gasoline,automatic,2010,183511,5.5,266,6,1,3,23840.65
Honda,Accord,sedan,gasoline,automatic,2014,129093,4.4,306,3,1,4,38259.86
BMW,5 Series,sedan,gasoline,automatic,2021,72148,3.6,349,2,0,4,65269.67
Honda,Civic,sedan,gasoline,manual,2019,82100,2.5,299,1,0,4,49184.1
Hyundai,Elantra,sedan,gasoline,automatic,2013,160143,3.7,215,4,0,3,19520.99
Toyota,RAV4,suv,gasoline,automatic,2023,49278,1.5,167,1,0,5,56011.93
Toyota,RAV4,suv,gasoline,automatic,2013,113166,5.1,135,3,1,4,35475.73
Ford,Escape,suv,hybrid,automatic,2014,192789,1.4,242,3,0,4,32349.08
Ford,Mustang,coupe,gasoline,automatic,2008,161005,1.8,313,4,0,2,21657.31
Honda,CR-V,suv,gasoline,automatic,2013,162346,3.7,192,4,0,3,33443.29
Honda,CR-V,suv,gasoline,automatic,2018,53204,5.5,250,2,0,4,54613.45
Honda,Accord,sedan,gasoline,automatic,2016,100783,2.1,141,3,0,5,37801.92
Tesla,Model Y,suv,electric,automatic,2001,305872,0.0,319,7,0,1,26106.1
Mercedes,E-Class,sedan,gasoline,automatic,2008,256226,3.2,284,5,1,1,26490.06
Toyota,Camry,sedan,gasoline,automatic,2009,326972,3.0,147,6,0,1,2500.0
Honda,Civic,sedan,gasoline,manual,2018,60608,2.7,266,2,0,4,48835.27
Mercedes,GLC,suv,hybrid,automatic,2007,227314,4.8,300,5,1,2,34865.03
Hyundai,Tucson,suv,gasoline,automatic,2017,92021,2.5,327,3,0,4,46253.41
BMW,X5,suv,hybrid,automatic,2002,217478,4.1,362,7,1,1,22297.13
Honda,Civic,sedan,gasoline,automatic,2016,85992,5.3,284,4,1,3,39661.37
Chevrolet,Silverado,truck,gasoline,automatic,2010,193708,2.6,162,4,0,2,14854.15
BMW,X5,suv,gasoline,manual,2015,42789,1.6,423,3,0,4,69418.47
Mercedes,GLC,suv,gasoline,automatic,2011,90639,4.1,313,4,0,2,55044.81
BMW,3 Series,sedan,gasoline,automatic,2012,125267,3.4,373,3,1,3,53066.16
Hyundai,Sonata,sedan,gasoline,automatic,2002,296250,4.9,288,6,1,1,2500.0
Tesla,Model S,sedan,electric,automatic,2016,92909,0.0,449,3,0,4,73118.23
Mercedes,GLC,suv,gasoline,automatic,2015,162061,2.4,405,5,0,3,56707.94
Mercedes,E-Class,sedan,gasoline,automatic,2025,21802,3.8,467,1,1,4,84474.99
Ford,Escape,suv,gasoline,manual,2017,66332,1.9,133,2,0,4,39555.05
BMW,3 Series,sedan,gasoline,automatic,2006,290237,5.1,341,5,1,3,24272.66
Honda,CR-V,suv,gasoline,automatic,2011,154485,3.7,253,3,1,2,26996.36
Toyota,RAV4,suv,hybrid,manual,2020,31036,4.2,323,2,1,5,69737.33
BMW,X5,suv,gasoline,automatic,2022,52864,1.5,417,3,0,5,85842.49
Hyundai,Tucson,suv,gasoline,automatic,2005,342622,4.3,177,4,0,1,2500.0
Hyundai,Tucson,suv,diesel,automatic,2018,42725,1.7,290,3,1,4,52989.43
Chevrolet,Equinox,suv,gasoline,automatic,2005,213916,3.4,319,7,0,1,11812.69
Toyota,RAV4,suv,gasoline,automatic,2026,19293,3.7,126,1,0,5,67251.47
Chevrolet,Silverado,truck,hybrid,manual,2021,85994,4.9,176,2,0,4,58775.69
Toyota,RAV4,suv,gasoline,automatic,2023,39690,3.5,329,3,0,5,62252.93
Honda,Accord,sedan,gasoline,automatic,2016,73854,4.9,289,3,0,3,40628.38
Hyundai,Tucson,suv,gasoline,automatic,2011,120200,2.2,147,4,1,3,20366.74
Mercedes,C-Class,sedan,gasoline,automatic,2015,76379,5.2,288,4,0,5,60386.89
Ford,F-150,truck,hybrid,automatic,2005,51817,2.3,126,5,1,3,25030.19
Ford,Escape,suv,hybrid,automatic,2019,69737,3.8,206,2,0,5,56799.08
Toyota,Camry,sedan,gasoline,automatic,2007,325964,3.0,135,5,1,1,2500.0
BMW,5 Series,sedan,gasoline,automatic,2021,33361,1.9,391,1,0,5,78389.87
BMW,X5,suv,gasoline,automatic,2001,368600,2.7,295,6,1,1,2500.0
Hyundai,Sonata,sedan,gasoline,automatic,2020,65110,2.6,234,3,1,4,40283.16
Hyundai,Tucson,suv,gasoline,automatic,2012,125768,1.6,146,4,0,3,27683.07
Toyota,RAV4,suv,gasoline,automatic,2009,225161,3.9,306,3,0,2,24876.2
Ford,Mustang,coupe,gasoline,automatic,2011,206348,5.0,263,4,1,3,24071.6
Ford,Mustang,coupe,gasoline,manual,2020,37135,3.6,151,2,0,4,51508.18
Hyundai,Elantra,sedan,gasoline,automatic,2021,42670,4.4,208,1,1,5,48769.77
Toyota,Camry,sedan,gasoline,automatic,2006,275963,5.6,140,6,1,2,4679.19
Honda,CR-V,suv,hybrid,automatic,2007,233788,1.4,209,5,1,2,8281.83
Ford,F-150,truck,hybrid,automatic,2009,157544,2.5,198,5,1,2,22685.62
BMW,3 Series,sedan,gasoline,automatic,2016,80869,2.3,426,4,1,3,56028.36
BMW,X5,suv,gasoline,automatic,2014,144389,3.4,373,4,1,3,52083.08
Ford,F-150,truck,gasoline,automatic,2023,49485,2.6,172,1,0,5,60731.66
Chevrolet,Malibu,sedan,gasoline,automatic,2012,218841,2.1,239,4,1,2,10268.73
Mercedes,GLC,suv,gasoline,automatic,2018,112347,2.4,295,2,0,4,69939.3
Toyota,RAV4,suv,gasoline,manual,2023,27588,1.6,216,1,0,4,59993.97
Ford,Escape,suv,gasoline,manual,2026,19650,3.0,328,2,0,5,70670.77
Mercedes,GLC,suv,gasoline,automatic,2017,75189,1.5,386,2,0,4,70173.71
Ford,Escape,suv,gasoline,automatic,2000,378760,2.5,326,6,1,1,2500.0
Mercedes,E-Class,sedan,gasoline,automatic,2018,151957,1.9,353,2,0,5,56746.69
Hyundai,Elantra,sedan,gasoline,automatic,2001,288668,2.9,160,6,1,1,2500.0
Chevrolet,Equinox,suv,gasoline,automatic,2005,277104,5.6,184,6,0,2,6886.32
Chevrolet,Malibu,sedan,gasoline,automatic,2000,203297,1.7,205,7,0,1,2500.0
BMW,X5,suv,gasoline,automatic,2008,135698,3.3,364,3,1,1,38985.04
Hyundai,Elantra,sedan,gasoline,automatic,2013,78671,1.5,288,4,1,4,32784.16
Toyota,Corolla,sedan,hybrid,automatic,2022,49615,3.3,170,3,0,5,60577.04
Chevrolet,Silverado,truck,gasoline,automatic,2005,268713,5.2,322,4,0,2,14643.48
Hyundai,Sonata,sedan,gasoline,automatic,2022,45320,5.0,284,3,0,5,62249.12
Toyota,Corolla,sedan,gasoline,automatic,2026,15463,3.3,248,2,0,5,66717.35
Toyota,Corolla,sedan,gasoline,automatic,2023,40005,2.0,191,1,0,5,56536.71
BMW,X5,suv,hybrid,automatic,2003,126441,5.2,269,6,1,3,41742.21
Hyundai,Elantra,sedan,gasoline,automatic,2012,169412,2.7,317,5,0,4,26714.81
Mercedes,E-Class,sedan,gasoline,manual,2001,190533,3.3,495,5,1,2,35733.66
Chevrolet,Malibu,sedan,gasoline,automatic,2018,83712,4.2,177,3,0,4,42542.77
Hyundai,Elantra,sedan,gasoline,automatic,2006,100385,4.5,244,3,1,3,19430.73
Hyundai,Elantra,sedan,hybrid,automatic,2010,128151,4.9,223,3,1,2,27905.72
Toyota,Camry,sedan,hybrid,automatic,2004,276735,2.8,174,4,0,2,3824.01
Mercedes,E-Class,sedan,hybrid,automatic,2001,356115,2.7,465,6,1,2,9613.88
Hyundai,Elantra,sedan,hybrid,automatic,2008,206286,2.8,127,5,0,2,11140.11
Hyundai,Elantra,sedan,gasoline,automatic,2003,255021,4.0,312,4,0,2,5179.73
Mercedes,GLC,suv,hybrid,automatic,2007,175065,2.0,428,5,0,1,48013.75
Hyundai,Tucson,suv,gasoline,manual,2007,184571,1.5,311,4,1,2,10854.61
Ford,Escape,suv,hybrid,automatic,2021,53354,2.2,167,2,0,5,57470.96
Toyota,Corolla,sedan,gasoline,automatic,2026,12264,2.0,314,1,0,5,72416.01
Mercedes,GLC,suv,gasoline,automatic,2007,119495,2.4,278,5,0,2,42555.17
BMW,X5,suv,diesel,automatic,2005,116798,2.2,348,4,1,3,38986.06
Honda,Civic,sedan,hybrid,automatic,2016,110641,2.4,127,4,0,4,38401.43
Chevrolet,Silverado,truck,gasoline,automatic,2022,40913,4.2,168,3,0,5,58390.22
Ford,Mustang,coupe,gasoline,automatic,2013,143836,1.5,171,4,0,3,29416.44
Mercedes,E-Class,sedan,diesel,automatic,2006,237552,4.2,506,6,0,1,38693.25
BMW,3 Series,sedan,gasoline,automatic,2020,60204,3.1,279,3,0,5,74770.22
Chevrolet,Silverado,truck,gasoline,automatic,2010,105848,3.7,149,4,0,2,28060.58
Ford,Mustang,coupe,diesel,manual,2012,158033,1.4,123,4,1,4,22734.89
BMW,X5,suv,gasoline,automatic,2010,165998,3.2,266,5,0,3,43047.47
Toyota,RAV4,suv,gasoline,automatic,2006,307032,3.4,127,6,0,2,2500.0
Toyota,RAV4,suv,gasoline,automatic,2009,228708,3.4,123,5,1,2,6469.84
Honda,CR-V,suv,hybrid,automatic,2000,243416,5.6,121,5,1,1,2500.0
Honda,Civic,sedan,gasoline,automatic,2006,187394,2.9,151,6,1,2,2500.0
Ford,Escape,suv,gasoline,automatic,2013,176348,3.7,231,3,1,3,23632.15
Hyundai,Sonata,sedan,hybrid,automatic,2016,98289,5.0,120,2,0,3,32089.44
Tesla,Model S,sedan,electric,automatic,2004,197557,0.0,300,5,1,2,34487.78
Toyota,Corolla,sedan,gasoline,automatic,2005,174107,4.5,132,7,1,2,2500.0
Honda,Civic,sedan,gasoline,automatic,2019,80043,5.6,317,3,0,4,53350.81
Toyota,Camry,sedan,hybrid,automatic,2009,187176,5.2,207,4,1,3,23518.11
Chevrolet,Silverado,truck,gasoline,automatic,2020,64087,4.0,299,2,0,5,65596.76
Honda,CR-V,suv,gasoline,automatic,2007,254639,1.8,124,6,0,1,5335.93
Honda,CR-V,suv,gasoline,automatic,2005,52253,2.7,278,4,0,2,29177.99
Toyota,RAV4,suv,gasoline,automatic,2018,93059,2.9,181,3,1,4,40984.92
Mercedes,C-Class,sedan,hybrid,automatic,2013,123357,3.9,477,3,0,3,64786.49
Hyundai,Tucson,suv,gasoline,automatic,2020,56462,4.8,284,2,0,4,56632.12
Chevrolet,Malibu,sedan,gasoline,automatic,2005,299163,4.6,199,4,0,2,4775.97
Chevrolet,Equinox,suv,gasoline,automatic,2009,174951,5.2,261,4,1,2,23682.37
BMW,X5,suv,gasoline,automatic,2018,63895,1.9,332,2,0,5,77214.97
Tesla,Model S,sedan,electric,automatic,2016,100589,0.0,345,2,1,4,63228.84
BMW,5 Series,sedan,gasoline,manual,2023,11880,3.7,504,1,0,4,84040.14
Toyota,Camry,sedan,gasoline,automatic,2002,338321,2.9,152,5,0,1,2500.0
Mercedes,E-Class,sedan,gasoline,automatic,2020,95170,4.2,427,2,0,4,77860.43
Mercedes,GLC,suv,gasoline,automatic,2021,48429,1.6,511,2,0,5,89255.44
Toyota,Camry,sedan,gasoline,automatic,2020,88573,2.8,140,2,0,3,37348.75
Chevrolet,Silverado,truck,gasoline,automatic,2008,280382,2.8,217,5,0,2,13285.36
Hyundai,Elantra,sedan,gasoline,automatic,2021,101987,1.5,144,2,0,4,38239.73
Honda,Civic,sedan,gasoline,automatic,2004,229698,5.5,322,6,0,1,2500.0
Hyundai,Elantra,sedan,gasoline,automatic,2017,134190,1.6,156,3,0,4,37123.17
Hyundai,Sonata,sedan,gasoline,automatic,2006,228684,1.4,236,4,0,1,2500.0
Honda,CR-V,suv,gasoline,automatic,2000,232136,3.3,300,7,0,1,4343.81
Mercedes,C-Class,sedan,hybrid,automatic,2015,143139,2.0,363,2,0,3,58807.64
Mercedes,E-Class,sedan,hybrid,automatic,2019,107304,5.1,353,2,1,5,72244.02
Ford,Escape,suv,gasoline,automatic,2012,169294,2.5,142,4,0,3,26286.78
Mercedes,C-Class,sedan,hybrid,automatic,2017,120023,3.9,430,4,0,4,68150.67
Honda,Accord,sedan,gasoline,automatic,2010,203799,3.4,184,4,1,4,17841.78
BMW,X5,suv,gasoline,automatic,2012,133988,5.1,282,4,0,2,51533.06
Honda,CR-V,suv,gasoline,automatic,2010,215675,2.8,242,6,1,3,16045.33
Tesla,Model Y,suv,electric,automatic,2015,153238,0.0,519,2,0,3,69838.18
Hyundai,Sonata,sedan,gasoline,manual,2012,226372,2.8,310,3,1,3,21092.07
Ford,Mustang,coupe,gasoline,automatic,2015,125055,4.3,246,4,0,3,35417.83
BMW,5 Series,sedan,gasoline,automatic,2021,65514,2.6,411,3,0,5,75502.26
Ford,F-150,truck,gasoline,automatic,2019,60059,1.4,307,2,0,5,63296.72
Mercedes,GLC,suv,gasoline,automatic,2000,421466,2.8,261,6,0,1,2500.0
Toyota,RAV4,suv,gasoline,automatic,2008,238869,1.5,277,5,0,2,20298.22
Toyota,RAV4,suv,diesel,automatic,2003,259733,3.5,205,6,0,1,2500.0
Mercedes,GLC,suv,gasoline,automatic,2007,339205,1.7,303,6,1,1,11673.32
Toyota,Camry,sedan,gasoline,automatic,2004,310907,4.8,232,5,0,1,2500.0
Honda,Accord,sedan,gasoline,automatic,2024,20007,4.2,132,2,0,5,58811.56
Mercedes,E-Class,sedan,gasoline,automatic,2000,423136,3.4,426,7,1,1,2500.0
Ford,Escape,suv,gasoline,automatic,2000,400768,4.3,304,7,1,1,2500.0
Chevrolet,Malibu,sedan,gasoline,automatic,2022,28549,5.5,326,1,0,5,63388.9
Honda,Civic,sedan,hybrid,automatic,2023,32528,2.5,207,1,0,5,62817.22
Honda,Civic,sedan,gasoline,automatic,2025,17329,3.7,213,2,0,5,62948.04
Honda,CR-V,suv,gasoline,automatic,2005,148110,4.4,193,4,0,2,22934.42
Ford,Escape,suv,gasoline,automatic,2010,214412,3.7,320,4,1,2,17902.56
Toyota,Camry,sedan,gasoline,automatic,2000,535159,1.7,318,6,0,1,2500.0
Chevrolet,Silverado,truck,gasoline,automatic,2006,242316,4.8,256,5,0,1,10488.29
Chevrolet,Equinox,suv,gasoline,automatic,2009,188624,3.2,283,5,0,1,19942.73
Ford,Mustang,coupe,gasoline,automatic,2010,289820,3.7,128,5,0,2,2500.0
BMW,5 Series,sedan,hybrid,automatic,2009,164258,2.9,515,5,0,2,51516.49
Tesla,Model S,sedan,electric,automatic,2016,135458,0.0,463,3,0,3,70680.73
Hyundai,Elantra,sedan,gasoline,automatic,2006,293105,1.6,198,5,0,1,2500.0
Tesla,Model 3,sedan,electric,automatic,2007,176083,0.0,336,5,0,3,51029.31
Honda,CR-V,suv,diesel,automatic,2007,300192,5.6,297,5,0,1,9564.2
Hyundai,Elantra,sedan,hybrid,automatic,2010,222326,5.4,131,3,0,2,14743.28
Hyundai,Elantra,sedan,gasoline,automatic,2000,208850,3.9,248,6,0,1,2500.0
Chevrolet,Equinox,suv,gasoline,manual,2021,76210,4.7,220,2,0,4,57383.95
Honda,Civic,sedan,gasoline,automatic,2005,45286,4.3,201,6,0,3,28318.09
Ford,F-150,truck,hybrid,automatic,2000,321376,2.1,133,6,1,1,2500.0
BMW,5 Series,sedan,gasoline,automatic,2012,149607,4.6,298,5,0,2,47144.31
Honda,Civic,sedan,gasoline,manual,2006,187214,2.3,227,6,1,1,3486.07
Mercedes,C-Class,sedan,hybrid,automatic,2019,63120,4.0,323,2,0,5,80140.09
Chevrolet,Malibu,sedan,gasoline,manual,2015,112245,2.6,218,4,1,5,34617.16
Honda,Accord,sedan,hybrid,automatic,2009,249523,3.8,145,5,0,4,21983.16
BMW,3 Series,sedan,gasoline,automatic,2016,119354,5.6,444,2,0,4,65020.62
Tesla,Model 3,sedan,electric,automatic,2005,90453,0.0,483,6,1,3,52925.46
Chevrolet,Equinox,suv,gasoline,automatic,2002,267520,1.6,199,6,0,1,2500.0
Ford,F-150,truck,gasoline,automatic,2005,319402,5.5,146,5,0,2,5167.55
Honda,CR-V,suv,gasoline,automatic,2009,176098,2.4,129,5,0,3,15447.48
Honda,CR-V,suv,gasoline,manual,2005,334020,4.6,200,5,0,2,2500.0
Chevrolet,Silverado,truck,gasoline,automatic,2013,202304,4.7,176,4,0,2,19502.48
Tesla,Model Y,suv,electric,automatic,2012,116657,0.0,508,4,0,3,73116.08
BMW,3 Series,sedan,gasoline,automatic,2023,33217,1.5,316,2,0,5,80136.51
Ford,Mustang,coupe,hybrid,automatic,2003,353209,3.8,285,5,1,1,2500.0
Toyota,RAV4,suv,hybrid,automatic,2012,151343,4.3,280,5,0,3,37520.87
BMW,X5,suv,gasoline,automatic,2026,17815,2.3,326,2,0,5,89724.36
Hyundai,Elantra,sedan,gasoline,automatic,2013,187640,1.7,318,3,0,4,34446.33
Ford,Escape,suv,hybrid,automatic,2014,142277,2.1,284,3,1,3,40780.3
Tesla,Model 3,sedan,electric,manual,2017,104338,0.0,495,3,0,4,78908.46
Chevrolet,Equinox,suv,gasoline,automatic,2026,8271,3.4,192,1,0,5,73812.53
Mercedes,GLC,suv,gasoline,automatic,2024,20773,2.9,394,1,1,5,84367.68
Mercedes,E-Class,sedan,hybrid,automatic,2017,110309,2.3,476,3,0,3,68938.29
Mercedes,C-Class,sedan,gasoline,automatic,2021,61709,3.4,428,2,0,5,76528.21
Honda,CR-V,suv,hybrid,automatic,2010,190534,5.6,282,5,1,2,28420.62
Tesla,Model Y,suv,electric,automatic,2008,207559,0.0,298,5,0,3,48614.68
Chevrolet,Silverado,truck,gasoline,automatic,2000,245407,3.3,227,6,1,1,2500.0
Tesla,Model 3,sedan,electric,automatic,2011,155488,0.0,301,4,1,4,48415.08
Ford,Mustang,coupe,gasoline,automatic,2013,148601,4.3,303,4,0,2,31393.51
Toyota,RAV4,suv,hybrid,automatic,2010,187247,3.7,182,4,1,2,17062.69
Chevrolet,Malibu,sedan,gasoline,manual,2008,140988,4.8,139,5,0,2,19074.81
Honda,Civic,sedan,hybrid,automatic,2025,14630,4.9,268,1,1,5,65801.57
Chevrolet,Equinox,suv,gasoline,automatic,2013,121818,4.9,323,3,0,3,40716.24
Toyota,RAV4,suv,gasoline,automatic,2010,284937,2.2,146,5,0,3,14416.61
Honda,Accord,sedan,gasoline,automatic,2002,490303,4.8,249,6,0,1,2500.0
Toyota,Camry,sedan,hybrid,automatic,2012,109899,4.7,187,3,0,3,36768.23
Ford,Escape,suv,gasoline,automatic,2017,135504,3.0,311,3,0,3,42201.96
Honda,Civic,sedan,gasoline,automatic,2009,281458,2.9,178,6,0,1,2500.0
Tesla,Model Y,suv,electric,automatic,2001,259967,0.0,382,5,0,1,24245.66
Mercedes,E-Class,sedan,gasoline,automatic,2000,287199,3.9,262,6,1,1,2691.6
Tesla,Model Y,suv,electric,automatic,2023,52232,0.0,285,3,0,5,87636.34
Honda,Accord,sedan,hybrid,automatic,2017,22179,2.0,245,2,0,5,53926.72
BMW,5 Series,sedan,gasoline,automatic,2026,13157,2.8,273,1,0,5,78940.18
Honda,Accord,sedan,hybrid,automatic,2006,333405,5.7,126,5,0,1,2500.0
Tesla,Model Y,suv,electric,automatic,2015,84276,0.0,294,3,0,4,71859.48
Mercedes,C-Class,sedan,gasoline,automatic,2008,164670,2.7,385,7,0,3,44236.44
BMW,3 Series,sedan,gasoline,automatic,2003,223182,1.5,324,5,1,1,18116.42
Tesla,Model 3,sedan,electric,automatic,2014,104594,0.0,470,4,1,3,67700.76
Honda,CR-V,suv,gasoline,automatic,2024,15876,5.1,190,1,0,5,71522.39
Toyota,Camry,sedan,gasoline,automatic,2013,146311,4.7,176,3,0,3,35318.96
BMW,3 Series,sedan,gasoline,automatic,2015,143857,2.3,507,3,1,3,59702.47
Toyota,Camry,sedan,gasoline,automatic,2024,14218,1.8,299,2,0,5,60784.25
Honda,Civic,sedan,hybrid,manual,2015,86000,1.5,157,4,0,4,41492.09
Toyota,Camry,sedan,gasoline,automatic,2026,15190,3.7,284,3,0,4,63204.48
Toyota,RAV4,suv,gasoline,manual,2011,145103,1.8,252,4,1,3,29318.74
BMW,5 Series,sedan,gasoline,automatic,2010,144674,1.5,518,4,0,3,51649.19
Hyundai,Sonata,sedan,gasoline,automatic,2012,198099,4.3,303,4,0,3,24832.71
Tesla,Model Y,suv,electric,automatic,2014,116390,0.0,287,4,1,4,61443.05
Chevrolet,Malibu,sedan,gasoline,automatic,2016,91010,2.1,243,3,0,4,44482.34
Tesla,Model 3,sedan,electric,automatic,2011,254679,0.0,365,3,0,2,45644.43
Chevrolet,Equinox,suv,gasoline,automatic,2020,44137,2.9,220,2,0,4,61170.89
Ford,Mustang,coupe,gasoline,automatic,2000,388225,2.0,195,7,1,1,2500.0
Ford,F-150,truck,hybrid,automatic,2010,185148,2.2,194,5,0,4,26949.48
Honda,Civic,sedan,gasoline,automatic,2000,436973,3.8,148,7,1,1,2500.0
Mercedes,E-Class,sedan,gasoline,automatic,2011,159150,4.1,490,4,0,4,52315.18
Toyota,Corolla,sedan,gasoline,automatic,2026,14462,3.1,323,1,0,5,73343.53
Toyota,Camry,sedan,gasoline,automatic,2001,290159,3.2,176,7,1,1,2500.0
Chevrolet,Silverado,truck,hybrid,automatic,2008,235969,3.9,199,5,0,3,21013.69
Honda,CR-V,suv,hybrid,automatic,2021,82501,1.8,177,2,0,3,47871.97
Chevrolet,Malibu,sedan,gasoline,automatic,2009,231380,3.5,174,5,0,2,3891.68
BMW,5 Series,sedan,gasoline,manual,2003,365922,5.0,345,4,1,1,5070.08
Toyota,RAV4,suv,gasoline,automatic,2015,114589,1.7,192,3,0,4,37446.06
Ford,Escape,suv,gasoline,automatic,2022,62506,4.6,146,3,0,5,58020.23
Honda,Civic,sedan,gasoline,manual,2017,109688,3.0,131,2,0,4,42951.93
Hyundai,Elantra,sedan,diesel,automatic,2012,218636,5.2,173,5,0,2,14517.39
Hyundai,Tucson,suv,gasoline,automatic,2007,260843,4.2,151,4,0,1,5278.46
Tesla,Model S,sedan,electric,automatic,2008,159082,0.0,439,5,1,1,41588.29
Ford,Mustang,coupe,hybrid,automatic,2001,247128,1.8,287,6,1,1,2500.0
Hyundai,Elantra,sedan,gasoline,automatic,2016,106912,4.7,208,1,1,4,43733.6
Tesla,Model S,sedan,electric,automatic,2011,174897,0.0,464,5,0,3,61179.55
Toyota,RAV4,suv,gasoline,automatic,2002,124972,1.4,212,6,0,3,20056.81
Toyota,Corolla,sedan,gasoline,manual,2024,23149,1.9,319,1,0,5,65054.13
Tesla,Model 3,sedan,electric,manual,2015,91412,0.0,345,3,0,4,67785.67
Ford,Mustang,coupe,gasoline,manual,2023,24581,3.1,294,1,0,5,66484.76
Tesla,Model S,sedan,electric,automatic,2010,335072,0.0,402,3,0,2,33302.73
Tesla,Model S,sedan,electric,automatic,2004,237132,0.0,410,4,1,2,32190.52
Toyota,Camry,sedan,gasoline,automatic,2002,431914,4.1,135,6,1,1,2500.0
Honda,Civic,sedan,gasoline,automatic,2002,306334,3.9,317,6,0,2,2500.0
Ford,F-150,truck,gasoline,automatic,2015,91593,2.5,209,4,0,3,38608.87
Chevrolet,Equinox,suv,gasoline,automatic,2013,190782,3.6,196,4,0,2,21506.12
Hyundai,Sonata,sedan,gasoline,automatic,2009,124762,3.7,125,5,0,2,14780.88
Toyota,RAV4,suv,gasoline,automatic,2021,55058,2.8,217,3,0,4,51778.3
BMW,3 Series,sedan,gasoline,automatic,2020,99004,3.8,460,3,0,5,72296.91
Mercedes,C-Class,sedan,diesel,automatic,2013,98772,4.1,482,5,0,3,70405.15
Mercedes,GLC,suv,gasoline,automatic,2019,41806,2.8,275,3,0,5,76240.43
Toyota,Camry,sedan,gasoline,automatic,2012,54026,3.0,282,4,0,4,38356.13
Chevrolet,Malibu,sedan,hybrid,automatic,2018,94900,2.1,206,2,0,5,44274.04
Hyundai,Elantra,sedan,hybrid,automatic,2004,88793,3.4,260,5,0,3,30064.06
Hyundai,Elantra,sedan,gasoline,automatic,2016,118589,5.5,173,2,0,3,39411.22
Hyundai,Sonata,sedan,gasoline,automatic,2008,262121,2.8,178,4,0,2,2528.61
BMW,5 Series,sedan,gasoline,automatic,2022,62857,3.0,326,2,0,4,69689.59
Tesla,Model S,sedan,electric,automatic,2009,295309,0.0,432,4,0,2,39712.84
Tesla,Model 3,sedan,electric,automatic,2023,42252,0.0,436,1,0,5,88226.77
Honda,Civic,sedan,gasoline,automatic,2010,186925,5.4,315,5,0,3,22456.53
Chevrolet,Equinox,suv,gasoline,automatic,2008,109091,2.8,256,4,0,3,34700.37
Ford,F-150,truck,diesel,automatic,2024,27402,5.3,317,1,0,5,77970.15
Chevrolet,Malibu,sedan,gasoline,automatic,2005,294184,4.1,172,5,1,1,2500.0
BMW,5 Series,sedan,gasoline,automatic,2014,29284,3.1,428,4,0,4,68951.77
Hyundai,Sonata,sedan,gasoline,automatic,2022,24229,2.0,282,1,0,5,53384.57
Mercedes,GLC,suv,gasoline,automatic,2012,82903,3.7,448,5,0,4,62095.17
BMW,X5,suv,hybrid,automatic,2000,520177,3.5,491,7,0,1,2500.0
Honda,Civic,sedan,hybrid,automatic,2007,318829,3.5,257,5,1,1,2500.0
Toyota,RAV4,suv,gasoline,automatic,2003,202836,4.3,323,7,0,2,14405.62
Chevrolet,Malibu,sedan,gasoline,automatic,2009,165852,2.1,231,4,1,3,15763.14
